Copyright 1986-2022 Xilinx, Inc. All Rights Reserved. Copyright 2022-2025 Advanced Micro Devices, Inc. All Rights Reserved.
------------------------------------------------------------------------------------------------------------------------------------------------------------------------------------------------------------------------------------
| Tool Version : Vivado v.2025.2 (win64) Build 6299465 Fri Nov 14 19:35:11 GMT 2025
| Date         : Thu May  7 23:47:55 2026
| Host         : Curse-Legion running 64-bit major release  (build 9200)
| Command      : report_timing_summary -max_paths 10 -routable_nets -report_unconstrained -file pong_top_timing_summary_routed.rpt -pb pong_top_timing_summary_routed.pb -rpx pong_top_timing_summary_routed.rpx -warn_on_violation
| Design       : pong_top
| Device       : 7a100t-csg324
| Speed File   : -1  PRODUCTION 1.23 2018-06-13
| Design State : Routed
------------------------------------------------------------------------------------------------------------------------------------------------------------------------------------------------------------------------------------

Timing Summary Report

------------------------------------------------------------------------------------------------
| Timer Settings
| --------------
------------------------------------------------------------------------------------------------

  Enable Multi Corner Analysis               :  Yes
  Enable Pessimism Removal                   :  Yes
  Pessimism Removal Resolution               :  Nearest Common Node
  Enable Input Delay Default Clock           :  No
  Enable Preset / Clear Arcs                 :  No
  Disable Flight Delays                      :  No
  Ignore I/O Paths                           :  No
  Timing Early Launch at Borrowing Latches   :  No
  Borrow Time for Max Delay Exceptions       :  Yes
  Merge Timing Exceptions                    :  Yes
  Inter-SLR Compensation                     :  Conservative

  Corner  Analyze    Analyze    
  Name    Max Paths  Min Paths  
  ------  ---------  ---------  
  Slow    Yes        Yes        
  Fast    Yes        Yes        


------------------------------------------------------------------------------------------------
| Report Methodology
| ------------------
------------------------------------------------------------------------------------------------

No report available as report_methodology has not been run prior. Run report_methodology on the current design for the summary of methodology violations.



check_timing report

Table of Contents
-----------------
1. checking no_clock (0)
2. checking constant_clock (0)
3. checking pulse_width_clock (0)
4. checking unconstrained_internal_endpoints (0)
5. checking no_input_delay (7)
6. checking no_output_delay (22)
7. checking multiple_clock (0)
8. checking generated_clocks (0)
9. checking loops (0)
10. checking partial_input_delay (0)
11. checking partial_output_delay (0)
12. checking latch_loops (0)

1. checking no_clock (0)
------------------------
 There are 0 register/latch pins with no clock.


2. checking constant_clock (0)
------------------------------
 There are 0 register/latch pins with constant_clock.


3. checking pulse_width_clock (0)
---------------------------------
 There are 0 register/latch pins which need pulse_width check


4. checking unconstrained_internal_endpoints (0)
------------------------------------------------
 There are 0 pins that are not constrained for maximum delay.

 There are 0 pins that are not constrained for maximum delay due to constant clock.


5. checking no_input_delay (7)
------------------------------
 There are 0 input ports with no input delay specified.

 There are 7 input ports with no input delay but user has a false path constraint. (MEDIUM)


6. checking no_output_delay (22)
--------------------------------
 There are 0 ports with no output delay specified.

 There are 22 ports with no output delay but user has a false path constraint (MEDIUM)

 There are 0 ports with no output delay but with a timing clock defined on it or propagating through it


7. checking multiple_clock (0)
------------------------------
 There are 0 register/latch pins with multiple clocks.


8. checking generated_clocks (0)
--------------------------------
 There are 0 generated clocks that are not connected to a clock source.


9. checking loops (0)
---------------------
 There are 0 combinational loops in the design.


10. checking partial_input_delay (0)
------------------------------------
 There are 0 input ports with partial input delay specified.


11. checking partial_output_delay (0)
-------------------------------------
 There are 0 ports with partial output delay specified.


12. checking latch_loops (0)
----------------------------
 There are 0 combinational latch loops in the design through latch input



------------------------------------------------------------------------------------------------
| Design Timing Summary
| ---------------------
------------------------------------------------------------------------------------------------

    WNS(ns)      TNS(ns)  TNS Failing Endpoints  TNS Total Endpoints      WHS(ns)      THS(ns)  THS Failing Endpoints  THS Total Endpoints     WPWS(ns)     TPWS(ns)  TPWS Failing Endpoints  TPWS Total Endpoints  
    -------      -------  ---------------------  -------------------      -------      -------  ---------------------  -------------------     --------     --------  ----------------------  --------------------  
      1.838        0.000                      0                  987        0.068        0.000                      0                  987        4.500        0.000                       0                   488  


All user specified timing constraints are met.


------------------------------------------------------------------------------------------------
| Clock Summary
| -------------
------------------------------------------------------------------------------------------------

Clock        Waveform(ns)       Period(ns)      Frequency(MHz)
-----        ------------       ----------      --------------
sys_clk_pin  {0.000 5.000}      10.000          100.000         


------------------------------------------------------------------------------------------------
| Intra Clock Table
| -----------------
------------------------------------------------------------------------------------------------

Clock             WNS(ns)      TNS(ns)  TNS Failing Endpoints  TNS Total Endpoints      WHS(ns)      THS(ns)  THS Failing Endpoints  THS Total Endpoints     WPWS(ns)     TPWS(ns)  TPWS Failing Endpoints  TPWS Total Endpoints  
-----             -------      -------  ---------------------  -------------------      -------      -------  ---------------------  -------------------     --------     --------  ----------------------  --------------------  
sys_clk_pin         1.838        0.000                      0                  987        0.068        0.000                      0                  987        4.500        0.000                       0                   488  


------------------------------------------------------------------------------------------------
| Inter Clock Table
| -----------------
------------------------------------------------------------------------------------------------

From Clock    To Clock          WNS(ns)      TNS(ns)  TNS Failing Endpoints  TNS Total Endpoints      WHS(ns)      THS(ns)  THS Failing Endpoints  THS Total Endpoints  
----------    --------          -------      -------  ---------------------  -------------------      -------      -------  ---------------------  -------------------  


------------------------------------------------------------------------------------------------
| Other Path Groups Table
| -----------------------
------------------------------------------------------------------------------------------------

Path Group    From Clock    To Clock          WNS(ns)      TNS(ns)  TNS Failing Endpoints  TNS Total Endpoints      WHS(ns)      THS(ns)  THS Failing Endpoints  THS Total Endpoints  
----------    ----------    --------          -------      -------  ---------------------  -------------------      -------      -------  ---------------------  -------------------  


------------------------------------------------------------------------------------------------
| User Ignored Path Table
| -----------------------
------------------------------------------------------------------------------------------------

Path Group    From Clock    To Clock    
----------    ----------    --------    
(none)        sys_clk_pin                 
(none)                      sys_clk_pin   


------------------------------------------------------------------------------------------------
| Unconstrained Path Table
| ------------------------
------------------------------------------------------------------------------------------------

Path Group    From Clock    To Clock    
----------    ----------    --------    


------------------------------------------------------------------------------------------------
| Timing Details
| --------------
------------------------------------------------------------------------------------------------


---------------------------------------------------------------------------------------------------
From Clock:  sys_clk_pin
  To Clock:  sys_clk_pin

Setup :            0  Failing Endpoints,  Worst Slack        1.838ns,  Total Violation        0.000ns
Hold  :            0  Failing Endpoints,  Worst Slack        0.068ns,  Total Violation        0.000ns
PW    :            0  Failing Endpoints,  Worst Slack        4.500ns,  Total Violation        0.000ns
---------------------------------------------------------------------------------------------------


Max Delay Paths
--------------------------------------------------------------------------------------
Slack (MET) :             1.838ns  (required time - arrival time)
  Source:                 u_modification_module/r_Paddle_size_reg[0]/C
                            (rising edge-triggered cell FDRE clocked by sys_clk_pin  {rise@0.000ns fall@5.000ns period=10.000ns})
  Destination:            u_game_module/game_render_inst/o_uart_buffer_reg[56]/D
                            (rising edge-triggered cell FDRE clocked by sys_clk_pin  {rise@0.000ns fall@5.000ns period=10.000ns})
  Path Group:             sys_clk_pin
  Path Type:              Setup (Max at Slow Process Corner)
  Requirement:            10.000ns  (sys_clk_pin rise@10.000ns - sys_clk_pin rise@0.000ns)
  Data Path Delay:        8.161ns  (logic 2.194ns (26.883%)  route 5.967ns (73.117%))
  Logic Levels:           8  (LUT3=2 LUT5=2 LUT6=4)
  Clock Path Skew:        -0.046ns (DCD - SCD + CPR)
    Destination Clock Delay (DCD):    4.929ns = ( 14.929 - 10.000 ) 
    Source Clock Delay      (SCD):    5.234ns
    Clock Pessimism Removal (CPR):    0.259ns
  Clock Uncertainty:      0.035ns  ((TSJ^2 + TIJ^2)^1/2 + DJ) / 2 + PE
    Total System Jitter     (TSJ):    0.071ns
    Total Input Jitter      (TIJ):    0.000ns
    Discrete Jitter          (DJ):    0.000ns
    Phase Error              (PE):    0.000ns

    Location             Delay type                Incr(ns)  Path(ns)    Netlist Resource(s)
  -------------------------------------------------------------------    -------------------
                         (clock sys_clk_pin rise edge)
                                                      0.000     0.000 r  
    E3                                                0.000     0.000 r  CLK100MHZ (IN)
                         net (fo=0)                   0.000     0.000    CLK100MHZ
    E3                   IBUF (Prop_ibuf_I_O)         1.482     1.482 r  CLK100MHZ_IBUF_inst/O
                         net (fo=1, routed)           2.025     3.506    CLK100MHZ_IBUF
    BUFGCTRL_X0Y16       BUFG (Prop_bufg_I_O)         0.096     3.602 r  CLK100MHZ_IBUF_BUFG_inst/O
                         net (fo=487, routed)         1.632     5.234    u_modification_module/CLK100MHZ_IBUF_BUFG
    SLICE_X10Y101        FDRE                                         r  u_modification_module/r_Paddle_size_reg[0]/C
  -------------------------------------------------------------------    -------------------
    SLICE_X10Y101        FDRE (Prop_fdre_C_Q)         0.518     5.752 r  u_modification_module/r_Paddle_size_reg[0]/Q
                         net (fo=61, routed)          1.179     6.932    u_game_module/game_render_inst/w_Paddle_size[0]
    SLICE_X6Y102         LUT6 (Prop_lut6_I3_O)        0.124     7.056 r  u_game_module/game_render_inst/o_uart_buffer[58]_i_23/O
                         net (fo=3, routed)           0.863     7.918    u_game_module/game_render_inst/o_uart_buffer[58]_i_23_n_0
    SLICE_X6Y102         LUT3 (Prop_lut3_I0_O)        0.148     8.066 r  u_game_module/game_render_inst/o_uart_buffer[58]_i_13/O
                         net (fo=2, routed)           0.484     8.550    u_game_module/game_render_inst/o_uart_buffer[58]_i_13_n_0
    SLICE_X6Y102         LUT6 (Prop_lut6_I1_O)        0.328     8.878 r  u_game_module/game_render_inst/o_uart_buffer[58]_i_7/O
                         net (fo=3, routed)           0.974     9.852    u_game_module/game_render_inst/o_uart_buffer[58]_i_7_n_0
    SLICE_X6Y105         LUT3 (Prop_lut3_I0_O)        0.150    10.002 r  u_game_module/game_render_inst/o_uart_buffer[56]_i_19/O
                         net (fo=2, routed)           0.820    10.822    u_game_module/game_render_inst/o_uart_buffer[56]_i_19_n_0
    SLICE_X6Y106         LUT5 (Prop_lut5_I2_O)        0.350    11.172 f  u_game_module/game_render_inst/o_uart_buffer[56]_i_13/O
                         net (fo=4, routed)           0.502    11.675    u_game_module/game_render_inst/o_uart_buffer[56]_i_13_n_0
    SLICE_X7Y106         LUT6 (Prop_lut6_I4_O)        0.328    12.003 r  u_game_module/game_render_inst/o_uart_buffer[56]_i_7/O
                         net (fo=1, routed)           0.438    12.441    u_game_module/game_render_inst/o_uart_buffer[56]_i_7_n_0
    SLICE_X4Y108         LUT6 (Prop_lut6_I5_O)        0.124    12.565 f  u_game_module/game_render_inst/o_uart_buffer[56]_i_2/O
                         net (fo=1, routed)           0.707    13.271    u_game_module/game_render_inst/o_uart_buffer[56]_i_2_n_0
    SLICE_X12Y108        LUT5 (Prop_lut5_I0_O)        0.124    13.395 r  u_game_module/game_render_inst/o_uart_buffer[56]_i_1/O
                         net (fo=1, routed)           0.000    13.395    u_game_module/game_render_inst/o_uart_buffer[56]_i_1_n_0
    SLICE_X12Y108        FDRE                                         r  u_game_module/game_render_inst/o_uart_buffer_reg[56]/D
  -------------------------------------------------------------------    -------------------

                         (clock sys_clk_pin rise edge)
                                                     10.000    10.000 r  
    E3                                                0.000    10.000 r  CLK100MHZ (IN)
                         net (fo=0)                   0.000    10.000    CLK100MHZ
    E3                   IBUF (Prop_ibuf_I_O)         1.411    11.411 r  CLK100MHZ_IBUF_inst/O
                         net (fo=1, routed)           1.920    13.331    CLK100MHZ_IBUF
    BUFGCTRL_X0Y16       BUFG (Prop_bufg_I_O)         0.091    13.422 r  CLK100MHZ_IBUF_BUFG_inst/O
                         net (fo=487, routed)         1.507    14.929    u_game_module/game_render_inst/CLK100MHZ_IBUF_BUFG
    SLICE_X12Y108        FDRE                                         r  u_game_module/game_render_inst/o_uart_buffer_reg[56]/C
                         clock pessimism              0.259    15.188    
                         clock uncertainty           -0.035    15.153    
    SLICE_X12Y108        FDRE (Setup_fdre_C_D)        0.081    15.234    u_game_module/game_render_inst/o_uart_buffer_reg[56]
  -------------------------------------------------------------------
                         required time                         15.234    
                         arrival time                         -13.395    
  -------------------------------------------------------------------
                         slack                                  1.838    

Slack (MET) :             2.111ns  (required time - arrival time)
  Source:                 u_modification_module/r_Paddle_size_reg[0]/C
                            (rising edge-triggered cell FDRE clocked by sys_clk_pin  {rise@0.000ns fall@5.000ns period=10.000ns})
  Destination:            u_game_module/game_render_inst/o_uart_buffer_reg[51]/D
                            (rising edge-triggered cell FDRE clocked by sys_clk_pin  {rise@0.000ns fall@5.000ns period=10.000ns})
  Path Group:             sys_clk_pin
  Path Type:              Setup (Max at Slow Process Corner)
  Requirement:            10.000ns  (sys_clk_pin rise@10.000ns - sys_clk_pin rise@0.000ns)
  Data Path Delay:        7.917ns  (logic 2.194ns (27.714%)  route 5.723ns (72.286%))
  Logic Levels:           8  (LUT3=2 LUT5=1 LUT6=5)
  Clock Path Skew:        0.032ns (DCD - SCD + CPR)
    Destination Clock Delay (DCD):    5.007ns = ( 15.007 - 10.000 ) 
    Source Clock Delay      (SCD):    5.234ns
    Clock Pessimism Removal (CPR):    0.259ns
  Clock Uncertainty:      0.035ns  ((TSJ^2 + TIJ^2)^1/2 + DJ) / 2 + PE
    Total System Jitter     (TSJ):    0.071ns
    Total Input Jitter      (TIJ):    0.000ns
    Discrete Jitter          (DJ):    0.000ns
    Phase Error              (PE):    0.000ns

    Location             Delay type                Incr(ns)  Path(ns)    Netlist Resource(s)
  -------------------------------------------------------------------    -------------------
                         (clock sys_clk_pin rise edge)
                                                      0.000     0.000 r  
    E3                                                0.000     0.000 r  CLK100MHZ (IN)
                         net (fo=0)                   0.000     0.000    CLK100MHZ
    E3                   IBUF (Prop_ibuf_I_O)         1.482     1.482 r  CLK100MHZ_IBUF_inst/O
                         net (fo=1, routed)           2.025     3.506    CLK100MHZ_IBUF
    BUFGCTRL_X0Y16       BUFG (Prop_bufg_I_O)         0.096     3.602 r  CLK100MHZ_IBUF_BUFG_inst/O
                         net (fo=487, routed)         1.632     5.234    u_modification_module/CLK100MHZ_IBUF_BUFG
    SLICE_X10Y101        FDRE                                         r  u_modification_module/r_Paddle_size_reg[0]/C
  -------------------------------------------------------------------    -------------------
    SLICE_X10Y101        FDRE (Prop_fdre_C_Q)         0.518     5.752 r  u_modification_module/r_Paddle_size_reg[0]/Q
                         net (fo=61, routed)          1.179     6.932    u_game_module/game_render_inst/w_Paddle_size[0]
    SLICE_X6Y102         LUT6 (Prop_lut6_I3_O)        0.124     7.056 r  u_game_module/game_render_inst/o_uart_buffer[58]_i_23/O
                         net (fo=3, routed)           0.863     7.918    u_game_module/game_render_inst/o_uart_buffer[58]_i_23_n_0
    SLICE_X6Y102         LUT3 (Prop_lut3_I0_O)        0.148     8.066 r  u_game_module/game_render_inst/o_uart_buffer[58]_i_13/O
                         net (fo=2, routed)           0.484     8.550    u_game_module/game_render_inst/o_uart_buffer[58]_i_13_n_0
    SLICE_X6Y102         LUT6 (Prop_lut6_I1_O)        0.328     8.878 r  u_game_module/game_render_inst/o_uart_buffer[58]_i_7/O
                         net (fo=3, routed)           0.974     9.852    u_game_module/game_render_inst/o_uart_buffer[58]_i_7_n_0
    SLICE_X6Y105         LUT3 (Prop_lut3_I0_O)        0.150    10.002 f  u_game_module/game_render_inst/o_uart_buffer[56]_i_19/O
                         net (fo=2, routed)           0.820    10.822    u_game_module/game_render_inst/o_uart_buffer[56]_i_19_n_0
    SLICE_X6Y106         LUT5 (Prop_lut5_I2_O)        0.350    11.172 r  u_game_module/game_render_inst/o_uart_buffer[56]_i_13/O
                         net (fo=4, routed)           0.485    11.657    u_game_module/game_render_inst/o_uart_buffer[56]_i_13_n_0
    SLICE_X6Y106         LUT6 (Prop_lut6_I0_O)        0.328    11.985 f  u_game_module/game_render_inst/o_uart_buffer[51]_i_20/O
                         net (fo=1, routed)           0.313    12.298    u_game_module/game_render_inst/o_uart_buffer[51]_i_20_n_0
    SLICE_X6Y107         LUT6 (Prop_lut6_I4_O)        0.124    12.422 r  u_game_module/game_render_inst/o_uart_buffer[51]_i_5/O
                         net (fo=1, routed)           0.605    13.027    u_game_module/game_render_inst/o_uart_buffer[51]_i_5_n_0
    SLICE_X5Y109         LUT6 (Prop_lut6_I3_O)        0.124    13.151 r  u_game_module/game_render_inst/o_uart_buffer[51]_i_1/O
                         net (fo=1, routed)           0.000    13.151    u_game_module/game_render_inst/o_uart_buffer[51]_i_1_n_0
    SLICE_X5Y109         FDRE                                         r  u_game_module/game_render_inst/o_uart_buffer_reg[51]/D
  -------------------------------------------------------------------    -------------------

                         (clock sys_clk_pin rise edge)
                                                     10.000    10.000 r  
    E3                                                0.000    10.000 r  CLK100MHZ (IN)
                         net (fo=0)                   0.000    10.000    CLK100MHZ
    E3                   IBUF (Prop_ibuf_I_O)         1.411    11.411 r  CLK100MHZ_IBUF_inst/O
                         net (fo=1, routed)           1.920    13.331    CLK100MHZ_IBUF
    BUFGCTRL_X0Y16       BUFG (Prop_bufg_I_O)         0.091    13.422 r  CLK100MHZ_IBUF_BUFG_inst/O
                         net (fo=487, routed)         1.585    15.007    u_game_module/game_render_inst/CLK100MHZ_IBUF_BUFG
    SLICE_X5Y109         FDRE                                         r  u_game_module/game_render_inst/o_uart_buffer_reg[51]/C
                         clock pessimism              0.259    15.266    
                         clock uncertainty           -0.035    15.231    
    SLICE_X5Y109         FDRE (Setup_fdre_C_D)        0.031    15.262    u_game_module/game_render_inst/o_uart_buffer_reg[51]
  -------------------------------------------------------------------
                         required time                         15.262    
                         arrival time                         -13.151    
  -------------------------------------------------------------------
                         slack                                  2.111    

Slack (MET) :             2.173ns  (required time - arrival time)
  Source:                 u_modification_module/r_Paddle_size_reg[0]/C
                            (rising edge-triggered cell FDRE clocked by sys_clk_pin  {rise@0.000ns fall@5.000ns period=10.000ns})
  Destination:            u_game_module/game_render_inst/o_uart_buffer_reg[49]/D
                            (rising edge-triggered cell FDRE clocked by sys_clk_pin  {rise@0.000ns fall@5.000ns period=10.000ns})
  Path Group:             sys_clk_pin
  Path Type:              Setup (Max at Slow Process Corner)
  Requirement:            10.000ns  (sys_clk_pin rise@10.000ns - sys_clk_pin rise@0.000ns)
  Data Path Delay:        7.853ns  (logic 2.194ns (27.939%)  route 5.659ns (72.061%))
  Logic Levels:           8  (LUT3=2 LUT5=1 LUT6=5)
  Clock Path Skew:        0.032ns (DCD - SCD + CPR)
    Destination Clock Delay (DCD):    5.007ns = ( 15.007 - 10.000 ) 
    Source Clock Delay      (SCD):    5.234ns
    Clock Pessimism Removal (CPR):    0.259ns
  Clock Uncertainty:      0.035ns  ((TSJ^2 + TIJ^2)^1/2 + DJ) / 2 + PE
    Total System Jitter     (TSJ):    0.071ns
    Total Input Jitter      (TIJ):    0.000ns
    Discrete Jitter          (DJ):    0.000ns
    Phase Error              (PE):    0.000ns

    Location             Delay type                Incr(ns)  Path(ns)    Netlist Resource(s)
  -------------------------------------------------------------------    -------------------
                         (clock sys_clk_pin rise edge)
                                                      0.000     0.000 r  
    E3                                                0.000     0.000 r  CLK100MHZ (IN)
                         net (fo=0)                   0.000     0.000    CLK100MHZ
    E3                   IBUF (Prop_ibuf_I_O)         1.482     1.482 r  CLK100MHZ_IBUF_inst/O
                         net (fo=1, routed)           2.025     3.506    CLK100MHZ_IBUF
    BUFGCTRL_X0Y16       BUFG (Prop_bufg_I_O)         0.096     3.602 r  CLK100MHZ_IBUF_BUFG_inst/O
                         net (fo=487, routed)         1.632     5.234    u_modification_module/CLK100MHZ_IBUF_BUFG
    SLICE_X10Y101        FDRE                                         r  u_modification_module/r_Paddle_size_reg[0]/C
  -------------------------------------------------------------------    -------------------
    SLICE_X10Y101        FDRE (Prop_fdre_C_Q)         0.518     5.752 r  u_modification_module/r_Paddle_size_reg[0]/Q
                         net (fo=61, routed)          1.179     6.932    u_game_module/game_render_inst/w_Paddle_size[0]
    SLICE_X6Y102         LUT6 (Prop_lut6_I3_O)        0.124     7.056 r  u_game_module/game_render_inst/o_uart_buffer[58]_i_23/O
                         net (fo=3, routed)           0.863     7.918    u_game_module/game_render_inst/o_uart_buffer[58]_i_23_n_0
    SLICE_X6Y102         LUT3 (Prop_lut3_I0_O)        0.148     8.066 r  u_game_module/game_render_inst/o_uart_buffer[58]_i_13/O
                         net (fo=2, routed)           0.484     8.550    u_game_module/game_render_inst/o_uart_buffer[58]_i_13_n_0
    SLICE_X6Y102         LUT6 (Prop_lut6_I1_O)        0.328     8.878 r  u_game_module/game_render_inst/o_uart_buffer[58]_i_7/O
                         net (fo=3, routed)           0.974     9.852    u_game_module/game_render_inst/o_uart_buffer[58]_i_7_n_0
    SLICE_X6Y105         LUT3 (Prop_lut3_I0_O)        0.150    10.002 f  u_game_module/game_render_inst/o_uart_buffer[56]_i_19/O
                         net (fo=2, routed)           0.820    10.822    u_game_module/game_render_inst/o_uart_buffer[56]_i_19_n_0
    SLICE_X6Y106         LUT5 (Prop_lut5_I2_O)        0.350    11.172 r  u_game_module/game_render_inst/o_uart_buffer[56]_i_13/O
                         net (fo=4, routed)           0.338    11.510    u_game_module/game_render_inst/o_uart_buffer[56]_i_13_n_0
    SLICE_X7Y107         LUT6 (Prop_lut6_I2_O)        0.328    11.838 r  u_game_module/game_render_inst/o_uart_buffer[49]_i_13/O
                         net (fo=1, routed)           0.433    12.271    u_game_module/game_render_inst/o_uart_buffer[49]_i_13_n_0
    SLICE_X7Y107         LUT6 (Prop_lut6_I4_O)        0.124    12.395 r  u_game_module/game_render_inst/o_uart_buffer[49]_i_4/O
                         net (fo=1, routed)           0.568    12.963    u_game_module/game_render_inst/o_uart_buffer[49]_i_4_n_0
    SLICE_X5Y109         LUT6 (Prop_lut6_I2_O)        0.124    13.087 r  u_game_module/game_render_inst/o_uart_buffer[49]_i_1/O
                         net (fo=1, routed)           0.000    13.087    u_game_module/game_render_inst/o_uart_buffer[49]_i_1_n_0
    SLICE_X5Y109         FDRE                                         r  u_game_module/game_render_inst/o_uart_buffer_reg[49]/D
  -------------------------------------------------------------------    -------------------

                         (clock sys_clk_pin rise edge)
                                                     10.000    10.000 r  
    E3                                                0.000    10.000 r  CLK100MHZ (IN)
                         net (fo=0)                   0.000    10.000    CLK100MHZ
    E3                   IBUF (Prop_ibuf_I_O)         1.411    11.411 r  CLK100MHZ_IBUF_inst/O
                         net (fo=1, routed)           1.920    13.331    CLK100MHZ_IBUF
    BUFGCTRL_X0Y16       BUFG (Prop_bufg_I_O)         0.091    13.422 r  CLK100MHZ_IBUF_BUFG_inst/O
                         net (fo=487, routed)         1.585    15.007    u_game_module/game_render_inst/CLK100MHZ_IBUF_BUFG
    SLICE_X5Y109         FDRE                                         r  u_game_module/game_render_inst/o_uart_buffer_reg[49]/C
                         clock pessimism              0.259    15.266    
                         clock uncertainty           -0.035    15.231    
    SLICE_X5Y109         FDRE (Setup_fdre_C_D)        0.029    15.260    u_game_module/game_render_inst/o_uart_buffer_reg[49]
  -------------------------------------------------------------------
                         required time                         15.260    
                         arrival time                         -13.087    
  -------------------------------------------------------------------
                         slack                                  2.173    

Slack (MET) :             2.554ns  (required time - arrival time)
  Source:                 u_game_module/game_mechanics_inst/r_ball_rate_reg[1]/C
                            (rising edge-triggered cell FDRE clocked by sys_clk_pin  {rise@0.000ns fall@5.000ns period=10.000ns})
  Destination:            u_game_module/game_mechanics_inst/r_ball_pos_x_reg[2]/CE
                            (rising edge-triggered cell FDSE clocked by sys_clk_pin  {rise@0.000ns fall@5.000ns period=10.000ns})
  Path Group:             sys_clk_pin
  Path Type:              Setup (Max at Slow Process Corner)
  Requirement:            10.000ns  (sys_clk_pin rise@10.000ns - sys_clk_pin rise@0.000ns)
  Data Path Delay:        7.069ns  (logic 3.208ns (45.379%)  route 3.861ns (54.621%))
  Logic Levels:           12  (CARRY4=7 LUT1=1 LUT4=1 LUT5=1 LUT6=2)
  Clock Path Skew:        -0.137ns (DCD - SCD + CPR)
    Destination Clock Delay (DCD):    4.933ns = ( 14.933 - 10.000 ) 
    Source Clock Delay      (SCD):    5.250ns
    Clock Pessimism Removal (CPR):    0.180ns
  Clock Uncertainty:      0.035ns  ((TSJ^2 + TIJ^2)^1/2 + DJ) / 2 + PE
    Total System Jitter     (TSJ):    0.071ns
    Total Input Jitter      (TIJ):    0.000ns
    Discrete Jitter          (DJ):    0.000ns
    Phase Error              (PE):    0.000ns

    Location             Delay type                Incr(ns)  Path(ns)    Netlist Resource(s)
  -------------------------------------------------------------------    -------------------
                         (clock sys_clk_pin rise edge)
                                                      0.000     0.000 r  
    E3                                                0.000     0.000 r  CLK100MHZ (IN)
                         net (fo=0)                   0.000     0.000    CLK100MHZ
    E3                   IBUF (Prop_ibuf_I_O)         1.482     1.482 r  CLK100MHZ_IBUF_inst/O
                         net (fo=1, routed)           2.025     3.506    CLK100MHZ_IBUF
    BUFGCTRL_X0Y16       BUFG (Prop_bufg_I_O)         0.096     3.602 r  CLK100MHZ_IBUF_BUFG_inst/O
                         net (fo=487, routed)         1.647     5.250    u_game_module/game_mechanics_inst/CLK100MHZ_IBUF_BUFG
    SLICE_X11Y93         FDRE                                         r  u_game_module/game_mechanics_inst/r_ball_rate_reg[1]/C
  -------------------------------------------------------------------    -------------------
    SLICE_X11Y93         FDRE (Prop_fdre_C_Q)         0.419     5.669 f  u_game_module/game_mechanics_inst/r_ball_rate_reg[1]/Q
                         net (fo=4, routed)           0.445     6.113    u_game_module/game_mechanics_inst/r_ball_rate_reg_n_0_[1]
    SLICE_X10Y93         LUT1 (Prop_lut1_I0_O)        0.299     6.412 r  u_game_module/game_mechanics_inst/r_ball_count2_carry_i_4/O
                         net (fo=1, routed)           0.000     6.412    u_game_module/game_mechanics_inst/r_ball_count2_carry_i_4_n_0
    SLICE_X10Y93         CARRY4 (Prop_carry4_S[0]_CO[3])
                                                      0.513     6.925 r  u_game_module/game_mechanics_inst/r_ball_count2_carry/CO[3]
                         net (fo=1, routed)           0.000     6.925    u_game_module/game_mechanics_inst/r_ball_count2_carry_n_0
    SLICE_X10Y94         CARRY4 (Prop_carry4_CI_CO[3])
                                                      0.117     7.042 r  u_game_module/game_mechanics_inst/r_ball_count2_carry__0/CO[3]
                         net (fo=1, routed)           0.000     7.042    u_game_module/game_mechanics_inst/r_ball_count2_carry__0_n_0
    SLICE_X10Y95         CARRY4 (Prop_carry4_CI_CO[3])
                                                      0.117     7.159 r  u_game_module/game_mechanics_inst/r_ball_count2_carry__1/CO[3]
                         net (fo=1, routed)           0.000     7.159    u_game_module/game_mechanics_inst/r_ball_count2_carry__1_n_0
    SLICE_X10Y96         CARRY4 (Prop_carry4_CI_CO[3])
                                                      0.117     7.276 r  u_game_module/game_mechanics_inst/r_ball_count2_carry__2/CO[3]
                         net (fo=1, routed)           0.000     7.276    u_game_module/game_mechanics_inst/r_ball_count2_carry__2_n_0
    SLICE_X10Y97         CARRY4 (Prop_carry4_CI_CO[3])
                                                      0.117     7.393 r  u_game_module/game_mechanics_inst/r_ball_count2_carry__3/CO[3]
                         net (fo=1, routed)           0.000     7.393    u_game_module/game_mechanics_inst/r_ball_count2_carry__3_n_0
    SLICE_X10Y98         CARRY4 (Prop_carry4_CI_O[2])
                                                      0.239     7.632 r  u_game_module/game_mechanics_inst/r_ball_count2_carry__4/O[2]
                         net (fo=2, routed)           0.819     8.451    u_game_module/game_mechanics_inst/r_ball_count2[23]
    SLICE_X11Y96         LUT4 (Prop_lut4_I0_O)        0.301     8.752 r  u_game_module/game_mechanics_inst/r_ball_count1_carry__1_i_5/O
                         net (fo=1, routed)           0.000     8.752    u_game_module/game_mechanics_inst/r_ball_count1_carry__1_i_5_n_0
    SLICE_X11Y96         CARRY4 (Prop_carry4_S[3]_CO[3])
                                                      0.401     9.153 r  u_game_module/game_mechanics_inst/r_ball_count1_carry__1/CO[3]
                         net (fo=8, routed)           1.050    10.204    u_game_module/game_mechanics_inst/r_ball_count1_carry__1_n_0
    SLICE_X12Y99         LUT5 (Prop_lut5_I2_O)        0.116    10.320 r  u_game_module/game_mechanics_inst/r_ball_pos_x[6]_i_5/O
                         net (fo=7, routed)           0.733    11.053    u_game_module/game_mechanics_inst/r_ball_pos_x[6]_i_5_n_0
    SLICE_X10Y103        LUT6 (Prop_lut6_I0_O)        0.328    11.381 r  u_game_module/game_mechanics_inst/r_ball_pos_x[7]_i_3/O
                         net (fo=1, routed)           0.282    11.663    u_game_module/game_mechanics_inst/r_ball_pos_x[7]_i_3_n_0
    SLICE_X10Y103        LUT6 (Prop_lut6_I5_O)        0.124    11.787 r  u_game_module/game_mechanics_inst/r_ball_pos_x[7]_i_1/O
                         net (fo=8, routed)           0.532    12.319    u_game_module/game_mechanics_inst/r_ball_pos_x[0]
    SLICE_X11Y104        FDSE                                         r  u_game_module/game_mechanics_inst/r_ball_pos_x_reg[2]/CE
  -------------------------------------------------------------------    -------------------

                         (clock sys_clk_pin rise edge)
                                                     10.000    10.000 r  
    E3                                                0.000    10.000 r  CLK100MHZ (IN)
                         net (fo=0)                   0.000    10.000    CLK100MHZ
    E3                   IBUF (Prop_ibuf_I_O)         1.411    11.411 r  CLK100MHZ_IBUF_inst/O
                         net (fo=1, routed)           1.920    13.331    CLK100MHZ_IBUF
    BUFGCTRL_X0Y16       BUFG (Prop_bufg_I_O)         0.091    13.422 r  CLK100MHZ_IBUF_BUFG_inst/O
                         net (fo=487, routed)         1.511    14.933    u_game_module/game_mechanics_inst/CLK100MHZ_IBUF_BUFG
    SLICE_X11Y104        FDSE                                         r  u_game_module/game_mechanics_inst/r_ball_pos_x_reg[2]/C
                         clock pessimism              0.180    15.113    
                         clock uncertainty           -0.035    15.078    
    SLICE_X11Y104        FDSE (Setup_fdse_C_CE)      -0.205    14.873    u_game_module/game_mechanics_inst/r_ball_pos_x_reg[2]
  -------------------------------------------------------------------
                         required time                         14.873    
                         arrival time                         -12.319    
  -------------------------------------------------------------------
                         slack                                  2.554    

Slack (MET) :             2.554ns  (required time - arrival time)
  Source:                 u_game_module/game_mechanics_inst/r_ball_rate_reg[1]/C
                            (rising edge-triggered cell FDRE clocked by sys_clk_pin  {rise@0.000ns fall@5.000ns period=10.000ns})
  Destination:            u_game_module/game_mechanics_inst/r_ball_pos_x_reg[3]/CE
                            (rising edge-triggered cell FDRE clocked by sys_clk_pin  {rise@0.000ns fall@5.000ns period=10.000ns})
  Path Group:             sys_clk_pin
  Path Type:              Setup (Max at Slow Process Corner)
  Requirement:            10.000ns  (sys_clk_pin rise@10.000ns - sys_clk_pin rise@0.000ns)
  Data Path Delay:        7.069ns  (logic 3.208ns (45.379%)  route 3.861ns (54.621%))
  Logic Levels:           12  (CARRY4=7 LUT1=1 LUT4=1 LUT5=1 LUT6=2)
  Clock Path Skew:        -0.137ns (DCD - SCD + CPR)
    Destination Clock Delay (DCD):    4.933ns = ( 14.933 - 10.000 ) 
    Source Clock Delay      (SCD):    5.250ns
    Clock Pessimism Removal (CPR):    0.180ns
  Clock Uncertainty:      0.035ns  ((TSJ^2 + TIJ^2)^1/2 + DJ) / 2 + PE
    Total System Jitter     (TSJ):    0.071ns
    Total Input Jitter      (TIJ):    0.000ns
    Discrete Jitter          (DJ):    0.000ns
    Phase Error              (PE):    0.000ns

    Location             Delay type                Incr(ns)  Path(ns)    Netlist Resource(s)
  -------------------------------------------------------------------    -------------------
                         (clock sys_clk_pin rise edge)
                                                      0.000     0.000 r  
    E3                                                0.000     0.000 r  CLK100MHZ (IN)
                         net (fo=0)                   0.000     0.000    CLK100MHZ
    E3                   IBUF (Prop_ibuf_I_O)         1.482     1.482 r  CLK100MHZ_IBUF_inst/O
                         net (fo=1, routed)           2.025     3.506    CLK100MHZ_IBUF
    BUFGCTRL_X0Y16       BUFG (Prop_bufg_I_O)         0.096     3.602 r  CLK100MHZ_IBUF_BUFG_inst/O
                         net (fo=487, routed)         1.647     5.250    u_game_module/game_mechanics_inst/CLK100MHZ_IBUF_BUFG
    SLICE_X11Y93         FDRE                                         r  u_game_module/game_mechanics_inst/r_ball_rate_reg[1]/C
  -------------------------------------------------------------------    -------------------
    SLICE_X11Y93         FDRE (Prop_fdre_C_Q)         0.419     5.669 f  u_game_module/game_mechanics_inst/r_ball_rate_reg[1]/Q
                         net (fo=4, routed)           0.445     6.113    u_game_module/game_mechanics_inst/r_ball_rate_reg_n_0_[1]
    SLICE_X10Y93         LUT1 (Prop_lut1_I0_O)        0.299     6.412 r  u_game_module/game_mechanics_inst/r_ball_count2_carry_i_4/O
                         net (fo=1, routed)           0.000     6.412    u_game_module/game_mechanics_inst/r_ball_count2_carry_i_4_n_0
    SLICE_X10Y93         CARRY4 (Prop_carry4_S[0]_CO[3])
                                                      0.513     6.925 r  u_game_module/game_mechanics_inst/r_ball_count2_carry/CO[3]
                         net (fo=1, routed)           0.000     6.925    u_game_module/game_mechanics_inst/r_ball_count2_carry_n_0
    SLICE_X10Y94         CARRY4 (Prop_carry4_CI_CO[3])
                                                      0.117     7.042 r  u_game_module/game_mechanics_inst/r_ball_count2_carry__0/CO[3]
                         net (fo=1, routed)           0.000     7.042    u_game_module/game_mechanics_inst/r_ball_count2_carry__0_n_0
    SLICE_X10Y95         CARRY4 (Prop_carry4_CI_CO[3])
                                                      0.117     7.159 r  u_game_module/game_mechanics_inst/r_ball_count2_carry__1/CO[3]
                         net (fo=1, routed)           0.000     7.159    u_game_module/game_mechanics_inst/r_ball_count2_carry__1_n_0
    SLICE_X10Y96         CARRY4 (Prop_carry4_CI_CO[3])
                                                      0.117     7.276 r  u_game_module/game_mechanics_inst/r_ball_count2_carry__2/CO[3]
                         net (fo=1, routed)           0.000     7.276    u_game_module/game_mechanics_inst/r_ball_count2_carry__2_n_0
    SLICE_X10Y97         CARRY4 (Prop_carry4_CI_CO[3])
                                                      0.117     7.393 r  u_game_module/game_mechanics_inst/r_ball_count2_carry__3/CO[3]
                         net (fo=1, routed)           0.000     7.393    u_game_module/game_mechanics_inst/r_ball_count2_carry__3_n_0
    SLICE_X10Y98         CARRY4 (Prop_carry4_CI_O[2])
                                                      0.239     7.632 r  u_game_module/game_mechanics_inst/r_ball_count2_carry__4/O[2]
                         net (fo=2, routed)           0.819     8.451    u_game_module/game_mechanics_inst/r_ball_count2[23]
    SLICE_X11Y96         LUT4 (Prop_lut4_I0_O)        0.301     8.752 r  u_game_module/game_mechanics_inst/r_ball_count1_carry__1_i_5/O
                         net (fo=1, routed)           0.000     8.752    u_game_module/game_mechanics_inst/r_ball_count1_carry__1_i_5_n_0
    SLICE_X11Y96         CARRY4 (Prop_carry4_S[3]_CO[3])
                                                      0.401     9.153 r  u_game_module/game_mechanics_inst/r_ball_count1_carry__1/CO[3]
                         net (fo=8, routed)           1.050    10.204    u_game_module/game_mechanics_inst/r_ball_count1_carry__1_n_0
    SLICE_X12Y99         LUT5 (Prop_lut5_I2_O)        0.116    10.320 r  u_game_module/game_mechanics_inst/r_ball_pos_x[6]_i_5/O
                         net (fo=7, routed)           0.733    11.053    u_game_module/game_mechanics_inst/r_ball_pos_x[6]_i_5_n_0
    SLICE_X10Y103        LUT6 (Prop_lut6_I0_O)        0.328    11.381 r  u_game_module/game_mechanics_inst/r_ball_pos_x[7]_i_3/O
                         net (fo=1, routed)           0.282    11.663    u_game_module/game_mechanics_inst/r_ball_pos_x[7]_i_3_n_0
    SLICE_X10Y103        LUT6 (Prop_lut6_I5_O)        0.124    11.787 r  u_game_module/game_mechanics_inst/r_ball_pos_x[7]_i_1/O
                         net (fo=8, routed)           0.532    12.319    u_game_module/game_mechanics_inst/r_ball_pos_x[0]
    SLICE_X11Y104        FDRE                                         r  u_game_module/game_mechanics_inst/r_ball_pos_x_reg[3]/CE
  -------------------------------------------------------------------    -------------------

                         (clock sys_clk_pin rise edge)
                                                     10.000    10.000 r  
    E3                                                0.000    10.000 r  CLK100MHZ (IN)
                         net (fo=0)                   0.000    10.000    CLK100MHZ
    E3                   IBUF (Prop_ibuf_I_O)         1.411    11.411 r  CLK100MHZ_IBUF_inst/O
                         net (fo=1, routed)           1.920    13.331    CLK100MHZ_IBUF
    BUFGCTRL_X0Y16       BUFG (Prop_bufg_I_O)         0.091    13.422 r  CLK100MHZ_IBUF_BUFG_inst/O
                         net (fo=487, routed)         1.511    14.933    u_game_module/game_mechanics_inst/CLK100MHZ_IBUF_BUFG
    SLICE_X11Y104        FDRE                                         r  u_game_module/game_mechanics_inst/r_ball_pos_x_reg[3]/C
                         clock pessimism              0.180    15.113    
                         clock uncertainty           -0.035    15.078    
    SLICE_X11Y104        FDRE (Setup_fdre_C_CE)      -0.205    14.873    u_game_module/game_mechanics_inst/r_ball_pos_x_reg[3]
  -------------------------------------------------------------------
                         required time                         14.873    
                         arrival time                         -12.319    
  -------------------------------------------------------------------
                         slack                                  2.554    

Slack (MET) :             2.566ns  (required time - arrival time)
  Source:                 u_game_module/game_mechanics_inst/r_ball_rate_reg[1]/C
                            (rising edge-triggered cell FDRE clocked by sys_clk_pin  {rise@0.000ns fall@5.000ns period=10.000ns})
  Destination:            u_game_module/game_mechanics_inst/r_ball_pos_y_reg[3]/CE
                            (rising edge-triggered cell FDRE clocked by sys_clk_pin  {rise@0.000ns fall@5.000ns period=10.000ns})
  Path Group:             sys_clk_pin
  Path Type:              Setup (Max at Slow Process Corner)
  Requirement:            10.000ns  (sys_clk_pin rise@10.000ns - sys_clk_pin rise@0.000ns)
  Data Path Delay:        7.054ns  (logic 3.012ns (42.698%)  route 4.042ns (57.302%))
  Logic Levels:           12  (CARRY4=7 LUT1=1 LUT3=1 LUT4=2 LUT6=1)
  Clock Path Skew:        -0.140ns (DCD - SCD + CPR)
    Destination Clock Delay (DCD):    4.930ns = ( 14.930 - 10.000 ) 
    Source Clock Delay      (SCD):    5.250ns
    Clock Pessimism Removal (CPR):    0.180ns
  Clock Uncertainty:      0.035ns  ((TSJ^2 + TIJ^2)^1/2 + DJ) / 2 + PE
    Total System Jitter     (TSJ):    0.071ns
    Total Input Jitter      (TIJ):    0.000ns
    Discrete Jitter          (DJ):    0.000ns
    Phase Error              (PE):    0.000ns

    Location             Delay type                Incr(ns)  Path(ns)    Netlist Resource(s)
  -------------------------------------------------------------------    -------------------
                         (clock sys_clk_pin rise edge)
                                                      0.000     0.000 r  
    E3                                                0.000     0.000 r  CLK100MHZ (IN)
                         net (fo=0)                   0.000     0.000    CLK100MHZ
    E3                   IBUF (Prop_ibuf_I_O)         1.482     1.482 r  CLK100MHZ_IBUF_inst/O
                         net (fo=1, routed)           2.025     3.506    CLK100MHZ_IBUF
    BUFGCTRL_X0Y16       BUFG (Prop_bufg_I_O)         0.096     3.602 r  CLK100MHZ_IBUF_BUFG_inst/O
                         net (fo=487, routed)         1.647     5.250    u_game_module/game_mechanics_inst/CLK100MHZ_IBUF_BUFG
    SLICE_X11Y93         FDRE                                         r  u_game_module/game_mechanics_inst/r_ball_rate_reg[1]/C
  -------------------------------------------------------------------    -------------------
    SLICE_X11Y93         FDRE (Prop_fdre_C_Q)         0.419     5.669 f  u_game_module/game_mechanics_inst/r_ball_rate_reg[1]/Q
                         net (fo=4, routed)           0.445     6.113    u_game_module/game_mechanics_inst/r_ball_rate_reg_n_0_[1]
    SLICE_X10Y93         LUT1 (Prop_lut1_I0_O)        0.299     6.412 r  u_game_module/game_mechanics_inst/r_ball_count2_carry_i_4/O
                         net (fo=1, routed)           0.000     6.412    u_game_module/game_mechanics_inst/r_ball_count2_carry_i_4_n_0
    SLICE_X10Y93         CARRY4 (Prop_carry4_S[0]_CO[3])
                                                      0.513     6.925 r  u_game_module/game_mechanics_inst/r_ball_count2_carry/CO[3]
                         net (fo=1, routed)           0.000     6.925    u_game_module/game_mechanics_inst/r_ball_count2_carry_n_0
    SLICE_X10Y94         CARRY4 (Prop_carry4_CI_CO[3])
                                                      0.117     7.042 r  u_game_module/game_mechanics_inst/r_ball_count2_carry__0/CO[3]
                         net (fo=1, routed)           0.000     7.042    u_game_module/game_mechanics_inst/r_ball_count2_carry__0_n_0
    SLICE_X10Y95         CARRY4 (Prop_carry4_CI_CO[3])
                                                      0.117     7.159 r  u_game_module/game_mechanics_inst/r_ball_count2_carry__1/CO[3]
                         net (fo=1, routed)           0.000     7.159    u_game_module/game_mechanics_inst/r_ball_count2_carry__1_n_0
    SLICE_X10Y96         CARRY4 (Prop_carry4_CI_CO[3])
                                                      0.117     7.276 r  u_game_module/game_mechanics_inst/r_ball_count2_carry__2/CO[3]
                         net (fo=1, routed)           0.000     7.276    u_game_module/game_mechanics_inst/r_ball_count2_carry__2_n_0
    SLICE_X10Y97         CARRY4 (Prop_carry4_CI_CO[3])
                                                      0.117     7.393 r  u_game_module/game_mechanics_inst/r_ball_count2_carry__3/CO[3]
                         net (fo=1, routed)           0.000     7.393    u_game_module/game_mechanics_inst/r_ball_count2_carry__3_n_0
    SLICE_X10Y98         CARRY4 (Prop_carry4_CI_O[2])
                                                      0.239     7.632 r  u_game_module/game_mechanics_inst/r_ball_count2_carry__4/O[2]
                         net (fo=2, routed)           0.819     8.451    u_game_module/game_mechanics_inst/r_ball_count2[23]
    SLICE_X11Y96         LUT4 (Prop_lut4_I0_O)        0.301     8.752 r  u_game_module/game_mechanics_inst/r_ball_count1_carry__1_i_5/O
                         net (fo=1, routed)           0.000     8.752    u_game_module/game_mechanics_inst/r_ball_count1_carry__1_i_5_n_0
    SLICE_X11Y96         CARRY4 (Prop_carry4_S[3]_CO[3])
                                                      0.401     9.153 r  u_game_module/game_mechanics_inst/r_ball_count1_carry__1/CO[3]
                         net (fo=8, routed)           1.141    10.294    u_game_module/game_mechanics_inst/r_ball_count1_carry__1_n_0
    SLICE_X13Y104        LUT6 (Prop_lut6_I2_O)        0.124    10.418 r  u_game_module/game_mechanics_inst/r_ball_pos_y[5]_i_7/O
                         net (fo=3, routed)           0.671    11.089    u_game_module/game_mechanics_inst/r_ball_pos_y[5]_i_7_n_0
    SLICE_X14Y104        LUT3 (Prop_lut3_I2_O)        0.124    11.213 f  u_game_module/game_mechanics_inst/r_ball_pos_y[5]_i_4/O
                         net (fo=5, routed)           0.387    11.600    u_game_module/game_mechanics_inst/r_ball_pos_y[5]_i_4_n_0
    SLICE_X15Y104        LUT4 (Prop_lut4_I1_O)        0.124    11.724 r  u_game_module/game_mechanics_inst/r_ball_pos_y[5]_i_1/O
                         net (fo=6, routed)           0.580    12.304    u_game_module/game_mechanics_inst/r_ball_pos_y[0]
    SLICE_X15Y104        FDRE                                         r  u_game_module/game_mechanics_inst/r_ball_pos_y_reg[3]/CE
  -------------------------------------------------------------------    -------------------

                         (clock sys_clk_pin rise edge)
                                                     10.000    10.000 r  
    E3                                                0.000    10.000 r  CLK100MHZ (IN)
                         net (fo=0)                   0.000    10.000    CLK100MHZ
    E3                   IBUF (Prop_ibuf_I_O)         1.411    11.411 r  CLK100MHZ_IBUF_inst/O
                         net (fo=1, routed)           1.920    13.331    CLK100MHZ_IBUF
    BUFGCTRL_X0Y16       BUFG (Prop_bufg_I_O)         0.091    13.422 r  CLK100MHZ_IBUF_BUFG_inst/O
                         net (fo=487, routed)         1.508    14.930    u_game_module/game_mechanics_inst/CLK100MHZ_IBUF_BUFG
    SLICE_X15Y104        FDRE                                         r  u_game_module/game_mechanics_inst/r_ball_pos_y_reg[3]/C
                         clock pessimism              0.180    15.110    
                         clock uncertainty           -0.035    15.075    
    SLICE_X15Y104        FDRE (Setup_fdre_C_CE)      -0.205    14.870    u_game_module/game_mechanics_inst/r_ball_pos_y_reg[3]
  -------------------------------------------------------------------
                         required time                         14.870    
                         arrival time                         -12.304    
  -------------------------------------------------------------------
                         slack                                  2.566    

Slack (MET) :             2.605ns  (required time - arrival time)
  Source:                 u_game_module/game_mechanics_inst/r_ball_rate_reg[1]/C
                            (rising edge-triggered cell FDRE clocked by sys_clk_pin  {rise@0.000ns fall@5.000ns period=10.000ns})
  Destination:            u_game_module/game_mechanics_inst/r_ball_pos_x_reg[4]/CE
                            (rising edge-triggered cell FDSE clocked by sys_clk_pin  {rise@0.000ns fall@5.000ns period=10.000ns})
  Path Group:             sys_clk_pin
  Path Type:              Setup (Max at Slow Process Corner)
  Requirement:            10.000ns  (sys_clk_pin rise@10.000ns - sys_clk_pin rise@0.000ns)
  Data Path Delay:        7.051ns  (logic 3.208ns (45.497%)  route 3.843ns (54.503%))
  Logic Levels:           12  (CARRY4=7 LUT1=1 LUT4=1 LUT5=1 LUT6=2)
  Clock Path Skew:        -0.140ns (DCD - SCD + CPR)
    Destination Clock Delay (DCD):    4.930ns = ( 14.930 - 10.000 ) 
    Source Clock Delay      (SCD):    5.250ns
    Clock Pessimism Removal (CPR):    0.180ns
  Clock Uncertainty:      0.035ns  ((TSJ^2 + TIJ^2)^1/2 + DJ) / 2 + PE
    Total System Jitter     (TSJ):    0.071ns
    Total Input Jitter      (TIJ):    0.000ns
    Discrete Jitter          (DJ):    0.000ns
    Phase Error              (PE):    0.000ns

    Location             Delay type                Incr(ns)  Path(ns)    Netlist Resource(s)
  -------------------------------------------------------------------    -------------------
                         (clock sys_clk_pin rise edge)
                                                      0.000     0.000 r  
    E3                                                0.000     0.000 r  CLK100MHZ (IN)
                         net (fo=0)                   0.000     0.000    CLK100MHZ
    E3                   IBUF (Prop_ibuf_I_O)         1.482     1.482 r  CLK100MHZ_IBUF_inst/O
                         net (fo=1, routed)           2.025     3.506    CLK100MHZ_IBUF
    BUFGCTRL_X0Y16       BUFG (Prop_bufg_I_O)         0.096     3.602 r  CLK100MHZ_IBUF_BUFG_inst/O
                         net (fo=487, routed)         1.647     5.250    u_game_module/game_mechanics_inst/CLK100MHZ_IBUF_BUFG
    SLICE_X11Y93         FDRE                                         r  u_game_module/game_mechanics_inst/r_ball_rate_reg[1]/C
  -------------------------------------------------------------------    -------------------
    SLICE_X11Y93         FDRE (Prop_fdre_C_Q)         0.419     5.669 f  u_game_module/game_mechanics_inst/r_ball_rate_reg[1]/Q
                         net (fo=4, routed)           0.445     6.113    u_game_module/game_mechanics_inst/r_ball_rate_reg_n_0_[1]
    SLICE_X10Y93         LUT1 (Prop_lut1_I0_O)        0.299     6.412 r  u_game_module/game_mechanics_inst/r_ball_count2_carry_i_4/O
                         net (fo=1, routed)           0.000     6.412    u_game_module/game_mechanics_inst/r_ball_count2_carry_i_4_n_0
    SLICE_X10Y93         CARRY4 (Prop_carry4_S[0]_CO[3])
                                                      0.513     6.925 r  u_game_module/game_mechanics_inst/r_ball_count2_carry/CO[3]
                         net (fo=1, routed)           0.000     6.925    u_game_module/game_mechanics_inst/r_ball_count2_carry_n_0
    SLICE_X10Y94         CARRY4 (Prop_carry4_CI_CO[3])
                                                      0.117     7.042 r  u_game_module/game_mechanics_inst/r_ball_count2_carry__0/CO[3]
                         net (fo=1, routed)           0.000     7.042    u_game_module/game_mechanics_inst/r_ball_count2_carry__0_n_0
    SLICE_X10Y95         CARRY4 (Prop_carry4_CI_CO[3])
                                                      0.117     7.159 r  u_game_module/game_mechanics_inst/r_ball_count2_carry__1/CO[3]
                         net (fo=1, routed)           0.000     7.159    u_game_module/game_mechanics_inst/r_ball_count2_carry__1_n_0
    SLICE_X10Y96         CARRY4 (Prop_carry4_CI_CO[3])
                                                      0.117     7.276 r  u_game_module/game_mechanics_inst/r_ball_count2_carry__2/CO[3]
                         net (fo=1, routed)           0.000     7.276    u_game_module/game_mechanics_inst/r_ball_count2_carry__2_n_0
    SLICE_X10Y97         CARRY4 (Prop_carry4_CI_CO[3])
                                                      0.117     7.393 r  u_game_module/game_mechanics_inst/r_ball_count2_carry__3/CO[3]
                         net (fo=1, routed)           0.000     7.393    u_game_module/game_mechanics_inst/r_ball_count2_carry__3_n_0
    SLICE_X10Y98         CARRY4 (Prop_carry4_CI_O[2])
                                                      0.239     7.632 r  u_game_module/game_mechanics_inst/r_ball_count2_carry__4/O[2]
                         net (fo=2, routed)           0.819     8.451    u_game_module/game_mechanics_inst/r_ball_count2[23]
    SLICE_X11Y96         LUT4 (Prop_lut4_I0_O)        0.301     8.752 r  u_game_module/game_mechanics_inst/r_ball_count1_carry__1_i_5/O
                         net (fo=1, routed)           0.000     8.752    u_game_module/game_mechanics_inst/r_ball_count1_carry__1_i_5_n_0
    SLICE_X11Y96         CARRY4 (Prop_carry4_S[3]_CO[3])
                                                      0.401     9.153 r  u_game_module/game_mechanics_inst/r_ball_count1_carry__1/CO[3]
                         net (fo=8, routed)           1.050    10.204    u_game_module/game_mechanics_inst/r_ball_count1_carry__1_n_0
    SLICE_X12Y99         LUT5 (Prop_lut5_I2_O)        0.116    10.320 r  u_game_module/game_mechanics_inst/r_ball_pos_x[6]_i_5/O
                         net (fo=7, routed)           0.733    11.053    u_game_module/game_mechanics_inst/r_ball_pos_x[6]_i_5_n_0
    SLICE_X10Y103        LUT6 (Prop_lut6_I0_O)        0.328    11.381 r  u_game_module/game_mechanics_inst/r_ball_pos_x[7]_i_3/O
                         net (fo=1, routed)           0.282    11.663    u_game_module/game_mechanics_inst/r_ball_pos_x[7]_i_3_n_0
    SLICE_X10Y103        LUT6 (Prop_lut6_I5_O)        0.124    11.787 r  u_game_module/game_mechanics_inst/r_ball_pos_x[7]_i_1/O
                         net (fo=8, routed)           0.514    12.301    u_game_module/game_mechanics_inst/r_ball_pos_x[0]
    SLICE_X12Y105        FDSE                                         r  u_game_module/game_mechanics_inst/r_ball_pos_x_reg[4]/CE
  -------------------------------------------------------------------    -------------------

                         (clock sys_clk_pin rise edge)
                                                     10.000    10.000 r  
    E3                                                0.000    10.000 r  CLK100MHZ (IN)
                         net (fo=0)                   0.000    10.000    CLK100MHZ
    E3                   IBUF (Prop_ibuf_I_O)         1.411    11.411 r  CLK100MHZ_IBUF_inst/O
                         net (fo=1, routed)           1.920    13.331    CLK100MHZ_IBUF
    BUFGCTRL_X0Y16       BUFG (Prop_bufg_I_O)         0.091    13.422 r  CLK100MHZ_IBUF_BUFG_inst/O
                         net (fo=487, routed)         1.508    14.930    u_game_module/game_mechanics_inst/CLK100MHZ_IBUF_BUFG
    SLICE_X12Y105        FDSE                                         r  u_game_module/game_mechanics_inst/r_ball_pos_x_reg[4]/C
                         clock pessimism              0.180    15.110    
                         clock uncertainty           -0.035    15.075    
    SLICE_X12Y105        FDSE (Setup_fdse_C_CE)      -0.169    14.906    u_game_module/game_mechanics_inst/r_ball_pos_x_reg[4]
  -------------------------------------------------------------------
                         required time                         14.906    
                         arrival time                         -12.301    
  -------------------------------------------------------------------
                         slack                                  2.605    

Slack (MET) :             2.749ns  (required time - arrival time)
  Source:                 u_modification_module/r_Paddle_size_reg[0]/C
                            (rising edge-triggered cell FDRE clocked by sys_clk_pin  {rise@0.000ns fall@5.000ns period=10.000ns})
  Destination:            u_game_module/game_render_inst/o_uart_buffer_reg[50]/D
                            (rising edge-triggered cell FDRE clocked by sys_clk_pin  {rise@0.000ns fall@5.000ns period=10.000ns})
  Path Group:             sys_clk_pin
  Path Type:              Setup (Max at Slow Process Corner)
  Requirement:            10.000ns  (sys_clk_pin rise@10.000ns - sys_clk_pin rise@0.000ns)
  Data Path Delay:        7.330ns  (logic 2.194ns (29.933%)  route 5.136ns (70.067%))
  Logic Levels:           8  (LUT3=2 LUT5=2 LUT6=4)
  Clock Path Skew:        0.033ns (DCD - SCD + CPR)
    Destination Clock Delay (DCD):    5.008ns = ( 15.008 - 10.000 ) 
    Source Clock Delay      (SCD):    5.234ns
    Clock Pessimism Removal (CPR):    0.259ns
  Clock Uncertainty:      0.035ns  ((TSJ^2 + TIJ^2)^1/2 + DJ) / 2 + PE
    Total System Jitter     (TSJ):    0.071ns
    Total Input Jitter      (TIJ):    0.000ns
    Discrete Jitter          (DJ):    0.000ns
    Phase Error              (PE):    0.000ns

    Location             Delay type                Incr(ns)  Path(ns)    Netlist Resource(s)
  -------------------------------------------------------------------    -------------------
                         (clock sys_clk_pin rise edge)
                                                      0.000     0.000 r  
    E3                                                0.000     0.000 r  CLK100MHZ (IN)
                         net (fo=0)                   0.000     0.000    CLK100MHZ
    E3                   IBUF (Prop_ibuf_I_O)         1.482     1.482 r  CLK100MHZ_IBUF_inst/O
                         net (fo=1, routed)           2.025     3.506    CLK100MHZ_IBUF
    BUFGCTRL_X0Y16       BUFG (Prop_bufg_I_O)         0.096     3.602 r  CLK100MHZ_IBUF_BUFG_inst/O
                         net (fo=487, routed)         1.632     5.234    u_modification_module/CLK100MHZ_IBUF_BUFG
    SLICE_X10Y101        FDRE                                         r  u_modification_module/r_Paddle_size_reg[0]/C
  -------------------------------------------------------------------    -------------------
    SLICE_X10Y101        FDRE (Prop_fdre_C_Q)         0.518     5.752 r  u_modification_module/r_Paddle_size_reg[0]/Q
                         net (fo=61, routed)          1.179     6.932    u_game_module/game_render_inst/w_Paddle_size[0]
    SLICE_X6Y102         LUT6 (Prop_lut6_I3_O)        0.124     7.056 r  u_game_module/game_render_inst/o_uart_buffer[58]_i_23/O
                         net (fo=3, routed)           0.863     7.918    u_game_module/game_render_inst/o_uart_buffer[58]_i_23_n_0
    SLICE_X6Y102         LUT3 (Prop_lut3_I0_O)        0.148     8.066 r  u_game_module/game_render_inst/o_uart_buffer[58]_i_13/O
                         net (fo=2, routed)           0.484     8.550    u_game_module/game_render_inst/o_uart_buffer[58]_i_13_n_0
    SLICE_X6Y102         LUT6 (Prop_lut6_I1_O)        0.328     8.878 r  u_game_module/game_render_inst/o_uart_buffer[58]_i_7/O
                         net (fo=3, routed)           0.974     9.852    u_game_module/game_render_inst/o_uart_buffer[58]_i_7_n_0
    SLICE_X6Y105         LUT3 (Prop_lut3_I0_O)        0.150    10.002 f  u_game_module/game_render_inst/o_uart_buffer[56]_i_19/O
                         net (fo=2, routed)           0.820    10.822    u_game_module/game_render_inst/o_uart_buffer[56]_i_19_n_0
    SLICE_X6Y106         LUT5 (Prop_lut5_I2_O)        0.350    11.172 r  u_game_module/game_render_inst/o_uart_buffer[56]_i_13/O
                         net (fo=4, routed)           0.352    11.524    u_game_module/game_render_inst/o_uart_buffer[56]_i_13_n_0
    SLICE_X6Y107         LUT6 (Prop_lut6_I4_O)        0.328    11.852 f  u_game_module/game_render_inst/o_uart_buffer[50]_i_11/O
                         net (fo=1, routed)           0.161    12.013    u_game_module/game_render_inst/o_uart_buffer[50]_i_11_n_0
    SLICE_X6Y107         LUT6 (Prop_lut6_I3_O)        0.124    12.137 r  u_game_module/game_render_inst/o_uart_buffer[50]_i_4/O
                         net (fo=1, routed)           0.303    12.440    u_game_module/game_render_inst/o_uart_buffer[50]_i_4_n_0
    SLICE_X6Y108         LUT5 (Prop_lut5_I2_O)        0.124    12.564 r  u_game_module/game_render_inst/o_uart_buffer[50]_i_1/O
                         net (fo=1, routed)           0.000    12.564    u_game_module/game_render_inst/o_uart_buffer[50]_i_1_n_0
    SLICE_X6Y108         FDRE                                         r  u_game_module/game_render_inst/o_uart_buffer_reg[50]/D
  -------------------------------------------------------------------    -------------------

                         (clock sys_clk_pin rise edge)
                                                     10.000    10.000 r  
    E3                                                0.000    10.000 r  CLK100MHZ (IN)
                         net (fo=0)                   0.000    10.000    CLK100MHZ
    E3                   IBUF (Prop_ibuf_I_O)         1.411    11.411 r  CLK100MHZ_IBUF_inst/O
                         net (fo=1, routed)           1.920    13.331    CLK100MHZ_IBUF
    BUFGCTRL_X0Y16       BUFG (Prop_bufg_I_O)         0.091    13.422 r  CLK100MHZ_IBUF_BUFG_inst/O
                         net (fo=487, routed)         1.586    15.008    u_game_module/game_render_inst/CLK100MHZ_IBUF_BUFG
    SLICE_X6Y108         FDRE                                         r  u_game_module/game_render_inst/o_uart_buffer_reg[50]/C
                         clock pessimism              0.259    15.267    
                         clock uncertainty           -0.035    15.232    
    SLICE_X6Y108         FDRE (Setup_fdre_C_D)        0.081    15.313    u_game_module/game_render_inst/o_uart_buffer_reg[50]
  -------------------------------------------------------------------
                         required time                         15.313    
                         arrival time                         -12.564    
  -------------------------------------------------------------------
                         slack                                  2.749    

Slack (MET) :             2.767ns  (required time - arrival time)
  Source:                 u_game_module/game_mechanics_inst/r_ball_rate_reg[1]/C
                            (rising edge-triggered cell FDRE clocked by sys_clk_pin  {rise@0.000ns fall@5.000ns period=10.000ns})
  Destination:            u_game_module/game_mechanics_inst/r_ball_pos_x_reg[1]/CE
                            (rising edge-triggered cell FDSE clocked by sys_clk_pin  {rise@0.000ns fall@5.000ns period=10.000ns})
  Path Group:             sys_clk_pin
  Path Type:              Setup (Max at Slow Process Corner)
  Requirement:            10.000ns  (sys_clk_pin rise@10.000ns - sys_clk_pin rise@0.000ns)
  Data Path Delay:        6.892ns  (logic 3.208ns (46.545%)  route 3.684ns (53.455%))
  Logic Levels:           12  (CARRY4=7 LUT1=1 LUT4=1 LUT5=1 LUT6=2)
  Clock Path Skew:        -0.137ns (DCD - SCD + CPR)
    Destination Clock Delay (DCD):    4.933ns = ( 14.933 - 10.000 ) 
    Source Clock Delay      (SCD):    5.250ns
    Clock Pessimism Removal (CPR):    0.180ns
  Clock Uncertainty:      0.035ns  ((TSJ^2 + TIJ^2)^1/2 + DJ) / 2 + PE
    Total System Jitter     (TSJ):    0.071ns
    Total Input Jitter      (TIJ):    0.000ns
    Discrete Jitter          (DJ):    0.000ns
    Phase Error              (PE):    0.000ns

    Location             Delay type                Incr(ns)  Path(ns)    Netlist Resource(s)
  -------------------------------------------------------------------    -------------------
                         (clock sys_clk_pin rise edge)
                                                      0.000     0.000 r  
    E3                                                0.000     0.000 r  CLK100MHZ (IN)
                         net (fo=0)                   0.000     0.000    CLK100MHZ
    E3                   IBUF (Prop_ibuf_I_O)         1.482     1.482 r  CLK100MHZ_IBUF_inst/O
                         net (fo=1, routed)           2.025     3.506    CLK100MHZ_IBUF
    BUFGCTRL_X0Y16       BUFG (Prop_bufg_I_O)         0.096     3.602 r  CLK100MHZ_IBUF_BUFG_inst/O
                         net (fo=487, routed)         1.647     5.250    u_game_module/game_mechanics_inst/CLK100MHZ_IBUF_BUFG
    SLICE_X11Y93         FDRE                                         r  u_game_module/game_mechanics_inst/r_ball_rate_reg[1]/C
  -------------------------------------------------------------------    -------------------
    SLICE_X11Y93         FDRE (Prop_fdre_C_Q)         0.419     5.669 f  u_game_module/game_mechanics_inst/r_ball_rate_reg[1]/Q
                         net (fo=4, routed)           0.445     6.113    u_game_module/game_mechanics_inst/r_ball_rate_reg_n_0_[1]
    SLICE_X10Y93         LUT1 (Prop_lut1_I0_O)        0.299     6.412 r  u_game_module/game_mechanics_inst/r_ball_count2_carry_i_4/O
                         net (fo=1, routed)           0.000     6.412    u_game_module/game_mechanics_inst/r_ball_count2_carry_i_4_n_0
    SLICE_X10Y93         CARRY4 (Prop_carry4_S[0]_CO[3])
                                                      0.513     6.925 r  u_game_module/game_mechanics_inst/r_ball_count2_carry/CO[3]
                         net (fo=1, routed)           0.000     6.925    u_game_module/game_mechanics_inst/r_ball_count2_carry_n_0
    SLICE_X10Y94         CARRY4 (Prop_carry4_CI_CO[3])
                                                      0.117     7.042 r  u_game_module/game_mechanics_inst/r_ball_count2_carry__0/CO[3]
                         net (fo=1, routed)           0.000     7.042    u_game_module/game_mechanics_inst/r_ball_count2_carry__0_n_0
    SLICE_X10Y95         CARRY4 (Prop_carry4_CI_CO[3])
                                                      0.117     7.159 r  u_game_module/game_mechanics_inst/r_ball_count2_carry__1/CO[3]
                         net (fo=1, routed)           0.000     7.159    u_game_module/game_mechanics_inst/r_ball_count2_carry__1_n_0
    SLICE_X10Y96         CARRY4 (Prop_carry4_CI_CO[3])
                                                      0.117     7.276 r  u_game_module/game_mechanics_inst/r_ball_count2_carry__2/CO[3]
                         net (fo=1, routed)           0.000     7.276    u_game_module/game_mechanics_inst/r_ball_count2_carry__2_n_0
    SLICE_X10Y97         CARRY4 (Prop_carry4_CI_CO[3])
                                                      0.117     7.393 r  u_game_module/game_mechanics_inst/r_ball_count2_carry__3/CO[3]
                         net (fo=1, routed)           0.000     7.393    u_game_module/game_mechanics_inst/r_ball_count2_carry__3_n_0
    SLICE_X10Y98         CARRY4 (Prop_carry4_CI_O[2])
                                                      0.239     7.632 r  u_game_module/game_mechanics_inst/r_ball_count2_carry__4/O[2]
                         net (fo=2, routed)           0.819     8.451    u_game_module/game_mechanics_inst/r_ball_count2[23]
    SLICE_X11Y96         LUT4 (Prop_lut4_I0_O)        0.301     8.752 r  u_game_module/game_mechanics_inst/r_ball_count1_carry__1_i_5/O
                         net (fo=1, routed)           0.000     8.752    u_game_module/game_mechanics_inst/r_ball_count1_carry__1_i_5_n_0
    SLICE_X11Y96         CARRY4 (Prop_carry4_S[3]_CO[3])
                                                      0.401     9.153 r  u_game_module/game_mechanics_inst/r_ball_count1_carry__1/CO[3]
                         net (fo=8, routed)           1.050    10.204    u_game_module/game_mechanics_inst/r_ball_count1_carry__1_n_0
    SLICE_X12Y99         LUT5 (Prop_lut5_I2_O)        0.116    10.320 r  u_game_module/game_mechanics_inst/r_ball_pos_x[6]_i_5/O
                         net (fo=7, routed)           0.733    11.053    u_game_module/game_mechanics_inst/r_ball_pos_x[6]_i_5_n_0
    SLICE_X10Y103        LUT6 (Prop_lut6_I0_O)        0.328    11.381 r  u_game_module/game_mechanics_inst/r_ball_pos_x[7]_i_3/O
                         net (fo=1, routed)           0.282    11.663    u_game_module/game_mechanics_inst/r_ball_pos_x[7]_i_3_n_0
    SLICE_X10Y103        LUT6 (Prop_lut6_I5_O)        0.124    11.787 r  u_game_module/game_mechanics_inst/r_ball_pos_x[7]_i_1/O
                         net (fo=8, routed)           0.355    12.142    u_game_module/game_mechanics_inst/r_ball_pos_x[0]
    SLICE_X10Y105        FDSE                                         r  u_game_module/game_mechanics_inst/r_ball_pos_x_reg[1]/CE
  -------------------------------------------------------------------    -------------------

                         (clock sys_clk_pin rise edge)
                                                     10.000    10.000 r  
    E3                                                0.000    10.000 r  CLK100MHZ (IN)
                         net (fo=0)                   0.000    10.000    CLK100MHZ
    E3                   IBUF (Prop_ibuf_I_O)         1.411    11.411 r  CLK100MHZ_IBUF_inst/O
                         net (fo=1, routed)           1.920    13.331    CLK100MHZ_IBUF
    BUFGCTRL_X0Y16       BUFG (Prop_bufg_I_O)         0.091    13.422 r  CLK100MHZ_IBUF_BUFG_inst/O
                         net (fo=487, routed)         1.511    14.933    u_game_module/game_mechanics_inst/CLK100MHZ_IBUF_BUFG
    SLICE_X10Y105        FDSE                                         r  u_game_module/game_mechanics_inst/r_ball_pos_x_reg[1]/C
                         clock pessimism              0.180    15.113    
                         clock uncertainty           -0.035    15.078    
    SLICE_X10Y105        FDSE (Setup_fdse_C_CE)      -0.169    14.909    u_game_module/game_mechanics_inst/r_ball_pos_x_reg[1]
  -------------------------------------------------------------------
                         required time                         14.909    
                         arrival time                         -12.142    
  -------------------------------------------------------------------
                         slack                                  2.767    

Slack (MET) :             2.767ns  (required time - arrival time)
  Source:                 u_game_module/game_mechanics_inst/r_ball_rate_reg[1]/C
                            (rising edge-triggered cell FDRE clocked by sys_clk_pin  {rise@0.000ns fall@5.000ns period=10.000ns})
  Destination:            u_game_module/game_mechanics_inst/r_ball_pos_x_reg[6]/CE
                            (rising edge-triggered cell FDSE clocked by sys_clk_pin  {rise@0.000ns fall@5.000ns period=10.000ns})
  Path Group:             sys_clk_pin
  Path Type:              Setup (Max at Slow Process Corner)
  Requirement:            10.000ns  (sys_clk_pin rise@10.000ns - sys_clk_pin rise@0.000ns)
  Data Path Delay:        6.892ns  (logic 3.208ns (46.545%)  route 3.684ns (53.455%))
  Logic Levels:           12  (CARRY4=7 LUT1=1 LUT4=1 LUT5=1 LUT6=2)
  Clock Path Skew:        -0.137ns (DCD - SCD + CPR)
    Destination Clock Delay (DCD):    4.933ns = ( 14.933 - 10.000 ) 
    Source Clock Delay      (SCD):    5.250ns
    Clock Pessimism Removal (CPR):    0.180ns
  Clock Uncertainty:      0.035ns  ((TSJ^2 + TIJ^2)^1/2 + DJ) / 2 + PE
    Total System Jitter     (TSJ):    0.071ns
    Total Input Jitter      (TIJ):    0.000ns
    Discrete Jitter          (DJ):    0.000ns
    Phase Error              (PE):    0.000ns

    Location             Delay type                Incr(ns)  Path(ns)    Netlist Resource(s)
  -------------------------------------------------------------------    -------------------
                         (clock sys_clk_pin rise edge)
                                                      0.000     0.000 r  
    E3                                                0.000     0.000 r  CLK100MHZ (IN)
                         net (fo=0)                   0.000     0.000    CLK100MHZ
    E3                   IBUF (Prop_ibuf_I_O)         1.482     1.482 r  CLK100MHZ_IBUF_inst/O
                         net (fo=1, routed)           2.025     3.506    CLK100MHZ_IBUF
    BUFGCTRL_X0Y16       BUFG (Prop_bufg_I_O)         0.096     3.602 r  CLK100MHZ_IBUF_BUFG_inst/O
                         net (fo=487, routed)         1.647     5.250    u_game_module/game_mechanics_inst/CLK100MHZ_IBUF_BUFG
    SLICE_X11Y93         FDRE                                         r  u_game_module/game_mechanics_inst/r_ball_rate_reg[1]/C
  -------------------------------------------------------------------    -------------------
    SLICE_X11Y93         FDRE (Prop_fdre_C_Q)         0.419     5.669 f  u_game_module/game_mechanics_inst/r_ball_rate_reg[1]/Q
                         net (fo=4, routed)           0.445     6.113    u_game_module/game_mechanics_inst/r_ball_rate_reg_n_0_[1]
    SLICE_X10Y93         LUT1 (Prop_lut1_I0_O)        0.299     6.412 r  u_game_module/game_mechanics_inst/r_ball_count2_carry_i_4/O
                         net (fo=1, routed)           0.000     6.412    u_game_module/game_mechanics_inst/r_ball_count2_carry_i_4_n_0
    SLICE_X10Y93         CARRY4 (Prop_carry4_S[0]_CO[3])
                                                      0.513     6.925 r  u_game_module/game_mechanics_inst/r_ball_count2_carry/CO[3]
                         net (fo=1, routed)           0.000     6.925    u_game_module/game_mechanics_inst/r_ball_count2_carry_n_0
    SLICE_X10Y94         CARRY4 (Prop_carry4_CI_CO[3])
                                                      0.117     7.042 r  u_game_module/game_mechanics_inst/r_ball_count2_carry__0/CO[3]
                         net (fo=1, routed)           0.000     7.042    u_game_module/game_mechanics_inst/r_ball_count2_carry__0_n_0
    SLICE_X10Y95         CARRY4 (Prop_carry4_CI_CO[3])
                                                      0.117     7.159 r  u_game_module/game_mechanics_inst/r_ball_count2_carry__1/CO[3]
                         net (fo=1, routed)           0.000     7.159    u_game_module/game_mechanics_inst/r_ball_count2_carry__1_n_0
    SLICE_X10Y96         CARRY4 (Prop_carry4_CI_CO[3])
                                                      0.117     7.276 r  u_game_module/game_mechanics_inst/r_ball_count2_carry__2/CO[3]
                         net (fo=1, routed)           0.000     7.276    u_game_module/game_mechanics_inst/r_ball_count2_carry__2_n_0
    SLICE_X10Y97         CARRY4 (Prop_carry4_CI_CO[3])
                                                      0.117     7.393 r  u_game_module/game_mechanics_inst/r_ball_count2_carry__3/CO[3]
                         net (fo=1, routed)           0.000     7.393    u_game_module/game_mechanics_inst/r_ball_count2_carry__3_n_0
    SLICE_X10Y98         CARRY4 (Prop_carry4_CI_O[2])
                                                      0.239     7.632 r  u_game_module/game_mechanics_inst/r_ball_count2_carry__4/O[2]
                         net (fo=2, routed)           0.819     8.451    u_game_module/game_mechanics_inst/r_ball_count2[23]
    SLICE_X11Y96         LUT4 (Prop_lut4_I0_O)        0.301     8.752 r  u_game_module/game_mechanics_inst/r_ball_count1_carry__1_i_5/O
                         net (fo=1, routed)           0.000     8.752    u_game_module/game_mechanics_inst/r_ball_count1_carry__1_i_5_n_0
    SLICE_X11Y96         CARRY4 (Prop_carry4_S[3]_CO[3])
                                                      0.401     9.153 r  u_game_module/game_mechanics_inst/r_ball_count1_carry__1/CO[3]
                         net (fo=8, routed)           1.050    10.204    u_game_module/game_mechanics_inst/r_ball_count1_carry__1_n_0
    SLICE_X12Y99         LUT5 (Prop_lut5_I2_O)        0.116    10.320 r  u_game_module/game_mechanics_inst/r_ball_pos_x[6]_i_5/O
                         net (fo=7, routed)           0.733    11.053    u_game_module/game_mechanics_inst/r_ball_pos_x[6]_i_5_n_0
    SLICE_X10Y103        LUT6 (Prop_lut6_I0_O)        0.328    11.381 r  u_game_module/game_mechanics_inst/r_ball_pos_x[7]_i_3/O
                         net (fo=1, routed)           0.282    11.663    u_game_module/game_mechanics_inst/r_ball_pos_x[7]_i_3_n_0
    SLICE_X10Y103        LUT6 (Prop_lut6_I5_O)        0.124    11.787 r  u_game_module/game_mechanics_inst/r_ball_pos_x[7]_i_1/O
                         net (fo=8, routed)           0.355    12.142    u_game_module/game_mechanics_inst/r_ball_pos_x[0]
    SLICE_X10Y105        FDSE                                         r  u_game_module/game_mechanics_inst/r_ball_pos_x_reg[6]/CE
  -------------------------------------------------------------------    -------------------

                         (clock sys_clk_pin rise edge)
                                                     10.000    10.000 r  
    E3                                                0.000    10.000 r  CLK100MHZ (IN)
                         net (fo=0)                   0.000    10.000    CLK100MHZ
    E3                   IBUF (Prop_ibuf_I_O)         1.411    11.411 r  CLK100MHZ_IBUF_inst/O
                         net (fo=1, routed)           1.920    13.331    CLK100MHZ_IBUF
    BUFGCTRL_X0Y16       BUFG (Prop_bufg_I_O)         0.091    13.422 r  CLK100MHZ_IBUF_BUFG_inst/O
                         net (fo=487, routed)         1.511    14.933    u_game_module/game_mechanics_inst/CLK100MHZ_IBUF_BUFG
    SLICE_X10Y105        FDSE                                         r  u_game_module/game_mechanics_inst/r_ball_pos_x_reg[6]/C
                         clock pessimism              0.180    15.113    
                         clock uncertainty           -0.035    15.078    
    SLICE_X10Y105        FDSE (Setup_fdse_C_CE)      -0.169    14.909    u_game_module/game_mechanics_inst/r_ball_pos_x_reg[6]
  -------------------------------------------------------------------
                         required time                         14.909    
                         arrival time                         -12.142    
  -------------------------------------------------------------------
                         slack                                  2.767    





Min Delay Paths
--------------------------------------------------------------------------------------
Slack (MET) :             0.068ns  (arrival time - required time)
  Source:                 u_modification_module/r_Ball_speed_reg[0]/C
                            (rising edge-triggered cell FDRE clocked by sys_clk_pin  {rise@0.000ns fall@5.000ns period=10.000ns})
  Destination:            u_game_module/game_mechanics_inst/r_ball_rate_reg[22]/D
                            (rising edge-triggered cell FDRE clocked by sys_clk_pin  {rise@0.000ns fall@5.000ns period=10.000ns})
  Path Group:             sys_clk_pin
  Path Type:              Hold (Min at Fast Process Corner)
  Requirement:            0.000ns  (sys_clk_pin rise@0.000ns - sys_clk_pin rise@0.000ns)
  Data Path Delay:        0.437ns  (logic 0.209ns (47.826%)  route 0.228ns (52.174%))
  Logic Levels:           1  (LUT4=1)
  Clock Path Skew:        0.277ns (DCD - SCD - CPR)
    Destination Clock Delay (DCD):    2.012ns
    Source Clock Delay      (SCD):    1.489ns
    Clock Pessimism Removal (CPR):    0.245ns

    Location             Delay type                Incr(ns)  Path(ns)    Netlist Resource(s)
  -------------------------------------------------------------------    -------------------
                         (clock sys_clk_pin rise edge)
                                                      0.000     0.000 r  
    E3                                                0.000     0.000 r  CLK100MHZ (IN)
                         net (fo=0)                   0.000     0.000    CLK100MHZ
    E3                   IBUF (Prop_ibuf_I_O)         0.250     0.250 r  CLK100MHZ_IBUF_inst/O
                         net (fo=1, routed)           0.644     0.894    CLK100MHZ_IBUF
    BUFGCTRL_X0Y16       BUFG (Prop_bufg_I_O)         0.026     0.920 r  CLK100MHZ_IBUF_BUFG_inst/O
                         net (fo=487, routed)         0.570     1.489    u_modification_module/CLK100MHZ_IBUF_BUFG
    SLICE_X8Y101         FDRE                                         r  u_modification_module/r_Ball_speed_reg[0]/C
  -------------------------------------------------------------------    -------------------
    SLICE_X8Y101         FDRE (Prop_fdre_C_Q)         0.164     1.653 f  u_modification_module/r_Ball_speed_reg[0]/Q
                         net (fo=35, routed)          0.228     1.881    u_modification_module/r_Ball_speed_reg[3]_0[0]
    SLICE_X9Y98          LUT4 (Prop_lut4_I3_O)        0.045     1.926 r  u_modification_module/r_ball_rate[22]_i_1/O
                         net (fo=1, routed)           0.000     1.926    u_game_module/game_mechanics_inst/r_ball_rate_reg[23]_0[15]
    SLICE_X9Y98          FDRE                                         r  u_game_module/game_mechanics_inst/r_ball_rate_reg[22]/D
  -------------------------------------------------------------------    -------------------

                         (clock sys_clk_pin rise edge)
                                                      0.000     0.000 r  
    E3                                                0.000     0.000 r  CLK100MHZ (IN)
                         net (fo=0)                   0.000     0.000    CLK100MHZ
    E3                   IBUF (Prop_ibuf_I_O)         0.438     0.438 r  CLK100MHZ_IBUF_inst/O
                         net (fo=1, routed)           0.699     1.136    CLK100MHZ_IBUF
    BUFGCTRL_X0Y16       BUFG (Prop_bufg_I_O)         0.029     1.165 r  CLK100MHZ_IBUF_BUFG_inst/O
                         net (fo=487, routed)         0.847     2.012    u_game_module/game_mechanics_inst/CLK100MHZ_IBUF_BUFG
    SLICE_X9Y98          FDRE                                         r  u_game_module/game_mechanics_inst/r_ball_rate_reg[22]/C
                         clock pessimism             -0.245     1.766    
    SLICE_X9Y98          FDRE (Hold_fdre_C_D)         0.092     1.858    u_game_module/game_mechanics_inst/r_ball_rate_reg[22]
  -------------------------------------------------------------------
                         required time                         -1.858    
                         arrival time                           1.926    
  -------------------------------------------------------------------
                         slack                                  0.068    

Slack (MET) :             0.092ns  (arrival time - required time)
  Source:                 u_game_module/local_game_display_inst/r_Blink_counter_reg[3]/C
                            (rising edge-triggered cell FDRE clocked by sys_clk_pin  {rise@0.000ns fall@5.000ns period=10.000ns})
  Destination:            u_game_module/local_game_display_inst/r_Blink_counter_reg[4]/D
                            (rising edge-triggered cell FDRE clocked by sys_clk_pin  {rise@0.000ns fall@5.000ns period=10.000ns})
  Path Group:             sys_clk_pin
  Path Type:              Hold (Min at Fast Process Corner)
  Requirement:            0.000ns  (sys_clk_pin rise@0.000ns - sys_clk_pin rise@0.000ns)
  Data Path Delay:        0.464ns  (logic 0.355ns (76.531%)  route 0.109ns (23.469%))
  Logic Levels:           2  (CARRY4=2)
  Clock Path Skew:        0.267ns (DCD - SCD - CPR)
    Destination Clock Delay (DCD):    2.037ns
    Source Clock Delay      (SCD):    1.524ns
    Clock Pessimism Removal (CPR):    0.245ns

    Location             Delay type                Incr(ns)  Path(ns)    Netlist Resource(s)
  -------------------------------------------------------------------    -------------------
                         (clock sys_clk_pin rise edge)
                                                      0.000     0.000 r  
    E3                                                0.000     0.000 r  CLK100MHZ (IN)
                         net (fo=0)                   0.000     0.000    CLK100MHZ
    E3                   IBUF (Prop_ibuf_I_O)         0.250     0.250 r  CLK100MHZ_IBUF_inst/O
                         net (fo=1, routed)           0.644     0.894    CLK100MHZ_IBUF
    BUFGCTRL_X0Y16       BUFG (Prop_bufg_I_O)         0.026     0.920 r  CLK100MHZ_IBUF_BUFG_inst/O
                         net (fo=487, routed)         0.605     1.524    u_game_module/local_game_display_inst/CLK100MHZ_IBUF_BUFG
    SLICE_X1Y99          FDRE                                         r  u_game_module/local_game_display_inst/r_Blink_counter_reg[3]/C
  -------------------------------------------------------------------    -------------------
    SLICE_X1Y99          FDRE (Prop_fdre_C_Q)         0.141     1.665 r  u_game_module/local_game_display_inst/r_Blink_counter_reg[3]/Q
                         net (fo=1, routed)           0.108     1.774    u_game_module/local_game_display_inst/r_Blink_counter_reg_n_0_[3]
    SLICE_X1Y99          CARRY4 (Prop_carry4_S[3]_CO[3])
                                                      0.160     1.934 r  u_game_module/local_game_display_inst/r_Blink_counter_reg[0]_i_2/CO[3]
                         net (fo=1, routed)           0.001     1.934    u_game_module/local_game_display_inst/r_Blink_counter_reg[0]_i_2_n_0
    SLICE_X1Y100         CARRY4 (Prop_carry4_CI_O[0])
                                                      0.054     1.988 r  u_game_module/local_game_display_inst/r_Blink_counter_reg[4]_i_1/O[0]
                         net (fo=1, routed)           0.000     1.988    u_game_module/local_game_display_inst/r_Blink_counter_reg[4]_i_1_n_7
    SLICE_X1Y100         FDRE                                         r  u_game_module/local_game_display_inst/r_Blink_counter_reg[4]/D
  -------------------------------------------------------------------    -------------------

                         (clock sys_clk_pin rise edge)
                                                      0.000     0.000 r  
    E3                                                0.000     0.000 r  CLK100MHZ (IN)
                         net (fo=0)                   0.000     0.000    CLK100MHZ
    E3                   IBUF (Prop_ibuf_I_O)         0.438     0.438 r  CLK100MHZ_IBUF_inst/O
                         net (fo=1, routed)           0.699     1.136    CLK100MHZ_IBUF
    BUFGCTRL_X0Y16       BUFG (Prop_bufg_I_O)         0.029     1.165 r  CLK100MHZ_IBUF_BUFG_inst/O
                         net (fo=487, routed)         0.872     2.037    u_game_module/local_game_display_inst/CLK100MHZ_IBUF_BUFG
    SLICE_X1Y100         FDRE                                         r  u_game_module/local_game_display_inst/r_Blink_counter_reg[4]/C
                         clock pessimism             -0.245     1.791    
    SLICE_X1Y100         FDRE (Hold_fdre_C_D)         0.105     1.896    u_game_module/local_game_display_inst/r_Blink_counter_reg[4]
  -------------------------------------------------------------------
                         required time                         -1.896    
                         arrival time                           1.988    
  -------------------------------------------------------------------
                         slack                                  0.092    

Slack (MET) :             0.103ns  (arrival time - required time)
  Source:                 u_game_module/local_game_display_inst/r_Blink_counter_reg[3]/C
                            (rising edge-triggered cell FDRE clocked by sys_clk_pin  {rise@0.000ns fall@5.000ns period=10.000ns})
  Destination:            u_game_module/local_game_display_inst/r_Blink_counter_reg[6]/D
                            (rising edge-triggered cell FDRE clocked by sys_clk_pin  {rise@0.000ns fall@5.000ns period=10.000ns})
  Path Group:             sys_clk_pin
  Path Type:              Hold (Min at Fast Process Corner)
  Requirement:            0.000ns  (sys_clk_pin rise@0.000ns - sys_clk_pin rise@0.000ns)
  Data Path Delay:        0.475ns  (logic 0.366ns (77.074%)  route 0.109ns (22.926%))
  Logic Levels:           2  (CARRY4=2)
  Clock Path Skew:        0.267ns (DCD - SCD - CPR)
    Destination Clock Delay (DCD):    2.037ns
    Source Clock Delay      (SCD):    1.524ns
    Clock Pessimism Removal (CPR):    0.245ns

    Location             Delay type                Incr(ns)  Path(ns)    Netlist Resource(s)
  -------------------------------------------------------------------    -------------------
                         (clock sys_clk_pin rise edge)
                                                      0.000     0.000 r  
    E3                                                0.000     0.000 r  CLK100MHZ (IN)
                         net (fo=0)                   0.000     0.000    CLK100MHZ
    E3                   IBUF (Prop_ibuf_I_O)         0.250     0.250 r  CLK100MHZ_IBUF_inst/O
                         net (fo=1, routed)           0.644     0.894    CLK100MHZ_IBUF
    BUFGCTRL_X0Y16       BUFG (Prop_bufg_I_O)         0.026     0.920 r  CLK100MHZ_IBUF_BUFG_inst/O
                         net (fo=487, routed)         0.605     1.524    u_game_module/local_game_display_inst/CLK100MHZ_IBUF_BUFG
    SLICE_X1Y99          FDRE                                         r  u_game_module/local_game_display_inst/r_Blink_counter_reg[3]/C
  -------------------------------------------------------------------    -------------------
    SLICE_X1Y99          FDRE (Prop_fdre_C_Q)         0.141     1.665 r  u_game_module/local_game_display_inst/r_Blink_counter_reg[3]/Q
                         net (fo=1, routed)           0.108     1.774    u_game_module/local_game_display_inst/r_Blink_counter_reg_n_0_[3]
    SLICE_X1Y99          CARRY4 (Prop_carry4_S[3]_CO[3])
                                                      0.160     1.934 r  u_game_module/local_game_display_inst/r_Blink_counter_reg[0]_i_2/CO[3]
                         net (fo=1, routed)           0.001     1.934    u_game_module/local_game_display_inst/r_Blink_counter_reg[0]_i_2_n_0
    SLICE_X1Y100         CARRY4 (Prop_carry4_CI_O[2])
                                                      0.065     1.999 r  u_game_module/local_game_display_inst/r_Blink_counter_reg[4]_i_1/O[2]
                         net (fo=1, routed)           0.000     1.999    u_game_module/local_game_display_inst/r_Blink_counter_reg[4]_i_1_n_5
    SLICE_X1Y100         FDRE                                         r  u_game_module/local_game_display_inst/r_Blink_counter_reg[6]/D
  -------------------------------------------------------------------    -------------------

                         (clock sys_clk_pin rise edge)
                                                      0.000     0.000 r  
    E3                                                0.000     0.000 r  CLK100MHZ (IN)
                         net (fo=0)                   0.000     0.000    CLK100MHZ
    E3                   IBUF (Prop_ibuf_I_O)         0.438     0.438 r  CLK100MHZ_IBUF_inst/O
                         net (fo=1, routed)           0.699     1.136    CLK100MHZ_IBUF
    BUFGCTRL_X0Y16       BUFG (Prop_bufg_I_O)         0.029     1.165 r  CLK100MHZ_IBUF_BUFG_inst/O
                         net (fo=487, routed)         0.872     2.037    u_game_module/local_game_display_inst/CLK100MHZ_IBUF_BUFG
    SLICE_X1Y100         FDRE                                         r  u_game_module/local_game_display_inst/r_Blink_counter_reg[6]/C
                         clock pessimism             -0.245     1.791    
    SLICE_X1Y100         FDRE (Hold_fdre_C_D)         0.105     1.896    u_game_module/local_game_display_inst/r_Blink_counter_reg[6]
  -------------------------------------------------------------------
                         required time                         -1.896    
                         arrival time                           1.999    
  -------------------------------------------------------------------
                         slack                                  0.103    

Slack (MET) :             0.105ns  (arrival time - required time)
  Source:                 u_game_module/local_game_display_inst/r_Increment_value_reg[2]/C
                            (rising edge-triggered cell FDRE clocked by sys_clk_pin  {rise@0.000ns fall@5.000ns period=10.000ns})
  Destination:            u_game_module/local_game_display_inst/r_Increment_value_reg[4]/D
                            (rising edge-triggered cell FDRE clocked by sys_clk_pin  {rise@0.000ns fall@5.000ns period=10.000ns})
  Path Group:             sys_clk_pin
  Path Type:              Hold (Min at Fast Process Corner)
  Requirement:            0.000ns  (sys_clk_pin rise@0.000ns - sys_clk_pin rise@0.000ns)
  Data Path Delay:        0.477ns  (logic 0.355ns (74.400%)  route 0.122ns (25.600%))
  Logic Levels:           2  (CARRY4=2)
  Clock Path Skew:        0.267ns (DCD - SCD - CPR)
    Destination Clock Delay (DCD):    2.037ns
    Source Clock Delay      (SCD):    1.524ns
    Clock Pessimism Removal (CPR):    0.245ns

    Location             Delay type                Incr(ns)  Path(ns)    Netlist Resource(s)
  -------------------------------------------------------------------    -------------------
                         (clock sys_clk_pin rise edge)
                                                      0.000     0.000 r  
    E3                                                0.000     0.000 r  CLK100MHZ (IN)
                         net (fo=0)                   0.000     0.000    CLK100MHZ
    E3                   IBUF (Prop_ibuf_I_O)         0.250     0.250 r  CLK100MHZ_IBUF_inst/O
                         net (fo=1, routed)           0.644     0.894    CLK100MHZ_IBUF
    BUFGCTRL_X0Y16       BUFG (Prop_bufg_I_O)         0.026     0.920 r  CLK100MHZ_IBUF_BUFG_inst/O
                         net (fo=487, routed)         0.605     1.524    u_game_module/local_game_display_inst/CLK100MHZ_IBUF_BUFG
    SLICE_X0Y99          FDRE                                         r  u_game_module/local_game_display_inst/r_Increment_value_reg[2]/C
  -------------------------------------------------------------------    -------------------
    SLICE_X0Y99          FDRE (Prop_fdre_C_Q)         0.141     1.665 r  u_game_module/local_game_display_inst/r_Increment_value_reg[2]/Q
                         net (fo=1, routed)           0.121     1.787    u_game_module/local_game_display_inst/r_Increment_value_reg_n_0_[2]
    SLICE_X0Y99          CARRY4 (Prop_carry4_S[2]_CO[3])
                                                      0.160     1.947 r  u_game_module/local_game_display_inst/r_Increment_value_reg[0]_i_1/CO[3]
                         net (fo=1, routed)           0.001     1.947    u_game_module/local_game_display_inst/r_Increment_value_reg[0]_i_1_n_0
    SLICE_X0Y100         CARRY4 (Prop_carry4_CI_O[0])
                                                      0.054     2.001 r  u_game_module/local_game_display_inst/r_Increment_value_reg[4]_i_1/O[0]
                         net (fo=1, routed)           0.000     2.001    u_game_module/local_game_display_inst/r_Increment_value_reg[4]_i_1_n_7
    SLICE_X0Y100         FDRE                                         r  u_game_module/local_game_display_inst/r_Increment_value_reg[4]/D
  -------------------------------------------------------------------    -------------------

                         (clock sys_clk_pin rise edge)
                                                      0.000     0.000 r  
    E3                                                0.000     0.000 r  CLK100MHZ (IN)
                         net (fo=0)                   0.000     0.000    CLK100MHZ
    E3                   IBUF (Prop_ibuf_I_O)         0.438     0.438 r  CLK100MHZ_IBUF_inst/O
                         net (fo=1, routed)           0.699     1.136    CLK100MHZ_IBUF
    BUFGCTRL_X0Y16       BUFG (Prop_bufg_I_O)         0.029     1.165 r  CLK100MHZ_IBUF_BUFG_inst/O
                         net (fo=487, routed)         0.872     2.037    u_game_module/local_game_display_inst/CLK100MHZ_IBUF_BUFG
    SLICE_X0Y100         FDRE                                         r  u_game_module/local_game_display_inst/r_Increment_value_reg[4]/C
                         clock pessimism             -0.245     1.791    
    SLICE_X0Y100         FDRE (Hold_fdre_C_D)         0.105     1.896    u_game_module/local_game_display_inst/r_Increment_value_reg[4]
  -------------------------------------------------------------------
                         required time                         -1.896    
                         arrival time                           2.001    
  -------------------------------------------------------------------
                         slack                                  0.105    

Slack (MET) :             0.116ns  (arrival time - required time)
  Source:                 u_game_module/local_game_display_inst/r_Increment_value_reg[2]/C
                            (rising edge-triggered cell FDRE clocked by sys_clk_pin  {rise@0.000ns fall@5.000ns period=10.000ns})
  Destination:            u_game_module/local_game_display_inst/r_Increment_value_reg[6]/D
                            (rising edge-triggered cell FDRE clocked by sys_clk_pin  {rise@0.000ns fall@5.000ns period=10.000ns})
  Path Group:             sys_clk_pin
  Path Type:              Hold (Min at Fast Process Corner)
  Requirement:            0.000ns  (sys_clk_pin rise@0.000ns - sys_clk_pin rise@0.000ns)
  Data Path Delay:        0.488ns  (logic 0.366ns (74.977%)  route 0.122ns (25.023%))
  Logic Levels:           2  (CARRY4=2)
  Clock Path Skew:        0.267ns (DCD - SCD - CPR)
    Destination Clock Delay (DCD):    2.037ns
    Source Clock Delay      (SCD):    1.524ns
    Clock Pessimism Removal (CPR):    0.245ns

    Location             Delay type                Incr(ns)  Path(ns)    Netlist Resource(s)
  -------------------------------------------------------------------    -------------------
                         (clock sys_clk_pin rise edge)
                                                      0.000     0.000 r  
    E3                                                0.000     0.000 r  CLK100MHZ (IN)
                         net (fo=0)                   0.000     0.000    CLK100MHZ
    E3                   IBUF (Prop_ibuf_I_O)         0.250     0.250 r  CLK100MHZ_IBUF_inst/O
                         net (fo=1, routed)           0.644     0.894    CLK100MHZ_IBUF
    BUFGCTRL_X0Y16       BUFG (Prop_bufg_I_O)         0.026     0.920 r  CLK100MHZ_IBUF_BUFG_inst/O
                         net (fo=487, routed)         0.605     1.524    u_game_module/local_game_display_inst/CLK100MHZ_IBUF_BUFG
    SLICE_X0Y99          FDRE                                         r  u_game_module/local_game_display_inst/r_Increment_value_reg[2]/C
  -------------------------------------------------------------------    -------------------
    SLICE_X0Y99          FDRE (Prop_fdre_C_Q)         0.141     1.665 r  u_game_module/local_game_display_inst/r_Increment_value_reg[2]/Q
                         net (fo=1, routed)           0.121     1.787    u_game_module/local_game_display_inst/r_Increment_value_reg_n_0_[2]
    SLICE_X0Y99          CARRY4 (Prop_carry4_S[2]_CO[3])
                                                      0.160     1.947 r  u_game_module/local_game_display_inst/r_Increment_value_reg[0]_i_1/CO[3]
                         net (fo=1, routed)           0.001     1.947    u_game_module/local_game_display_inst/r_Increment_value_reg[0]_i_1_n_0
    SLICE_X0Y100         CARRY4 (Prop_carry4_CI_O[2])
                                                      0.065     2.012 r  u_game_module/local_game_display_inst/r_Increment_value_reg[4]_i_1/O[2]
                         net (fo=1, routed)           0.000     2.012    u_game_module/local_game_display_inst/r_Increment_value_reg[4]_i_1_n_5
    SLICE_X0Y100         FDRE                                         r  u_game_module/local_game_display_inst/r_Increment_value_reg[6]/D
  -------------------------------------------------------------------    -------------------

                         (clock sys_clk_pin rise edge)
                                                      0.000     0.000 r  
    E3                                                0.000     0.000 r  CLK100MHZ (IN)
                         net (fo=0)                   0.000     0.000    CLK100MHZ
    E3                   IBUF (Prop_ibuf_I_O)         0.438     0.438 r  CLK100MHZ_IBUF_inst/O
                         net (fo=1, routed)           0.699     1.136    CLK100MHZ_IBUF
    BUFGCTRL_X0Y16       BUFG (Prop_bufg_I_O)         0.029     1.165 r  CLK100MHZ_IBUF_BUFG_inst/O
                         net (fo=487, routed)         0.872     2.037    u_game_module/local_game_display_inst/CLK100MHZ_IBUF_BUFG
    SLICE_X0Y100         FDRE                                         r  u_game_module/local_game_display_inst/r_Increment_value_reg[6]/C
                         clock pessimism             -0.245     1.791    
    SLICE_X0Y100         FDRE (Hold_fdre_C_D)         0.105     1.896    u_game_module/local_game_display_inst/r_Increment_value_reg[6]
  -------------------------------------------------------------------
                         required time                         -1.896    
                         arrival time                           2.012    
  -------------------------------------------------------------------
                         slack                                  0.116    

Slack (MET) :             0.126ns  (arrival time - required time)
  Source:                 u_uart_module/uart_receive_inst/o_Received_new_byte_reg/C
                            (rising edge-triggered cell FDCE clocked by sys_clk_pin  {rise@0.000ns fall@5.000ns period=10.000ns})
  Destination:            u_game_module/o_idle_state_reg/D
                            (rising edge-triggered cell FDRE clocked by sys_clk_pin  {rise@0.000ns fall@5.000ns period=10.000ns})
  Path Group:             sys_clk_pin
  Path Type:              Hold (Min at Fast Process Corner)
  Requirement:            0.000ns  (sys_clk_pin rise@0.000ns - sys_clk_pin rise@0.000ns)
  Data Path Delay:        0.513ns  (logic 0.209ns (40.739%)  route 0.304ns (59.261%))
  Logic Levels:           1  (LUT6=1)
  Clock Path Skew:        0.266ns (DCD - SCD - CPR)
    Destination Clock Delay (DCD):    2.006ns
    Source Clock Delay      (SCD):    1.494ns
    Clock Pessimism Removal (CPR):    0.245ns

    Location             Delay type                Incr(ns)  Path(ns)    Netlist Resource(s)
  -------------------------------------------------------------------    -------------------
                         (clock sys_clk_pin rise edge)
                                                      0.000     0.000 r  
    E3                                                0.000     0.000 r  CLK100MHZ (IN)
                         net (fo=0)                   0.000     0.000    CLK100MHZ
    E3                   IBUF (Prop_ibuf_I_O)         0.250     0.250 r  CLK100MHZ_IBUF_inst/O
                         net (fo=1, routed)           0.644     0.894    CLK100MHZ_IBUF
    BUFGCTRL_X0Y16       BUFG (Prop_bufg_I_O)         0.026     0.920 r  CLK100MHZ_IBUF_BUFG_inst/O
                         net (fo=487, routed)         0.575     1.494    u_uart_module/uart_receive_inst/CLK100MHZ_IBUF_BUFG
    SLICE_X12Y94         FDCE                                         r  u_uart_module/uart_receive_inst/o_Received_new_byte_reg/C
  -------------------------------------------------------------------    -------------------
    SLICE_X12Y94         FDCE (Prop_fdce_C_Q)         0.164     1.658 r  u_uart_module/uart_receive_inst/o_Received_new_byte_reg/Q
                         net (fo=10, routed)          0.304     1.962    u_game_module/w_New_key
    SLICE_X10Y100        LUT6 (Prop_lut6_I3_O)        0.045     2.007 r  u_game_module/o_idle_state_i_1/O
                         net (fo=1, routed)           0.000     2.007    u_game_module/o_idle_state_i_1_n_0
    SLICE_X10Y100        FDRE                                         r  u_game_module/o_idle_state_reg/D
  -------------------------------------------------------------------    -------------------

                         (clock sys_clk_pin rise edge)
                                                      0.000     0.000 r  
    E3                                                0.000     0.000 r  CLK100MHZ (IN)
                         net (fo=0)                   0.000     0.000    CLK100MHZ
    E3                   IBUF (Prop_ibuf_I_O)         0.438     0.438 r  CLK100MHZ_IBUF_inst/O
                         net (fo=1, routed)           0.699     1.136    CLK100MHZ_IBUF
    BUFGCTRL_X0Y16       BUFG (Prop_bufg_I_O)         0.029     1.165 r  CLK100MHZ_IBUF_BUFG_inst/O
                         net (fo=487, routed)         0.841     2.006    u_game_module/CLK100MHZ_IBUF_BUFG
    SLICE_X10Y100        FDRE                                         r  u_game_module/o_idle_state_reg/C
                         clock pessimism             -0.245     1.760    
    SLICE_X10Y100        FDRE (Hold_fdre_C_D)         0.121     1.881    u_game_module/o_idle_state_reg
  -------------------------------------------------------------------
                         required time                         -1.881    
                         arrival time                           2.007    
  -------------------------------------------------------------------
                         slack                                  0.126    

Slack (MET) :             0.128ns  (arrival time - required time)
  Source:                 u_game_module/local_game_display_inst/r_Blink_counter_reg[3]/C
                            (rising edge-triggered cell FDRE clocked by sys_clk_pin  {rise@0.000ns fall@5.000ns period=10.000ns})
  Destination:            u_game_module/local_game_display_inst/r_Blink_counter_reg[5]/D
                            (rising edge-triggered cell FDRE clocked by sys_clk_pin  {rise@0.000ns fall@5.000ns period=10.000ns})
  Path Group:             sys_clk_pin
  Path Type:              Hold (Min at Fast Process Corner)
  Requirement:            0.000ns  (sys_clk_pin rise@0.000ns - sys_clk_pin rise@0.000ns)
  Data Path Delay:        0.500ns  (logic 0.391ns (78.221%)  route 0.109ns (21.779%))
  Logic Levels:           2  (CARRY4=2)
  Clock Path Skew:        0.267ns (DCD - SCD - CPR)
    Destination Clock Delay (DCD):    2.037ns
    Source Clock Delay      (SCD):    1.524ns
    Clock Pessimism Removal (CPR):    0.245ns

    Location             Delay type                Incr(ns)  Path(ns)    Netlist Resource(s)
  -------------------------------------------------------------------    -------------------
                         (clock sys_clk_pin rise edge)
                                                      0.000     0.000 r  
    E3                                                0.000     0.000 r  CLK100MHZ (IN)
                         net (fo=0)                   0.000     0.000    CLK100MHZ
    E3                   IBUF (Prop_ibuf_I_O)         0.250     0.250 r  CLK100MHZ_IBUF_inst/O
                         net (fo=1, routed)           0.644     0.894    CLK100MHZ_IBUF
    BUFGCTRL_X0Y16       BUFG (Prop_bufg_I_O)         0.026     0.920 r  CLK100MHZ_IBUF_BUFG_inst/O
                         net (fo=487, routed)         0.605     1.524    u_game_module/local_game_display_inst/CLK100MHZ_IBUF_BUFG
    SLICE_X1Y99          FDRE                                         r  u_game_module/local_game_display_inst/r_Blink_counter_reg[3]/C
  -------------------------------------------------------------------    -------------------
    SLICE_X1Y99          FDRE (Prop_fdre_C_Q)         0.141     1.665 r  u_game_module/local_game_display_inst/r_Blink_counter_reg[3]/Q
                         net (fo=1, routed)           0.108     1.774    u_game_module/local_game_display_inst/r_Blink_counter_reg_n_0_[3]
    SLICE_X1Y99          CARRY4 (Prop_carry4_S[3]_CO[3])
                                                      0.160     1.934 r  u_game_module/local_game_display_inst/r_Blink_counter_reg[0]_i_2/CO[3]
                         net (fo=1, routed)           0.001     1.934    u_game_module/local_game_display_inst/r_Blink_counter_reg[0]_i_2_n_0
    SLICE_X1Y100         CARRY4 (Prop_carry4_CI_O[1])
                                                      0.090     2.024 r  u_game_module/local_game_display_inst/r_Blink_counter_reg[4]_i_1/O[1]
                         net (fo=1, routed)           0.000     2.024    u_game_module/local_game_display_inst/r_Blink_counter_reg[4]_i_1_n_6
    SLICE_X1Y100         FDRE                                         r  u_game_module/local_game_display_inst/r_Blink_counter_reg[5]/D
  -------------------------------------------------------------------    -------------------

                         (clock sys_clk_pin rise edge)
                                                      0.000     0.000 r  
    E3                                                0.000     0.000 r  CLK100MHZ (IN)
                         net (fo=0)                   0.000     0.000    CLK100MHZ
    E3                   IBUF (Prop_ibuf_I_O)         0.438     0.438 r  CLK100MHZ_IBUF_inst/O
                         net (fo=1, routed)           0.699     1.136    CLK100MHZ_IBUF
    BUFGCTRL_X0Y16       BUFG (Prop_bufg_I_O)         0.029     1.165 r  CLK100MHZ_IBUF_BUFG_inst/O
                         net (fo=487, routed)         0.872     2.037    u_game_module/local_game_display_inst/CLK100MHZ_IBUF_BUFG
    SLICE_X1Y100         FDRE                                         r  u_game_module/local_game_display_inst/r_Blink_counter_reg[5]/C
                         clock pessimism             -0.245     1.791    
    SLICE_X1Y100         FDRE (Hold_fdre_C_D)         0.105     1.896    u_game_module/local_game_display_inst/r_Blink_counter_reg[5]
  -------------------------------------------------------------------
                         required time                         -1.896    
                         arrival time                           2.024    
  -------------------------------------------------------------------
                         slack                                  0.128    

Slack (MET) :             0.128ns  (arrival time - required time)
  Source:                 u_game_module/local_game_display_inst/r_Blink_counter_reg[3]/C
                            (rising edge-triggered cell FDRE clocked by sys_clk_pin  {rise@0.000ns fall@5.000ns period=10.000ns})
  Destination:            u_game_module/local_game_display_inst/r_Blink_counter_reg[7]/D
                            (rising edge-triggered cell FDRE clocked by sys_clk_pin  {rise@0.000ns fall@5.000ns period=10.000ns})
  Path Group:             sys_clk_pin
  Path Type:              Hold (Min at Fast Process Corner)
  Requirement:            0.000ns  (sys_clk_pin rise@0.000ns - sys_clk_pin rise@0.000ns)
  Data Path Delay:        0.500ns  (logic 0.391ns (78.221%)  route 0.109ns (21.779%))
  Logic Levels:           2  (CARRY4=2)
  Clock Path Skew:        0.267ns (DCD - SCD - CPR)
    Destination Clock Delay (DCD):    2.037ns
    Source Clock Delay      (SCD):    1.524ns
    Clock Pessimism Removal (CPR):    0.245ns

    Location             Delay type                Incr(ns)  Path(ns)    Netlist Resource(s)
  -------------------------------------------------------------------    -------------------
                         (clock sys_clk_pin rise edge)
                                                      0.000     0.000 r  
    E3                                                0.000     0.000 r  CLK100MHZ (IN)
                         net (fo=0)                   0.000     0.000    CLK100MHZ
    E3                   IBUF (Prop_ibuf_I_O)         0.250     0.250 r  CLK100MHZ_IBUF_inst/O
                         net (fo=1, routed)           0.644     0.894    CLK100MHZ_IBUF
    BUFGCTRL_X0Y16       BUFG (Prop_bufg_I_O)         0.026     0.920 r  CLK100MHZ_IBUF_BUFG_inst/O
                         net (fo=487, routed)         0.605     1.524    u_game_module/local_game_display_inst/CLK100MHZ_IBUF_BUFG
    SLICE_X1Y99          FDRE                                         r  u_game_module/local_game_display_inst/r_Blink_counter_reg[3]/C
  -------------------------------------------------------------------    -------------------
    SLICE_X1Y99          FDRE (Prop_fdre_C_Q)         0.141     1.665 r  u_game_module/local_game_display_inst/r_Blink_counter_reg[3]/Q
                         net (fo=1, routed)           0.108     1.774    u_game_module/local_game_display_inst/r_Blink_counter_reg_n_0_[3]
    SLICE_X1Y99          CARRY4 (Prop_carry4_S[3]_CO[3])
                                                      0.160     1.934 r  u_game_module/local_game_display_inst/r_Blink_counter_reg[0]_i_2/CO[3]
                         net (fo=1, routed)           0.001     1.934    u_game_module/local_game_display_inst/r_Blink_counter_reg[0]_i_2_n_0
    SLICE_X1Y100         CARRY4 (Prop_carry4_CI_O[3])
                                                      0.090     2.024 r  u_game_module/local_game_display_inst/r_Blink_counter_reg[4]_i_1/O[3]
                         net (fo=1, routed)           0.000     2.024    u_game_module/local_game_display_inst/r_Blink_counter_reg[4]_i_1_n_4
    SLICE_X1Y100         FDRE                                         r  u_game_module/local_game_display_inst/r_Blink_counter_reg[7]/D
  -------------------------------------------------------------------    -------------------

                         (clock sys_clk_pin rise edge)
                                                      0.000     0.000 r  
    E3                                                0.000     0.000 r  CLK100MHZ (IN)
                         net (fo=0)                   0.000     0.000    CLK100MHZ
    E3                   IBUF (Prop_ibuf_I_O)         0.438     0.438 r  CLK100MHZ_IBUF_inst/O
                         net (fo=1, routed)           0.699     1.136    CLK100MHZ_IBUF
    BUFGCTRL_X0Y16       BUFG (Prop_bufg_I_O)         0.029     1.165 r  CLK100MHZ_IBUF_BUFG_inst/O
                         net (fo=487, routed)         0.872     2.037    u_game_module/local_game_display_inst/CLK100MHZ_IBUF_BUFG
    SLICE_X1Y100         FDRE                                         r  u_game_module/local_game_display_inst/r_Blink_counter_reg[7]/C
                         clock pessimism             -0.245     1.791    
    SLICE_X1Y100         FDRE (Hold_fdre_C_D)         0.105     1.896    u_game_module/local_game_display_inst/r_Blink_counter_reg[7]
  -------------------------------------------------------------------
                         required time                         -1.896    
                         arrival time                           2.024    
  -------------------------------------------------------------------
                         slack                                  0.128    

Slack (MET) :             0.131ns  (arrival time - required time)
  Source:                 u_game_module/local_game_display_inst/r_Blink_counter_reg[3]/C
                            (rising edge-triggered cell FDRE clocked by sys_clk_pin  {rise@0.000ns fall@5.000ns period=10.000ns})
  Destination:            u_game_module/local_game_display_inst/r_Blink_counter_reg[8]/D
                            (rising edge-triggered cell FDRE clocked by sys_clk_pin  {rise@0.000ns fall@5.000ns period=10.000ns})
  Path Group:             sys_clk_pin
  Path Type:              Hold (Min at Fast Process Corner)
  Requirement:            0.000ns  (sys_clk_pin rise@0.000ns - sys_clk_pin rise@0.000ns)
  Data Path Delay:        0.503ns  (logic 0.394ns (78.351%)  route 0.109ns (21.649%))
  Logic Levels:           3  (CARRY4=3)
  Clock Path Skew:        0.267ns (DCD - SCD - CPR)
    Destination Clock Delay (DCD):    2.037ns
    Source Clock Delay      (SCD):    1.524ns
    Clock Pessimism Removal (CPR):    0.245ns

    Location             Delay type                Incr(ns)  Path(ns)    Netlist Resource(s)
  -------------------------------------------------------------------    -------------------
                         (clock sys_clk_pin rise edge)
                                                      0.000     0.000 r  
    E3                                                0.000     0.000 r  CLK100MHZ (IN)
                         net (fo=0)                   0.000     0.000    CLK100MHZ
    E3                   IBUF (Prop_ibuf_I_O)         0.250     0.250 r  CLK100MHZ_IBUF_inst/O
                         net (fo=1, routed)           0.644     0.894    CLK100MHZ_IBUF
    BUFGCTRL_X0Y16       BUFG (Prop_bufg_I_O)         0.026     0.920 r  CLK100MHZ_IBUF_BUFG_inst/O
                         net (fo=487, routed)         0.605     1.524    u_game_module/local_game_display_inst/CLK100MHZ_IBUF_BUFG
    SLICE_X1Y99          FDRE                                         r  u_game_module/local_game_display_inst/r_Blink_counter_reg[3]/C
  -------------------------------------------------------------------    -------------------
    SLICE_X1Y99          FDRE (Prop_fdre_C_Q)         0.141     1.665 r  u_game_module/local_game_display_inst/r_Blink_counter_reg[3]/Q
                         net (fo=1, routed)           0.108     1.774    u_game_module/local_game_display_inst/r_Blink_counter_reg_n_0_[3]
    SLICE_X1Y99          CARRY4 (Prop_carry4_S[3]_CO[3])
                                                      0.160     1.934 r  u_game_module/local_game_display_inst/r_Blink_counter_reg[0]_i_2/CO[3]
                         net (fo=1, routed)           0.001     1.934    u_game_module/local_game_display_inst/r_Blink_counter_reg[0]_i_2_n_0
    SLICE_X1Y100         CARRY4 (Prop_carry4_CI_CO[3])
                                                      0.039     1.973 r  u_game_module/local_game_display_inst/r_Blink_counter_reg[4]_i_1/CO[3]
                         net (fo=1, routed)           0.000     1.973    u_game_module/local_game_display_inst/r_Blink_counter_reg[4]_i_1_n_0
    SLICE_X1Y101         CARRY4 (Prop_carry4_CI_O[0])
                                                      0.054     2.027 r  u_game_module/local_game_display_inst/r_Blink_counter_reg[8]_i_1/O[0]
                         net (fo=1, routed)           0.000     2.027    u_game_module/local_game_display_inst/r_Blink_counter_reg[8]_i_1_n_7
    SLICE_X1Y101         FDRE                                         r  u_game_module/local_game_display_inst/r_Blink_counter_reg[8]/D
  -------------------------------------------------------------------    -------------------

                         (clock sys_clk_pin rise edge)
                                                      0.000     0.000 r  
    E3                                                0.000     0.000 r  CLK100MHZ (IN)
                         net (fo=0)                   0.000     0.000    CLK100MHZ
    E3                   IBUF (Prop_ibuf_I_O)         0.438     0.438 r  CLK100MHZ_IBUF_inst/O
                         net (fo=1, routed)           0.699     1.136    CLK100MHZ_IBUF
    BUFGCTRL_X0Y16       BUFG (Prop_bufg_I_O)         0.029     1.165 r  CLK100MHZ_IBUF_BUFG_inst/O
                         net (fo=487, routed)         0.872     2.037    u_game_module/local_game_display_inst/CLK100MHZ_IBUF_BUFG
    SLICE_X1Y101         FDRE                                         r  u_game_module/local_game_display_inst/r_Blink_counter_reg[8]/C
                         clock pessimism             -0.245     1.791    
    SLICE_X1Y101         FDRE (Hold_fdre_C_D)         0.105     1.896    u_game_module/local_game_display_inst/r_Blink_counter_reg[8]
  -------------------------------------------------------------------
                         required time                         -1.896    
                         arrival time                           2.027    
  -------------------------------------------------------------------
                         slack                                  0.131    

Slack (MET) :             0.131ns  (arrival time - required time)
  Source:                 u_uart_module/uart_receive_inst/o_Received_new_byte_reg/C
                            (rising edge-triggered cell FDCE clocked by sys_clk_pin  {rise@0.000ns fall@5.000ns period=10.000ns})
  Destination:            u_game_module/FSM_sequential_r_Game_state_reg[0]/D
                            (rising edge-triggered cell FDRE clocked by sys_clk_pin  {rise@0.000ns fall@5.000ns period=10.000ns})
  Path Group:             sys_clk_pin
  Path Type:              Hold (Min at Fast Process Corner)
  Requirement:            0.000ns  (sys_clk_pin rise@0.000ns - sys_clk_pin rise@0.000ns)
  Data Path Delay:        0.517ns  (logic 0.209ns (40.424%)  route 0.308ns (59.576%))
  Logic Levels:           1  (LUT6=1)
  Clock Path Skew:        0.266ns (DCD - SCD - CPR)
    Destination Clock Delay (DCD):    2.006ns
    Source Clock Delay      (SCD):    1.494ns
    Clock Pessimism Removal (CPR):    0.245ns

    Location             Delay type                Incr(ns)  Path(ns)    Netlist Resource(s)
  -------------------------------------------------------------------    -------------------
                         (clock sys_clk_pin rise edge)
                                                      0.000     0.000 r  
    E3                                                0.000     0.000 r  CLK100MHZ (IN)
                         net (fo=0)                   0.000     0.000    CLK100MHZ
    E3                   IBUF (Prop_ibuf_I_O)         0.250     0.250 r  CLK100MHZ_IBUF_inst/O
                         net (fo=1, routed)           0.644     0.894    CLK100MHZ_IBUF
    BUFGCTRL_X0Y16       BUFG (Prop_bufg_I_O)         0.026     0.920 r  CLK100MHZ_IBUF_BUFG_inst/O
                         net (fo=487, routed)         0.575     1.494    u_uart_module/uart_receive_inst/CLK100MHZ_IBUF_BUFG
    SLICE_X12Y94         FDCE                                         r  u_uart_module/uart_receive_inst/o_Received_new_byte_reg/C
  -------------------------------------------------------------------    -------------------
    SLICE_X12Y94         FDCE (Prop_fdce_C_Q)         0.164     1.658 f  u_uart_module/uart_receive_inst/o_Received_new_byte_reg/Q
                         net (fo=10, routed)          0.308     1.966    u_game_module/game_mechanics_inst/w_New_key
    SLICE_X10Y100        LUT6 (Prop_lut6_I4_O)        0.045     2.011 r  u_game_module/game_mechanics_inst/FSM_sequential_r_Game_state[0]_i_1/O
                         net (fo=1, routed)           0.000     2.011    u_game_module/game_mechanics_inst_n_102
    SLICE_X10Y100        FDRE                                         r  u_game_module/FSM_sequential_r_Game_state_reg[0]/D
  -------------------------------------------------------------------    -------------------

                         (clock sys_clk_pin rise edge)
                                                      0.000     0.000 r  
    E3                                                0.000     0.000 r  CLK100MHZ (IN)
                         net (fo=0)                   0.000     0.000    CLK100MHZ
    E3                   IBUF (Prop_ibuf_I_O)         0.438     0.438 r  CLK100MHZ_IBUF_inst/O
                         net (fo=1, routed)           0.699     1.136    CLK100MHZ_IBUF
    BUFGCTRL_X0Y16       BUFG (Prop_bufg_I_O)         0.029     1.165 r  CLK100MHZ_IBUF_BUFG_inst/O
                         net (fo=487, routed)         0.841     2.006    u_game_module/CLK100MHZ_IBUF_BUFG
    SLICE_X10Y100        FDRE                                         r  u_game_module/FSM_sequential_r_Game_state_reg[0]/C
                         clock pessimism             -0.245     1.760    
    SLICE_X10Y100        FDRE (Hold_fdre_C_D)         0.120     1.880    u_game_module/FSM_sequential_r_Game_state_reg[0]
  -------------------------------------------------------------------
                         required time                         -1.880    
                         arrival time                           2.011    
  -------------------------------------------------------------------
                         slack                                  0.131    





Pulse Width Checks
--------------------------------------------------------------------------------------
Clock Name:         sys_clk_pin
Waveform(ns):       { 0.000 5.000 }
Period(ns):         10.000
Sources:            { CLK100MHZ }

Check Type        Corner  Lib Pin  Reference Pin  Required(ns)  Actual(ns)  Slack(ns)  Location        Pin
Min Period        n/a     BUFG/I   n/a            2.155         10.000      7.845      BUFGCTRL_X0Y16  CLK100MHZ_IBUF_BUFG_inst/I
Min Period        n/a     FDRE/C   n/a            1.000         10.000      9.000      SLICE_X10Y100   u_game_module/FSM_sequential_r_Game_state_reg[0]/C
Min Period        n/a     FDRE/C   n/a            1.000         10.000      9.000      SLICE_X10Y100   u_game_module/FSM_sequential_r_Game_state_reg[1]/C
Min Period        n/a     FDRE/C   n/a            1.000         10.000      9.000      SLICE_X10Y100   u_game_module/o_idle_state_reg/C
Min Period        n/a     FDRE/C   n/a            1.000         10.000      9.000      SLICE_X8Y100    u_game_module/r_game_value_reg[0]/C
Min Period        n/a     FDRE/C   n/a            1.000         10.000      9.000      SLICE_X9Y100    u_game_module/r_game_value_reg[1]/C
Min Period        n/a     FDRE/C   n/a            1.000         10.000      9.000      SLICE_X11Y100   u_game_module/r_winner_reg/C
Min Period        n/a     FDRE/C   n/a            1.000         10.000      9.000      SLICE_X12Y100   u_game_module/game_mechanics_inst/FSM_sequential_r_play_state_reg[0]/C
Min Period        n/a     FDRE/C   n/a            1.000         10.000      9.000      SLICE_X12Y100   u_game_module/game_mechanics_inst/FSM_sequential_r_play_state_reg[1]/C
Min Period        n/a     FDRE/C   n/a            1.000         10.000      9.000      SLICE_X8Y99     u_game_module/game_mechanics_inst/r_Game_state_reg[0]/C
Low Pulse Width   Slow    FDRE/C   n/a            0.500         5.000       4.500      SLICE_X10Y100   u_game_module/FSM_sequential_r_Game_state_reg[0]/C
Low Pulse Width   Fast    FDRE/C   n/a            0.500         5.000       4.500      SLICE_X10Y100   u_game_module/FSM_sequential_r_Game_state_reg[0]/C
Low Pulse Width   Slow    FDRE/C   n/a            0.500         5.000       4.500      SLICE_X10Y100   u_game_module/FSM_sequential_r_Game_state_reg[1]/C
Low Pulse Width   Fast    FDRE/C   n/a            0.500         5.000       4.500      SLICE_X10Y100   u_game_module/FSM_sequential_r_Game_state_reg[1]/C
Low Pulse Width   Slow    FDRE/C   n/a            0.500         5.000       4.500      SLICE_X10Y100   u_game_module/o_idle_state_reg/C
Low Pulse Width   Fast    FDRE/C   n/a            0.500         5.000       4.500      SLICE_X10Y100   u_game_module/o_idle_state_reg/C
Low Pulse Width   Slow    FDRE/C   n/a            0.500         5.000       4.500      SLICE_X8Y100    u_game_module/r_game_value_reg[0]/C
Low Pulse Width   Fast    FDRE/C   n/a            0.500         5.000       4.500      SLICE_X8Y100    u_game_module/r_game_value_reg[0]/C
Low Pulse Width   Slow    FDRE/C   n/a            0.500         5.000       4.500      SLICE_X9Y100    u_game_module/r_game_value_reg[1]/C
Low Pulse Width   Fast    FDRE/C   n/a            0.500         5.000       4.500      SLICE_X9Y100    u_game_module/r_game_value_reg[1]/C
High Pulse Width  Slow    FDRE/C   n/a            0.500         5.000       4.500      SLICE_X10Y100   u_game_module/FSM_sequential_r_Game_state_reg[0]/C
High Pulse Width  Fast    FDRE/C   n/a            0.500         5.000       4.500      SLICE_X10Y100   u_game_module/FSM_sequential_r_Game_state_reg[0]/C
High Pulse Width  Slow    FDRE/C   n/a            0.500         5.000       4.500      SLICE_X10Y100   u_game_module/FSM_sequential_r_Game_state_reg[1]/C
High Pulse Width  Fast    FDRE/C   n/a            0.500         5.000       4.500      SLICE_X10Y100   u_game_module/FSM_sequential_r_Game_state_reg[1]/C
High Pulse Width  Slow    FDRE/C   n/a            0.500         5.000       4.500      SLICE_X10Y100   u_game_module/o_idle_state_reg/C
High Pulse Width  Fast    FDRE/C   n/a            0.500         5.000       4.500      SLICE_X10Y100   u_game_module/o_idle_state_reg/C
High Pulse Width  Slow    FDRE/C   n/a            0.500         5.000       4.500      SLICE_X8Y100    u_game_module/r_game_value_reg[0]/C
High Pulse Width  Fast    FDRE/C   n/a            0.500         5.000       4.500      SLICE_X8Y100    u_game_module/r_game_value_reg[0]/C
High Pulse Width  Slow    FDRE/C   n/a            0.500         5.000       4.500      SLICE_X9Y100    u_game_module/r_game_value_reg[1]/C
High Pulse Width  Fast    FDRE/C   n/a            0.500         5.000       4.500      SLICE_X9Y100    u_game_module/r_game_value_reg[1]/C



--------------------------------------------------------------------------------------
Path Group:  (none)
From Clock:  sys_clk_pin
  To Clock:  

Max Delay            22 Endpoints
Min Delay            22 Endpoints
--------------------------------------------------------------------------------------


Max Delay Paths
--------------------------------------------------------------------------------------
Slack:                    inf
  Source:                 u_game_module/local_game_display_inst/o_Anodes_reg[6]/C
                            (rising edge-triggered cell FDSE clocked by sys_clk_pin  {rise@0.000ns fall@5.000ns period=10.000ns})
  Destination:            AN[6]
                            (output port)
  Path Group:             (none)
  Path Type:              Max at Slow Process Corner
  Data Path Delay:        8.589ns  (logic 4.110ns (47.845%)  route 4.480ns (52.155%))
  Logic Levels:           1  (OBUF=1)
  Clock Uncertainty:      0.025ns  ((TSJ^2 + TIJ^2)^1/2 + DJ) / 2 + PE
    Total System Jitter     (TSJ):    0.050ns
    Total Input Jitter      (TIJ):    0.000ns
    Discrete Jitter          (DJ):    0.000ns
    Phase Error              (PE):    0.000ns
  Timing Exception:       False Path

    Location             Delay type                Incr(ns)  Path(ns)    Netlist Resource(s)
  -------------------------------------------------------------------    -------------------
                         (clock sys_clk_pin rise edge)
                                                      0.000     0.000 r  
    E3                                                0.000     0.000 r  CLK100MHZ (IN)
                         net (fo=0)                   0.000     0.000    CLK100MHZ
    E3                   IBUF (Prop_ibuf_I_O)         1.482     1.482 r  CLK100MHZ_IBUF_inst/O
                         net (fo=1, routed)           2.025     3.506    CLK100MHZ_IBUF
    BUFGCTRL_X0Y16       BUFG (Prop_bufg_I_O)         0.096     3.602 r  CLK100MHZ_IBUF_BUFG_inst/O
                         net (fo=487, routed)         1.726     5.329    u_game_module/local_game_display_inst/CLK100MHZ_IBUF_BUFG
    SLICE_X1Y97          FDSE                                         r  u_game_module/local_game_display_inst/o_Anodes_reg[6]/C
  -------------------------------------------------------------------    -------------------
    SLICE_X1Y97          FDSE (Prop_fdse_C_Q)         0.419     5.748 r  u_game_module/local_game_display_inst/o_Anodes_reg[6]/Q
                         net (fo=1, routed)           4.480    10.227    AN_OBUF[6]
    K2                   OBUF (Prop_obuf_I_O)         3.691    13.918 r  AN_OBUF[6]_inst/O
                         net (fo=0)                   0.000    13.918    AN[6]
    K2                                                                r  AN[6] (OUT)
  -------------------------------------------------------------------    -------------------

Slack:                    inf
  Source:                 u_uart_module/uart_transmit_inst/o_UART_TXD_reg/C
                            (rising edge-triggered cell FDPE clocked by sys_clk_pin  {rise@0.000ns fall@5.000ns period=10.000ns})
  Destination:            UART_RXD_OUT
                            (output port)
  Path Group:             (none)
  Path Type:              Max at Slow Process Corner
  Data Path Delay:        7.832ns  (logic 4.073ns (52.006%)  route 3.759ns (47.994%))
  Logic Levels:           1  (OBUF=1)
  Clock Uncertainty:      0.025ns  ((TSJ^2 + TIJ^2)^1/2 + DJ) / 2 + PE
    Total System Jitter     (TSJ):    0.050ns
    Total Input Jitter      (TIJ):    0.000ns
    Discrete Jitter          (DJ):    0.000ns
    Phase Error              (PE):    0.000ns
  Timing Exception:       False Path

    Location             Delay type                Incr(ns)  Path(ns)    Netlist Resource(s)
  -------------------------------------------------------------------    -------------------
                         (clock sys_clk_pin rise edge)
                                                      0.000     0.000 r  
    E3                                                0.000     0.000 r  CLK100MHZ (IN)
                         net (fo=0)                   0.000     0.000    CLK100MHZ
    E3                   IBUF (Prop_ibuf_I_O)         1.482     1.482 r  CLK100MHZ_IBUF_inst/O
                         net (fo=1, routed)           2.025     3.506    CLK100MHZ_IBUF
    BUFGCTRL_X0Y16       BUFG (Prop_bufg_I_O)         0.096     3.602 r  CLK100MHZ_IBUF_BUFG_inst/O
                         net (fo=487, routed)         1.626     5.228    u_uart_module/uart_transmit_inst/CLK100MHZ_IBUF_BUFG
    SLICE_X14Y112        FDPE                                         r  u_uart_module/uart_transmit_inst/o_UART_TXD_reg/C
  -------------------------------------------------------------------    -------------------
    SLICE_X14Y112        FDPE (Prop_fdpe_C_Q)         0.518     5.746 r  u_uart_module/uart_transmit_inst/o_UART_TXD_reg/Q
                         net (fo=1, routed)           3.759     9.505    UART_RXD_OUT_OBUF
    D4                   OBUF (Prop_obuf_I_O)         3.555    13.061 r  UART_RXD_OUT_OBUF_inst/O
                         net (fo=0)                   0.000    13.061    UART_RXD_OUT
    D4                                                                r  UART_RXD_OUT (OUT)
  -------------------------------------------------------------------    -------------------

Slack:                    inf
  Source:                 u_game_module/local_game_display_inst/o_Anodes_reg[7]/C
                            (rising edge-triggered cell FDSE clocked by sys_clk_pin  {rise@0.000ns fall@5.000ns period=10.000ns})
  Destination:            AN[7]
                            (output port)
  Path Group:             (none)
  Path Type:              Max at Slow Process Corner
  Data Path Delay:        7.423ns  (logic 4.144ns (55.830%)  route 3.279ns (44.170%))
  Logic Levels:           1  (OBUF=1)
  Clock Uncertainty:      0.025ns  ((TSJ^2 + TIJ^2)^1/2 + DJ) / 2 + PE
    Total System Jitter     (TSJ):    0.050ns
    Total Input Jitter      (TIJ):    0.000ns
    Discrete Jitter          (DJ):    0.000ns
    Phase Error              (PE):    0.000ns
  Timing Exception:       False Path

    Location             Delay type                Incr(ns)  Path(ns)    Netlist Resource(s)
  -------------------------------------------------------------------    -------------------
                         (clock sys_clk_pin rise edge)
                                                      0.000     0.000 r  
    E3                                                0.000     0.000 r  CLK100MHZ (IN)
                         net (fo=0)                   0.000     0.000    CLK100MHZ
    E3                   IBUF (Prop_ibuf_I_O)         1.482     1.482 r  CLK100MHZ_IBUF_inst/O
                         net (fo=1, routed)           2.025     3.506    CLK100MHZ_IBUF
    BUFGCTRL_X0Y16       BUFG (Prop_bufg_I_O)         0.096     3.602 r  CLK100MHZ_IBUF_BUFG_inst/O
                         net (fo=487, routed)         1.726     5.329    u_game_module/local_game_display_inst/CLK100MHZ_IBUF_BUFG
    SLICE_X1Y97          FDSE                                         r  u_game_module/local_game_display_inst/o_Anodes_reg[7]/C
  -------------------------------------------------------------------    -------------------
    SLICE_X1Y97          FDSE (Prop_fdse_C_Q)         0.419     5.748 r  u_game_module/local_game_display_inst/o_Anodes_reg[7]/Q
                         net (fo=1, routed)           3.279     9.027    AN_OBUF[7]
    U13                  OBUF (Prop_obuf_I_O)         3.725    12.752 r  AN_OBUF[7]_inst/O
                         net (fo=0)                   0.000    12.752    AN[7]
    U13                                                               r  AN[7] (OUT)
  -------------------------------------------------------------------    -------------------

Slack:                    inf
  Source:                 u_game_module/local_game_display_inst/o_Cathodes_reg[0]/C
                            (rising edge-triggered cell FDRE clocked by sys_clk_pin  {rise@0.000ns fall@5.000ns period=10.000ns})
  Destination:            C[0]
                            (output port)
  Path Group:             (none)
  Path Type:              Max at Slow Process Corner
  Data Path Delay:        7.359ns  (logic 4.033ns (54.801%)  route 3.326ns (45.199%))
  Logic Levels:           1  (OBUF=1)
  Clock Uncertainty:      0.025ns  ((TSJ^2 + TIJ^2)^1/2 + DJ) / 2 + PE
    Total System Jitter     (TSJ):    0.050ns
    Total Input Jitter      (TIJ):    0.000ns
    Discrete Jitter          (DJ):    0.000ns
    Phase Error              (PE):    0.000ns
  Timing Exception:       False Path

    Location             Delay type                Incr(ns)  Path(ns)    Netlist Resource(s)
  -------------------------------------------------------------------    -------------------
                         (clock sys_clk_pin rise edge)
                                                      0.000     0.000 r  
    E3                                                0.000     0.000 r  CLK100MHZ (IN)
                         net (fo=0)                   0.000     0.000    CLK100MHZ
    E3                   IBUF (Prop_ibuf_I_O)         1.482     1.482 r  CLK100MHZ_IBUF_inst/O
                         net (fo=1, routed)           2.025     3.506    CLK100MHZ_IBUF
    BUFGCTRL_X0Y16       BUFG (Prop_bufg_I_O)         0.096     3.602 r  CLK100MHZ_IBUF_BUFG_inst/O
                         net (fo=487, routed)         1.725     5.328    u_game_module/local_game_display_inst/CLK100MHZ_IBUF_BUFG
    SLICE_X5Y97          FDRE                                         r  u_game_module/local_game_display_inst/o_Cathodes_reg[0]/C
  -------------------------------------------------------------------    -------------------
    SLICE_X5Y97          FDRE (Prop_fdre_C_Q)         0.456     5.784 r  u_game_module/local_game_display_inst/o_Cathodes_reg[0]/Q
                         net (fo=1, routed)           3.326     9.110    C_OBUF[0]
    T10                  OBUF (Prop_obuf_I_O)         3.577    12.687 r  C_OBUF[0]_inst/O
                         net (fo=0)                   0.000    12.687    C[0]
    T10                                                               r  C[0] (OUT)
  -------------------------------------------------------------------    -------------------

Slack:                    inf
  Source:                 u_game_module/local_game_display_inst/o_Anodes_reg[2]/C
                            (rising edge-triggered cell FDSE clocked by sys_clk_pin  {rise@0.000ns fall@5.000ns period=10.000ns})
  Destination:            AN[2]
                            (output port)
  Path Group:             (none)
  Path Type:              Max at Slow Process Corner
  Data Path Delay:        7.206ns  (logic 4.030ns (55.928%)  route 3.176ns (44.072%))
  Logic Levels:           1  (OBUF=1)
  Clock Uncertainty:      0.025ns  ((TSJ^2 + TIJ^2)^1/2 + DJ) / 2 + PE
    Total System Jitter     (TSJ):    0.050ns
    Total Input Jitter      (TIJ):    0.000ns
    Discrete Jitter          (DJ):    0.000ns
    Phase Error              (PE):    0.000ns
  Timing Exception:       False Path

    Location             Delay type                Incr(ns)  Path(ns)    Netlist Resource(s)
  -------------------------------------------------------------------    -------------------
                         (clock sys_clk_pin rise edge)
                                                      0.000     0.000 r  
    E3                                                0.000     0.000 r  CLK100MHZ (IN)
                         net (fo=0)                   0.000     0.000    CLK100MHZ
    E3                   IBUF (Prop_ibuf_I_O)         1.482     1.482 r  CLK100MHZ_IBUF_inst/O
                         net (fo=1, routed)           2.025     3.506    CLK100MHZ_IBUF
    BUFGCTRL_X0Y16       BUFG (Prop_bufg_I_O)         0.096     3.602 r  CLK100MHZ_IBUF_BUFG_inst/O
                         net (fo=487, routed)         1.726     5.329    u_game_module/local_game_display_inst/CLK100MHZ_IBUF_BUFG
    SLICE_X1Y97          FDSE                                         r  u_game_module/local_game_display_inst/o_Anodes_reg[2]/C
  -------------------------------------------------------------------    -------------------
    SLICE_X1Y97          FDSE (Prop_fdse_C_Q)         0.456     5.785 r  u_game_module/local_game_display_inst/o_Anodes_reg[2]/Q
                         net (fo=1, routed)           3.176     8.961    AN_OBUF[2]
    T9                   OBUF (Prop_obuf_I_O)         3.574    12.535 r  AN_OBUF[2]_inst/O
                         net (fo=0)                   0.000    12.535    AN[2]
    T9                                                                r  AN[2] (OUT)
  -------------------------------------------------------------------    -------------------

Slack:                    inf
  Source:                 u_game_module/local_game_display_inst/o_Cathodes_reg[1]/C
                            (rising edge-triggered cell FDRE clocked by sys_clk_pin  {rise@0.000ns fall@5.000ns period=10.000ns})
  Destination:            C[1]
                            (output port)
  Path Group:             (none)
  Path Type:              Max at Slow Process Corner
  Data Path Delay:        7.201ns  (logic 4.011ns (55.710%)  route 3.189ns (44.290%))
  Logic Levels:           1  (OBUF=1)
  Clock Uncertainty:      0.025ns  ((TSJ^2 + TIJ^2)^1/2 + DJ) / 2 + PE
    Total System Jitter     (TSJ):    0.050ns
    Total Input Jitter      (TIJ):    0.000ns
    Discrete Jitter          (DJ):    0.000ns
    Phase Error              (PE):    0.000ns
  Timing Exception:       False Path

    Location             Delay type                Incr(ns)  Path(ns)    Netlist Resource(s)
  -------------------------------------------------------------------    -------------------
                         (clock sys_clk_pin rise edge)
                                                      0.000     0.000 r  
    E3                                                0.000     0.000 r  CLK100MHZ (IN)
                         net (fo=0)                   0.000     0.000    CLK100MHZ
    E3                   IBUF (Prop_ibuf_I_O)         1.482     1.482 r  CLK100MHZ_IBUF_inst/O
                         net (fo=1, routed)           2.025     3.506    CLK100MHZ_IBUF
    BUFGCTRL_X0Y16       BUFG (Prop_bufg_I_O)         0.096     3.602 r  CLK100MHZ_IBUF_BUFG_inst/O
                         net (fo=487, routed)         1.724     5.327    u_game_module/local_game_display_inst/CLK100MHZ_IBUF_BUFG
    SLICE_X4Y96          FDRE                                         r  u_game_module/local_game_display_inst/o_Cathodes_reg[1]/C
  -------------------------------------------------------------------    -------------------
    SLICE_X4Y96          FDRE (Prop_fdre_C_Q)         0.456     5.783 r  u_game_module/local_game_display_inst/o_Cathodes_reg[1]/Q
                         net (fo=1, routed)           3.189     8.972    C_OBUF[1]
    R10                  OBUF (Prop_obuf_I_O)         3.555    12.527 r  C_OBUF[1]_inst/O
                         net (fo=0)                   0.000    12.527    C[1]
    R10                                                               r  C[1] (OUT)
  -------------------------------------------------------------------    -------------------

Slack:                    inf
  Source:                 u_game_module/local_game_display_inst/o_Cathodes_reg[5]/C
                            (rising edge-triggered cell FDRE clocked by sys_clk_pin  {rise@0.000ns fall@5.000ns period=10.000ns})
  Destination:            C[5]
                            (output port)
  Path Group:             (none)
  Path Type:              Max at Slow Process Corner
  Data Path Delay:        6.961ns  (logic 4.017ns (57.707%)  route 2.944ns (42.293%))
  Logic Levels:           1  (OBUF=1)
  Clock Uncertainty:      0.025ns  ((TSJ^2 + TIJ^2)^1/2 + DJ) / 2 + PE
    Total System Jitter     (TSJ):    0.050ns
    Total Input Jitter      (TIJ):    0.000ns
    Discrete Jitter          (DJ):    0.000ns
    Phase Error              (PE):    0.000ns
  Timing Exception:       False Path

    Location             Delay type                Incr(ns)  Path(ns)    Netlist Resource(s)
  -------------------------------------------------------------------    -------------------
                         (clock sys_clk_pin rise edge)
                                                      0.000     0.000 r  
    E3                                                0.000     0.000 r  CLK100MHZ (IN)
                         net (fo=0)                   0.000     0.000    CLK100MHZ
    E3                   IBUF (Prop_ibuf_I_O)         1.482     1.482 r  CLK100MHZ_IBUF_inst/O
                         net (fo=1, routed)           2.025     3.506    CLK100MHZ_IBUF
    BUFGCTRL_X0Y16       BUFG (Prop_bufg_I_O)         0.096     3.602 r  CLK100MHZ_IBUF_BUFG_inst/O
                         net (fo=487, routed)         1.725     5.328    u_game_module/local_game_display_inst/CLK100MHZ_IBUF_BUFG
    SLICE_X4Y98          FDRE                                         r  u_game_module/local_game_display_inst/o_Cathodes_reg[5]/C
  -------------------------------------------------------------------    -------------------
    SLICE_X4Y98          FDRE (Prop_fdre_C_Q)         0.456     5.784 r  u_game_module/local_game_display_inst/o_Cathodes_reg[5]/Q
                         net (fo=1, routed)           2.944     8.728    C_OBUF[5]
    T11                  OBUF (Prop_obuf_I_O)         3.561    12.288 r  C_OBUF[5]_inst/O
                         net (fo=0)                   0.000    12.288    C[5]
    T11                                                               r  C[5] (OUT)
  -------------------------------------------------------------------    -------------------

Slack:                    inf
  Source:                 u_game_module/local_game_display_inst/o_Anodes_reg[5]/C
                            (rising edge-triggered cell FDSE clocked by sys_clk_pin  {rise@0.000ns fall@5.000ns period=10.000ns})
  Destination:            AN[5]
                            (output port)
  Path Group:             (none)
  Path Type:              Max at Slow Process Corner
  Data Path Delay:        6.806ns  (logic 4.143ns (60.867%)  route 2.663ns (39.133%))
  Logic Levels:           1  (OBUF=1)
  Clock Uncertainty:      0.025ns  ((TSJ^2 + TIJ^2)^1/2 + DJ) / 2 + PE
    Total System Jitter     (TSJ):    0.050ns
    Total Input Jitter      (TIJ):    0.000ns
    Discrete Jitter          (DJ):    0.000ns
    Phase Error              (PE):    0.000ns
  Timing Exception:       False Path

    Location             Delay type                Incr(ns)  Path(ns)    Netlist Resource(s)
  -------------------------------------------------------------------    -------------------
                         (clock sys_clk_pin rise edge)
                                                      0.000     0.000 r  
    E3                                                0.000     0.000 r  CLK100MHZ (IN)
                         net (fo=0)                   0.000     0.000    CLK100MHZ
    E3                   IBUF (Prop_ibuf_I_O)         1.482     1.482 r  CLK100MHZ_IBUF_inst/O
                         net (fo=1, routed)           2.025     3.506    CLK100MHZ_IBUF
    BUFGCTRL_X0Y16       BUFG (Prop_bufg_I_O)         0.096     3.602 r  CLK100MHZ_IBUF_BUFG_inst/O
                         net (fo=487, routed)         1.726     5.329    u_game_module/local_game_display_inst/CLK100MHZ_IBUF_BUFG
    SLICE_X1Y98          FDSE                                         r  u_game_module/local_game_display_inst/o_Anodes_reg[5]/C
  -------------------------------------------------------------------    -------------------
    SLICE_X1Y98          FDSE (Prop_fdse_C_Q)         0.419     5.748 r  u_game_module/local_game_display_inst/o_Anodes_reg[5]/Q
                         net (fo=1, routed)           2.663     8.411    AN_OBUF[5]
    T14                  OBUF (Prop_obuf_I_O)         3.724    12.135 r  AN_OBUF[5]_inst/O
                         net (fo=0)                   0.000    12.135    AN[5]
    T14                                                               r  AN[5] (OUT)
  -------------------------------------------------------------------    -------------------

Slack:                    inf
  Source:                 u_game_module/local_game_display_inst/o_LED17_bgr_reg[2]/C
                            (rising edge-triggered cell FDRE clocked by sys_clk_pin  {rise@0.000ns fall@5.000ns period=10.000ns})
  Destination:            LED17_BGR[2]
                            (output port)
  Path Group:             (none)
  Path Type:              Max at Slow Process Corner
  Data Path Delay:        6.582ns  (logic 4.115ns (62.515%)  route 2.467ns (37.485%))
  Logic Levels:           1  (OBUF=1)
  Clock Uncertainty:      0.025ns  ((TSJ^2 + TIJ^2)^1/2 + DJ) / 2 + PE
    Total System Jitter     (TSJ):    0.050ns
    Total Input Jitter      (TIJ):    0.000ns
    Discrete Jitter          (DJ):    0.000ns
    Phase Error              (PE):    0.000ns
  Timing Exception:       False Path

    Location             Delay type                Incr(ns)  Path(ns)    Netlist Resource(s)
  -------------------------------------------------------------------    -------------------
                         (clock sys_clk_pin rise edge)
                                                      0.000     0.000 r  
    E3                                                0.000     0.000 r  CLK100MHZ (IN)
                         net (fo=0)                   0.000     0.000    CLK100MHZ
    E3                   IBUF (Prop_ibuf_I_O)         1.482     1.482 r  CLK100MHZ_IBUF_inst/O
                         net (fo=1, routed)           2.025     3.506    CLK100MHZ_IBUF
    BUFGCTRL_X0Y16       BUFG (Prop_bufg_I_O)         0.096     3.602 r  CLK100MHZ_IBUF_BUFG_inst/O
                         net (fo=487, routed)         1.726     5.329    u_game_module/local_game_display_inst/CLK100MHZ_IBUF_BUFG
    SLICE_X3Y99          FDRE                                         r  u_game_module/local_game_display_inst/o_LED17_bgr_reg[2]/C
  -------------------------------------------------------------------    -------------------
    SLICE_X3Y99          FDRE (Prop_fdre_C_Q)         0.419     5.748 r  u_game_module/local_game_display_inst/o_LED17_bgr_reg[2]/Q
                         net (fo=1, routed)           2.467     8.215    LED17_BGR_OBUF[2]
    N16                  OBUF (Prop_obuf_I_O)         3.696    11.911 r  LED17_BGR_OBUF[2]_inst/O
                         net (fo=0)                   0.000    11.911    LED17_BGR[2]
    N16                                                               r  LED17_BGR[2] (OUT)
  -------------------------------------------------------------------    -------------------

Slack:                    inf
  Source:                 u_game_module/local_game_display_inst/o_Cathodes_reg[4]/C
                            (rising edge-triggered cell FDRE clocked by sys_clk_pin  {rise@0.000ns fall@5.000ns period=10.000ns})
  Destination:            C[4]
                            (output port)
  Path Group:             (none)
  Path Type:              Max at Slow Process Corner
  Data Path Delay:        6.476ns  (logic 3.990ns (61.605%)  route 2.486ns (38.395%))
  Logic Levels:           1  (OBUF=1)
  Clock Uncertainty:      0.025ns  ((TSJ^2 + TIJ^2)^1/2 + DJ) / 2 + PE
    Total System Jitter     (TSJ):    0.050ns
    Total Input Jitter      (TIJ):    0.000ns
    Discrete Jitter          (DJ):    0.000ns
    Phase Error              (PE):    0.000ns
  Timing Exception:       False Path

    Location             Delay type                Incr(ns)  Path(ns)    Netlist Resource(s)
  -------------------------------------------------------------------    -------------------
                         (clock sys_clk_pin rise edge)
                                                      0.000     0.000 r  
    E3                                                0.000     0.000 r  CLK100MHZ (IN)
                         net (fo=0)                   0.000     0.000    CLK100MHZ
    E3                   IBUF (Prop_ibuf_I_O)         1.482     1.482 r  CLK100MHZ_IBUF_inst/O
                         net (fo=1, routed)           2.025     3.506    CLK100MHZ_IBUF
    BUFGCTRL_X0Y16       BUFG (Prop_bufg_I_O)         0.096     3.602 r  CLK100MHZ_IBUF_BUFG_inst/O
                         net (fo=487, routed)         1.724     5.327    u_game_module/local_game_display_inst/CLK100MHZ_IBUF_BUFG
    SLICE_X5Y96          FDRE                                         r  u_game_module/local_game_display_inst/o_Cathodes_reg[4]/C
  -------------------------------------------------------------------    -------------------
    SLICE_X5Y96          FDRE (Prop_fdre_C_Q)         0.456     5.783 r  u_game_module/local_game_display_inst/o_Cathodes_reg[4]/Q
                         net (fo=1, routed)           2.486     8.269    C_OBUF[4]
    P15                  OBUF (Prop_obuf_I_O)         3.534    11.803 r  C_OBUF[4]_inst/O
                         net (fo=0)                   0.000    11.803    C[4]
    P15                                                               r  C[4] (OUT)
  -------------------------------------------------------------------    -------------------





Min Delay Paths
--------------------------------------------------------------------------------------
Slack:                    inf
  Source:                 u_game_module/local_game_display_inst/o_LED17_bgr_reg[1]/C
                            (rising edge-triggered cell FDRE clocked by sys_clk_pin  {rise@0.000ns fall@5.000ns period=10.000ns})
  Destination:            LED17_BGR[1]
                            (output port)
  Path Group:             (none)
  Path Type:              Min at Fast Process Corner
  Data Path Delay:        1.709ns  (logic 1.383ns (80.905%)  route 0.326ns (19.095%))
  Logic Levels:           1  (OBUF=1)
  Clock Uncertainty:      0.025ns  ((TSJ^2 + TIJ^2)^1/2 + DJ) / 2 + PE
    Total System Jitter     (TSJ):    0.050ns
    Total Input Jitter      (TIJ):    0.000ns
    Discrete Jitter          (DJ):    0.000ns
    Phase Error              (PE):    0.000ns
  Timing Exception:       False Path

    Location             Delay type                Incr(ns)  Path(ns)    Netlist Resource(s)
  -------------------------------------------------------------------    -------------------
                         (clock sys_clk_pin rise edge)
                                                      0.000     0.000 r  
    E3                                                0.000     0.000 r  CLK100MHZ (IN)
                         net (fo=0)                   0.000     0.000    CLK100MHZ
    E3                   IBUF (Prop_ibuf_I_O)         0.250     0.250 r  CLK100MHZ_IBUF_inst/O
                         net (fo=1, routed)           0.644     0.894    CLK100MHZ_IBUF
    BUFGCTRL_X0Y16       BUFG (Prop_bufg_I_O)         0.026     0.920 r  CLK100MHZ_IBUF_BUFG_inst/O
                         net (fo=487, routed)         0.605     1.524    u_game_module/local_game_display_inst/CLK100MHZ_IBUF_BUFG
    SLICE_X3Y99          FDRE                                         r  u_game_module/local_game_display_inst/o_LED17_bgr_reg[1]/C
  -------------------------------------------------------------------    -------------------
    SLICE_X3Y99          FDRE (Prop_fdre_C_Q)         0.141     1.665 r  u_game_module/local_game_display_inst/o_LED17_bgr_reg[1]/Q
                         net (fo=1, routed)           0.326     1.992    LED17_BGR_OBUF[1]
    R11                  OBUF (Prop_obuf_I_O)         1.242     3.234 r  LED17_BGR_OBUF[1]_inst/O
                         net (fo=0)                   0.000     3.234    LED17_BGR[1]
    R11                                                               r  LED17_BGR[1] (OUT)
  -------------------------------------------------------------------    -------------------

Slack:                    inf
  Source:                 u_game_module/local_game_display_inst/o_Cathodes_reg[2]/C
                            (rising edge-triggered cell FDRE clocked by sys_clk_pin  {rise@0.000ns fall@5.000ns period=10.000ns})
  Destination:            C[2]
                            (output port)
  Path Group:             (none)
  Path Type:              Min at Fast Process Corner
  Data Path Delay:        1.722ns  (logic 1.335ns (77.526%)  route 0.387ns (22.474%))
  Logic Levels:           1  (OBUF=1)
  Clock Uncertainty:      0.025ns  ((TSJ^2 + TIJ^2)^1/2 + DJ) / 2 + PE
    Total System Jitter     (TSJ):    0.050ns
    Total Input Jitter      (TIJ):    0.000ns
    Discrete Jitter          (DJ):    0.000ns
    Phase Error              (PE):    0.000ns
  Timing Exception:       False Path

    Location             Delay type                Incr(ns)  Path(ns)    Netlist Resource(s)
  -------------------------------------------------------------------    -------------------
                         (clock sys_clk_pin rise edge)
                                                      0.000     0.000 r  
    E3                                                0.000     0.000 r  CLK100MHZ (IN)
                         net (fo=0)                   0.000     0.000    CLK100MHZ
    E3                   IBUF (Prop_ibuf_I_O)         0.250     0.250 r  CLK100MHZ_IBUF_inst/O
                         net (fo=1, routed)           0.644     0.894    CLK100MHZ_IBUF
    BUFGCTRL_X0Y16       BUFG (Prop_bufg_I_O)         0.026     0.920 r  CLK100MHZ_IBUF_BUFG_inst/O
                         net (fo=487, routed)         0.604     1.523    u_game_module/local_game_display_inst/CLK100MHZ_IBUF_BUFG
    SLICE_X4Y99          FDRE                                         r  u_game_module/local_game_display_inst/o_Cathodes_reg[2]/C
  -------------------------------------------------------------------    -------------------
    SLICE_X4Y99          FDRE (Prop_fdre_C_Q)         0.141     1.664 r  u_game_module/local_game_display_inst/o_Cathodes_reg[2]/Q
                         net (fo=1, routed)           0.387     2.051    C_OBUF[2]
    K16                  OBUF (Prop_obuf_I_O)         1.194     3.246 r  C_OBUF[2]_inst/O
                         net (fo=0)                   0.000     3.246    C[2]
    K16                                                               r  C[2] (OUT)
  -------------------------------------------------------------------    -------------------

Slack:                    inf
  Source:                 u_game_module/local_game_display_inst/o_LED16_bgr_reg[0]/C
                            (rising edge-triggered cell FDRE clocked by sys_clk_pin  {rise@0.000ns fall@5.000ns period=10.000ns})
  Destination:            LED16_BGR[0]
                            (output port)
  Path Group:             (none)
  Path Type:              Min at Fast Process Corner
  Data Path Delay:        1.756ns  (logic 1.409ns (80.244%)  route 0.347ns (19.756%))
  Logic Levels:           1  (OBUF=1)
  Clock Uncertainty:      0.025ns  ((TSJ^2 + TIJ^2)^1/2 + DJ) / 2 + PE
    Total System Jitter     (TSJ):    0.050ns
    Total Input Jitter      (TIJ):    0.000ns
    Discrete Jitter          (DJ):    0.000ns
    Phase Error              (PE):    0.000ns
  Timing Exception:       False Path

    Location             Delay type                Incr(ns)  Path(ns)    Netlist Resource(s)
  -------------------------------------------------------------------    -------------------
                         (clock sys_clk_pin rise edge)
                                                      0.000     0.000 r  
    E3                                                0.000     0.000 r  CLK100MHZ (IN)
                         net (fo=0)                   0.000     0.000    CLK100MHZ
    E3                   IBUF (Prop_ibuf_I_O)         0.250     0.250 r  CLK100MHZ_IBUF_inst/O
                         net (fo=1, routed)           0.644     0.894    CLK100MHZ_IBUF
    BUFGCTRL_X0Y16       BUFG (Prop_bufg_I_O)         0.026     0.920 r  CLK100MHZ_IBUF_BUFG_inst/O
                         net (fo=487, routed)         0.604     1.523    u_game_module/local_game_display_inst/CLK100MHZ_IBUF_BUFG
    SLICE_X3Y95          FDRE                                         r  u_game_module/local_game_display_inst/o_LED16_bgr_reg[0]/C
  -------------------------------------------------------------------    -------------------
    SLICE_X3Y95          FDRE (Prop_fdre_C_Q)         0.141     1.664 r  u_game_module/local_game_display_inst/o_LED16_bgr_reg[0]/Q
                         net (fo=1, routed)           0.347     2.011    LED16_BGR_OBUF[0]
    R12                  OBUF (Prop_obuf_I_O)         1.268     3.279 r  LED16_BGR_OBUF[0]_inst/O
                         net (fo=0)                   0.000     3.279    LED16_BGR[0]
    R12                                                               r  LED16_BGR[0] (OUT)
  -------------------------------------------------------------------    -------------------

Slack:                    inf
  Source:                 u_game_module/local_game_display_inst/o_Cathodes_reg[6]/C
                            (rising edge-triggered cell FDRE clocked by sys_clk_pin  {rise@0.000ns fall@5.000ns period=10.000ns})
  Destination:            C[6]
                            (output port)
  Path Group:             (none)
  Path Type:              Min at Fast Process Corner
  Data Path Delay:        1.780ns  (logic 1.379ns (77.465%)  route 0.401ns (22.535%))
  Logic Levels:           1  (OBUF=1)
  Clock Uncertainty:      0.025ns  ((TSJ^2 + TIJ^2)^1/2 + DJ) / 2 + PE
    Total System Jitter     (TSJ):    0.050ns
    Total Input Jitter      (TIJ):    0.000ns
    Discrete Jitter          (DJ):    0.000ns
    Phase Error              (PE):    0.000ns
  Timing Exception:       False Path

    Location             Delay type                Incr(ns)  Path(ns)    Netlist Resource(s)
  -------------------------------------------------------------------    -------------------
                         (clock sys_clk_pin rise edge)
                                                      0.000     0.000 r  
    E3                                                0.000     0.000 r  CLK100MHZ (IN)
                         net (fo=0)                   0.000     0.000    CLK100MHZ
    E3                   IBUF (Prop_ibuf_I_O)         0.250     0.250 r  CLK100MHZ_IBUF_inst/O
                         net (fo=1, routed)           0.644     0.894    CLK100MHZ_IBUF
    BUFGCTRL_X0Y16       BUFG (Prop_bufg_I_O)         0.026     0.920 r  CLK100MHZ_IBUF_BUFG_inst/O
                         net (fo=487, routed)         0.603     1.522    u_game_module/local_game_display_inst/CLK100MHZ_IBUF_BUFG
    SLICE_X4Y96          FDRE                                         r  u_game_module/local_game_display_inst/o_Cathodes_reg[6]/C
  -------------------------------------------------------------------    -------------------
    SLICE_X4Y96          FDRE (Prop_fdre_C_Q)         0.141     1.663 r  u_game_module/local_game_display_inst/o_Cathodes_reg[6]/Q
                         net (fo=1, routed)           0.401     2.065    C_OBUF[6]
    L18                  OBUF (Prop_obuf_I_O)         1.238     3.303 r  C_OBUF[6]_inst/O
                         net (fo=0)                   0.000     3.303    C[6]
    L18                                                               r  C[6] (OUT)
  -------------------------------------------------------------------    -------------------

Slack:                    inf
  Source:                 u_game_module/local_game_display_inst/o_Anodes_reg[1]/C
                            (rising edge-triggered cell FDSE clocked by sys_clk_pin  {rise@0.000ns fall@5.000ns period=10.000ns})
  Destination:            AN[1]
                            (output port)
  Path Group:             (none)
  Path Type:              Min at Fast Process Corner
  Data Path Delay:        1.781ns  (logic 1.377ns (77.360%)  route 0.403ns (22.640%))
  Logic Levels:           1  (OBUF=1)
  Clock Uncertainty:      0.025ns  ((TSJ^2 + TIJ^2)^1/2 + DJ) / 2 + PE
    Total System Jitter     (TSJ):    0.050ns
    Total Input Jitter      (TIJ):    0.000ns
    Discrete Jitter          (DJ):    0.000ns
    Phase Error              (PE):    0.000ns
  Timing Exception:       False Path

    Location             Delay type                Incr(ns)  Path(ns)    Netlist Resource(s)
  -------------------------------------------------------------------    -------------------
                         (clock sys_clk_pin rise edge)
                                                      0.000     0.000 r  
    E3                                                0.000     0.000 r  CLK100MHZ (IN)
                         net (fo=0)                   0.000     0.000    CLK100MHZ
    E3                   IBUF (Prop_ibuf_I_O)         0.250     0.250 r  CLK100MHZ_IBUF_inst/O
                         net (fo=1, routed)           0.644     0.894    CLK100MHZ_IBUF
    BUFGCTRL_X0Y16       BUFG (Prop_bufg_I_O)         0.026     0.920 r  CLK100MHZ_IBUF_BUFG_inst/O
                         net (fo=487, routed)         0.605     1.524    u_game_module/local_game_display_inst/CLK100MHZ_IBUF_BUFG
    SLICE_X1Y98          FDSE                                         r  u_game_module/local_game_display_inst/o_Anodes_reg[1]/C
  -------------------------------------------------------------------    -------------------
    SLICE_X1Y98          FDSE (Prop_fdse_C_Q)         0.141     1.665 r  u_game_module/local_game_display_inst/o_Anodes_reg[1]/Q
                         net (fo=1, routed)           0.403     2.068    AN_OBUF[1]
    J18                  OBUF (Prop_obuf_I_O)         1.236     3.305 r  AN_OBUF[1]_inst/O
                         net (fo=0)                   0.000     3.305    AN[1]
    J18                                                               r  AN[1] (OUT)
  -------------------------------------------------------------------    -------------------

Slack:                    inf
  Source:                 u_game_module/local_game_display_inst/o_Anodes_reg[0]/C
                            (rising edge-triggered cell FDSE clocked by sys_clk_pin  {rise@0.000ns fall@5.000ns period=10.000ns})
  Destination:            AN[0]
                            (output port)
  Path Group:             (none)
  Path Type:              Min at Fast Process Corner
  Data Path Delay:        1.785ns  (logic 1.377ns (77.177%)  route 0.407ns (22.823%))
  Logic Levels:           1  (OBUF=1)
  Clock Uncertainty:      0.025ns  ((TSJ^2 + TIJ^2)^1/2 + DJ) / 2 + PE
    Total System Jitter     (TSJ):    0.050ns
    Total Input Jitter      (TIJ):    0.000ns
    Discrete Jitter          (DJ):    0.000ns
    Phase Error              (PE):    0.000ns
  Timing Exception:       False Path

    Location             Delay type                Incr(ns)  Path(ns)    Netlist Resource(s)
  -------------------------------------------------------------------    -------------------
                         (clock sys_clk_pin rise edge)
                                                      0.000     0.000 r  
    E3                                                0.000     0.000 r  CLK100MHZ (IN)
                         net (fo=0)                   0.000     0.000    CLK100MHZ
    E3                   IBUF (Prop_ibuf_I_O)         0.250     0.250 r  CLK100MHZ_IBUF_inst/O
                         net (fo=1, routed)           0.644     0.894    CLK100MHZ_IBUF
    BUFGCTRL_X0Y16       BUFG (Prop_bufg_I_O)         0.026     0.920 r  CLK100MHZ_IBUF_BUFG_inst/O
                         net (fo=487, routed)         0.605     1.524    u_game_module/local_game_display_inst/CLK100MHZ_IBUF_BUFG
    SLICE_X0Y97          FDSE                                         r  u_game_module/local_game_display_inst/o_Anodes_reg[0]/C
  -------------------------------------------------------------------    -------------------
    SLICE_X0Y97          FDSE (Prop_fdse_C_Q)         0.141     1.665 r  u_game_module/local_game_display_inst/o_Anodes_reg[0]/Q
                         net (fo=1, routed)           0.407     2.073    AN_OBUF[0]
    J17                  OBUF (Prop_obuf_I_O)         1.236     3.309 r  AN_OBUF[0]_inst/O
                         net (fo=0)                   0.000     3.309    AN[0]
    J17                                                               r  AN[0] (OUT)
  -------------------------------------------------------------------    -------------------

Slack:                    inf
  Source:                 u_game_module/local_game_display_inst/o_Anodes_reg[3]/C
                            (rising edge-triggered cell FDSE clocked by sys_clk_pin  {rise@0.000ns fall@5.000ns period=10.000ns})
  Destination:            AN[3]
                            (output port)
  Path Group:             (none)
  Path Type:              Min at Fast Process Corner
  Data Path Delay:        1.903ns  (logic 1.394ns (73.242%)  route 0.509ns (26.758%))
  Logic Levels:           1  (OBUF=1)
  Clock Uncertainty:      0.025ns  ((TSJ^2 + TIJ^2)^1/2 + DJ) / 2 + PE
    Total System Jitter     (TSJ):    0.050ns
    Total Input Jitter      (TIJ):    0.000ns
    Discrete Jitter          (DJ):    0.000ns
    Phase Error              (PE):    0.000ns
  Timing Exception:       False Path

    Location             Delay type                Incr(ns)  Path(ns)    Netlist Resource(s)
  -------------------------------------------------------------------    -------------------
                         (clock sys_clk_pin rise edge)
                                                      0.000     0.000 r  
    E3                                                0.000     0.000 r  CLK100MHZ (IN)
                         net (fo=0)                   0.000     0.000    CLK100MHZ
    E3                   IBUF (Prop_ibuf_I_O)         0.250     0.250 r  CLK100MHZ_IBUF_inst/O
                         net (fo=1, routed)           0.644     0.894    CLK100MHZ_IBUF
    BUFGCTRL_X0Y16       BUFG (Prop_bufg_I_O)         0.026     0.920 r  CLK100MHZ_IBUF_BUFG_inst/O
                         net (fo=487, routed)         0.605     1.524    u_game_module/local_game_display_inst/CLK100MHZ_IBUF_BUFG
    SLICE_X1Y98          FDSE                                         r  u_game_module/local_game_display_inst/o_Anodes_reg[3]/C
  -------------------------------------------------------------------    -------------------
    SLICE_X1Y98          FDSE (Prop_fdse_C_Q)         0.141     1.665 r  u_game_module/local_game_display_inst/o_Anodes_reg[3]/Q
                         net (fo=1, routed)           0.509     2.174    AN_OBUF[3]
    J14                  OBUF (Prop_obuf_I_O)         1.253     3.427 r  AN_OBUF[3]_inst/O
                         net (fo=0)                   0.000     3.427    AN[3]
    J14                                                               r  AN[3] (OUT)
  -------------------------------------------------------------------    -------------------

Slack:                    inf
  Source:                 u_game_module/local_game_display_inst/o_Anodes_reg[4]/C
                            (rising edge-triggered cell FDSE clocked by sys_clk_pin  {rise@0.000ns fall@5.000ns period=10.000ns})
  Destination:            AN[4]
                            (output port)
  Path Group:             (none)
  Path Type:              Min at Fast Process Corner
  Data Path Delay:        1.916ns  (logic 1.392ns (72.625%)  route 0.525ns (27.375%))
  Logic Levels:           1  (OBUF=1)
  Clock Uncertainty:      0.025ns  ((TSJ^2 + TIJ^2)^1/2 + DJ) / 2 + PE
    Total System Jitter     (TSJ):    0.050ns
    Total Input Jitter      (TIJ):    0.000ns
    Discrete Jitter          (DJ):    0.000ns
    Phase Error              (PE):    0.000ns
  Timing Exception:       False Path

    Location             Delay type                Incr(ns)  Path(ns)    Netlist Resource(s)
  -------------------------------------------------------------------    -------------------
                         (clock sys_clk_pin rise edge)
                                                      0.000     0.000 r  
    E3                                                0.000     0.000 r  CLK100MHZ (IN)
                         net (fo=0)                   0.000     0.000    CLK100MHZ
    E3                   IBUF (Prop_ibuf_I_O)         0.250     0.250 r  CLK100MHZ_IBUF_inst/O
                         net (fo=1, routed)           0.644     0.894    CLK100MHZ_IBUF
    BUFGCTRL_X0Y16       BUFG (Prop_bufg_I_O)         0.026     0.920 r  CLK100MHZ_IBUF_BUFG_inst/O
                         net (fo=487, routed)         0.605     1.524    u_game_module/local_game_display_inst/CLK100MHZ_IBUF_BUFG
    SLICE_X1Y97          FDSE                                         r  u_game_module/local_game_display_inst/o_Anodes_reg[4]/C
  -------------------------------------------------------------------    -------------------
    SLICE_X1Y97          FDSE (Prop_fdse_C_Q)         0.141     1.665 r  u_game_module/local_game_display_inst/o_Anodes_reg[4]/Q
                         net (fo=1, routed)           0.525     2.190    AN_OBUF[4]
    P14                  OBUF (Prop_obuf_I_O)         1.251     3.441 r  AN_OBUF[4]_inst/O
                         net (fo=0)                   0.000     3.441    AN[4]
    P14                                                               r  AN[4] (OUT)
  -------------------------------------------------------------------    -------------------

Slack:                    inf
  Source:                 u_game_module/local_game_display_inst/o_LED16_bgr_reg[2]/C
                            (rising edge-triggered cell FDRE clocked by sys_clk_pin  {rise@0.000ns fall@5.000ns period=10.000ns})
  Destination:            LED16_BGR[2]
                            (output port)
  Path Group:             (none)
  Path Type:              Min at Fast Process Corner
  Data Path Delay:        1.935ns  (logic 1.359ns (70.262%)  route 0.575ns (29.738%))
  Logic Levels:           1  (OBUF=1)
  Clock Uncertainty:      0.025ns  ((TSJ^2 + TIJ^2)^1/2 + DJ) / 2 + PE
    Total System Jitter     (TSJ):    0.050ns
    Total Input Jitter      (TIJ):    0.000ns
    Discrete Jitter          (DJ):    0.000ns
    Phase Error              (PE):    0.000ns
  Timing Exception:       False Path

    Location             Delay type                Incr(ns)  Path(ns)    Netlist Resource(s)
  -------------------------------------------------------------------    -------------------
                         (clock sys_clk_pin rise edge)
                                                      0.000     0.000 r  
    E3                                                0.000     0.000 r  CLK100MHZ (IN)
                         net (fo=0)                   0.000     0.000    CLK100MHZ
    E3                   IBUF (Prop_ibuf_I_O)         0.250     0.250 r  CLK100MHZ_IBUF_inst/O
                         net (fo=1, routed)           0.644     0.894    CLK100MHZ_IBUF
    BUFGCTRL_X0Y16       BUFG (Prop_bufg_I_O)         0.026     0.920 r  CLK100MHZ_IBUF_BUFG_inst/O
                         net (fo=487, routed)         0.604     1.523    u_game_module/local_game_display_inst/CLK100MHZ_IBUF_BUFG
    SLICE_X3Y95          FDRE                                         r  u_game_module/local_game_display_inst/o_LED16_bgr_reg[2]/C
  -------------------------------------------------------------------    -------------------
    SLICE_X3Y95          FDRE (Prop_fdre_C_Q)         0.141     1.664 r  u_game_module/local_game_display_inst/o_LED16_bgr_reg[2]/Q
                         net (fo=1, routed)           0.575     2.240    LED16_BGR_OBUF[2]
    N15                  OBUF (Prop_obuf_I_O)         1.218     3.458 r  LED16_BGR_OBUF[2]_inst/O
                         net (fo=0)                   0.000     3.458    LED16_BGR[2]
    N15                                                               r  LED16_BGR[2] (OUT)
  -------------------------------------------------------------------    -------------------

Slack:                    inf
  Source:                 u_game_module/local_game_display_inst/o_Cathodes_reg[3]/C
                            (rising edge-triggered cell FDRE clocked by sys_clk_pin  {rise@0.000ns fall@5.000ns period=10.000ns})
  Destination:            C[3]
                            (output port)
  Path Group:             (none)
  Path Type:              Min at Fast Process Corner
  Data Path Delay:        1.956ns  (logic 1.392ns (71.175%)  route 0.564ns (28.825%))
  Logic Levels:           1  (OBUF=1)
  Clock Uncertainty:      0.025ns  ((TSJ^2 + TIJ^2)^1/2 + DJ) / 2 + PE
    Total System Jitter     (TSJ):    0.050ns
    Total Input Jitter      (TIJ):    0.000ns
    Discrete Jitter          (DJ):    0.000ns
    Phase Error              (PE):    0.000ns
  Timing Exception:       False Path

    Location             Delay type                Incr(ns)  Path(ns)    Netlist Resource(s)
  -------------------------------------------------------------------    -------------------
                         (clock sys_clk_pin rise edge)
                                                      0.000     0.000 r  
    E3                                                0.000     0.000 r  CLK100MHZ (IN)
                         net (fo=0)                   0.000     0.000    CLK100MHZ
    E3                   IBUF (Prop_ibuf_I_O)         0.250     0.250 r  CLK100MHZ_IBUF_inst/O
                         net (fo=1, routed)           0.644     0.894    CLK100MHZ_IBUF
    BUFGCTRL_X0Y16       BUFG (Prop_bufg_I_O)         0.026     0.920 r  CLK100MHZ_IBUF_BUFG_inst/O
                         net (fo=487, routed)         0.605     1.524    u_game_module/local_game_display_inst/CLK100MHZ_IBUF_BUFG
    SLICE_X3Y99          FDRE                                         r  u_game_module/local_game_display_inst/o_Cathodes_reg[3]/C
  -------------------------------------------------------------------    -------------------
    SLICE_X3Y99          FDRE (Prop_fdre_C_Q)         0.141     1.665 r  u_game_module/local_game_display_inst/o_Cathodes_reg[3]/Q
                         net (fo=1, routed)           0.564     2.229    C_OBUF[3]
    K13                  OBUF (Prop_obuf_I_O)         1.251     3.480 r  C_OBUF[3]_inst/O
                         net (fo=0)                   0.000     3.480    C[3]
    K13                                                               r  C[3] (OUT)
  -------------------------------------------------------------------    -------------------





--------------------------------------------------------------------------------------
Path Group:  (none)
From Clock:  
  To Clock:  sys_clk_pin

Max Delay           590 Endpoints
Min Delay           590 Endpoints
--------------------------------------------------------------------------------------


Max Delay Paths
--------------------------------------------------------------------------------------
Slack:                    inf
  Source:                 CPU_RESETN
                            (input port)
  Destination:            u_game_module/game_mechanics_inst/r_ball_pos_y_reg[3]/CE
                            (rising edge-triggered cell FDRE clocked by sys_clk_pin  {rise@0.000ns fall@5.000ns period=10.000ns})
  Path Group:             (none)
  Path Type:              Setup (Max at Slow Process Corner)
  Data Path Delay:        9.766ns  (logic 1.985ns (20.326%)  route 7.781ns (79.674%))
  Logic Levels:           3  (IBUF=1 LUT4=1 LUT5=1)
  Clock Path Skew:        4.930ns (DCD - SCD + CPR)
    Destination Clock Delay (DCD):    4.930ns
    Source Clock Delay      (SCD):    0.000ns
    Clock Pessimism Removal (CPR):    0.000ns
  Clock Uncertainty:      0.025ns  ((TSJ^2 + TIJ^2)^1/2 + DJ) / 2 + PE
    Total System Jitter     (TSJ):    0.050ns
    Total Input Jitter      (TIJ):    0.000ns
    Discrete Jitter          (DJ):    0.000ns
    Phase Error              (PE):    0.000ns
  Timing Exception:       False Path

    Location             Delay type                Incr(ns)  Path(ns)    Netlist Resource(s)
  -------------------------------------------------------------------    -------------------
    C12                                               0.000     0.000 f  CPU_RESETN (IN)
                         net (fo=0)                   0.000     0.000    CPU_RESETN
    C12                  IBUF (Prop_ibuf_I_O)         1.507     1.507 f  CPU_RESETN_IBUF_inst/O
                         net (fo=155, routed)         6.106     7.613    u_game_module/game_mechanics_inst/CPU_RESETN_IBUF
    SLICE_X13Y101        LUT5 (Prop_lut5_I4_O)        0.152     7.765 r  u_game_module/game_mechanics_inst/r_ball_pos_y[5]_i_3/O
                         net (fo=2, routed)           1.094     8.859    u_game_module/game_mechanics_inst/r_ball_pos_y[5]_i_3_n_0
    SLICE_X15Y104        LUT4 (Prop_lut4_I0_O)        0.326     9.185 r  u_game_module/game_mechanics_inst/r_ball_pos_y[5]_i_1/O
                         net (fo=6, routed)           0.580     9.766    u_game_module/game_mechanics_inst/r_ball_pos_y[0]
    SLICE_X15Y104        FDRE                                         r  u_game_module/game_mechanics_inst/r_ball_pos_y_reg[3]/CE
  -------------------------------------------------------------------    -------------------

                         (clock sys_clk_pin rise edge)
                                                      0.000     0.000 r  
    E3                                                0.000     0.000 r  CLK100MHZ (IN)
                         net (fo=0)                   0.000     0.000    CLK100MHZ
    E3                   IBUF (Prop_ibuf_I_O)         1.411     1.411 r  CLK100MHZ_IBUF_inst/O
                         net (fo=1, routed)           1.920     3.331    CLK100MHZ_IBUF
    BUFGCTRL_X0Y16       BUFG (Prop_bufg_I_O)         0.091     3.422 r  CLK100MHZ_IBUF_BUFG_inst/O
                         net (fo=487, routed)         1.508     4.930    u_game_module/game_mechanics_inst/CLK100MHZ_IBUF_BUFG
    SLICE_X15Y104        FDRE                                         r  u_game_module/game_mechanics_inst/r_ball_pos_y_reg[3]/C

Slack:                    inf
  Source:                 CPU_RESETN
                            (input port)
  Destination:            u_uart_module/uart_transmit_inst/r_TX_cnt_reg[0]/CLR
                            (recovery check against rising-edge clock sys_clk_pin  {rise@0.000ns fall@5.000ns period=10.000ns})
  Path Group:             (none)
  Path Type:              Recovery (Max at Slow Process Corner)
  Data Path Delay:        9.757ns  (logic 1.660ns (17.014%)  route 8.097ns (82.986%))
  Logic Levels:           2  (IBUF=1 LUT1=1)
  Clock Path Skew:        4.924ns (DCD - SCD + CPR)
    Destination Clock Delay (DCD):    4.924ns
    Source Clock Delay      (SCD):    0.000ns
    Clock Pessimism Removal (CPR):    0.000ns
  Clock Uncertainty:      0.025ns  ((TSJ^2 + TIJ^2)^1/2 + DJ) / 2 + PE
    Total System Jitter     (TSJ):    0.050ns
    Total Input Jitter      (TIJ):    0.000ns
    Discrete Jitter          (DJ):    0.000ns
    Phase Error              (PE):    0.000ns
  Timing Exception:       False Path

    Location             Delay type                Incr(ns)  Path(ns)    Netlist Resource(s)
  -------------------------------------------------------------------    -------------------
    C12                                               0.000     0.000 r  CPU_RESETN (IN)
                         net (fo=0)                   0.000     0.000    CPU_RESETN
    C12                  IBUF (Prop_ibuf_I_O)         1.507     1.507 r  CPU_RESETN_IBUF_inst/O
                         net (fo=155, routed)         5.524     7.031    u_uart_module/uart_transmit_inst/CPU_RESETN_IBUF
    SLICE_X9Y101         LUT1 (Prop_lut1_I0_O)        0.153     7.184 f  u_uart_module/uart_transmit_inst/FSM_sequential_r_RX_state[1]_i_2/O
                         net (fo=131, routed)         2.573     9.757    u_uart_module/uart_transmit_inst/CPU_RESETN
    SLICE_X15Y115        FDCE                                         f  u_uart_module/uart_transmit_inst/r_TX_cnt_reg[0]/CLR
  -------------------------------------------------------------------    -------------------

                         (clock sys_clk_pin rise edge)
                                                      0.000     0.000 r  
    E3                                                0.000     0.000 r  CLK100MHZ (IN)
                         net (fo=0)                   0.000     0.000    CLK100MHZ
    E3                   IBUF (Prop_ibuf_I_O)         1.411     1.411 r  CLK100MHZ_IBUF_inst/O
                         net (fo=1, routed)           1.920     3.331    CLK100MHZ_IBUF
    BUFGCTRL_X0Y16       BUFG (Prop_bufg_I_O)         0.091     3.422 r  CLK100MHZ_IBUF_BUFG_inst/O
                         net (fo=487, routed)         1.502     4.924    u_uart_module/uart_transmit_inst/CLK100MHZ_IBUF_BUFG
    SLICE_X15Y115        FDCE                                         r  u_uart_module/uart_transmit_inst/r_TX_cnt_reg[0]/C

Slack:                    inf
  Source:                 CPU_RESETN
                            (input port)
  Destination:            u_uart_module/uart_transmit_inst/r_TX_cnt_reg[1]/CLR
                            (recovery check against rising-edge clock sys_clk_pin  {rise@0.000ns fall@5.000ns period=10.000ns})
  Path Group:             (none)
  Path Type:              Recovery (Max at Slow Process Corner)
  Data Path Delay:        9.757ns  (logic 1.660ns (17.014%)  route 8.097ns (82.986%))
  Logic Levels:           2  (IBUF=1 LUT1=1)
  Clock Path Skew:        4.924ns (DCD - SCD + CPR)
    Destination Clock Delay (DCD):    4.924ns
    Source Clock Delay      (SCD):    0.000ns
    Clock Pessimism Removal (CPR):    0.000ns
  Clock Uncertainty:      0.025ns  ((TSJ^2 + TIJ^2)^1/2 + DJ) / 2 + PE
    Total System Jitter     (TSJ):    0.050ns
    Total Input Jitter      (TIJ):    0.000ns
    Discrete Jitter          (DJ):    0.000ns
    Phase Error              (PE):    0.000ns
  Timing Exception:       False Path

    Location             Delay type                Incr(ns)  Path(ns)    Netlist Resource(s)
  -------------------------------------------------------------------    -------------------
    C12                                               0.000     0.000 r  CPU_RESETN (IN)
                         net (fo=0)                   0.000     0.000    CPU_RESETN
    C12                  IBUF (Prop_ibuf_I_O)         1.507     1.507 r  CPU_RESETN_IBUF_inst/O
                         net (fo=155, routed)         5.524     7.031    u_uart_module/uart_transmit_inst/CPU_RESETN_IBUF
    SLICE_X9Y101         LUT1 (Prop_lut1_I0_O)        0.153     7.184 f  u_uart_module/uart_transmit_inst/FSM_sequential_r_RX_state[1]_i_2/O
                         net (fo=131, routed)         2.573     9.757    u_uart_module/uart_transmit_inst/CPU_RESETN
    SLICE_X14Y115        FDCE                                         f  u_uart_module/uart_transmit_inst/r_TX_cnt_reg[1]/CLR
  -------------------------------------------------------------------    -------------------

                         (clock sys_clk_pin rise edge)
                                                      0.000     0.000 r  
    E3                                                0.000     0.000 r  CLK100MHZ (IN)
                         net (fo=0)                   0.000     0.000    CLK100MHZ
    E3                   IBUF (Prop_ibuf_I_O)         1.411     1.411 r  CLK100MHZ_IBUF_inst/O
                         net (fo=1, routed)           1.920     3.331    CLK100MHZ_IBUF
    BUFGCTRL_X0Y16       BUFG (Prop_bufg_I_O)         0.091     3.422 r  CLK100MHZ_IBUF_BUFG_inst/O
                         net (fo=487, routed)         1.502     4.924    u_uart_module/uart_transmit_inst/CLK100MHZ_IBUF_BUFG
    SLICE_X14Y115        FDCE                                         r  u_uart_module/uart_transmit_inst/r_TX_cnt_reg[1]/C

Slack:                    inf
  Source:                 CPU_RESETN
                            (input port)
  Destination:            u_uart_module/uart_transmit_inst/r_TX_cnt_reg[2]/CLR
                            (recovery check against rising-edge clock sys_clk_pin  {rise@0.000ns fall@5.000ns period=10.000ns})
  Path Group:             (none)
  Path Type:              Recovery (Max at Slow Process Corner)
  Data Path Delay:        9.757ns  (logic 1.660ns (17.014%)  route 8.097ns (82.986%))
  Logic Levels:           2  (IBUF=1 LUT1=1)
  Clock Path Skew:        4.924ns (DCD - SCD + CPR)
    Destination Clock Delay (DCD):    4.924ns
    Source Clock Delay      (SCD):    0.000ns
    Clock Pessimism Removal (CPR):    0.000ns
  Clock Uncertainty:      0.025ns  ((TSJ^2 + TIJ^2)^1/2 + DJ) / 2 + PE
    Total System Jitter     (TSJ):    0.050ns
    Total Input Jitter      (TIJ):    0.000ns
    Discrete Jitter          (DJ):    0.000ns
    Phase Error              (PE):    0.000ns
  Timing Exception:       False Path

    Location             Delay type                Incr(ns)  Path(ns)    Netlist Resource(s)
  -------------------------------------------------------------------    -------------------
    C12                                               0.000     0.000 r  CPU_RESETN (IN)
                         net (fo=0)                   0.000     0.000    CPU_RESETN
    C12                  IBUF (Prop_ibuf_I_O)         1.507     1.507 r  CPU_RESETN_IBUF_inst/O
                         net (fo=155, routed)         5.524     7.031    u_uart_module/uart_transmit_inst/CPU_RESETN_IBUF
    SLICE_X9Y101         LUT1 (Prop_lut1_I0_O)        0.153     7.184 f  u_uart_module/uart_transmit_inst/FSM_sequential_r_RX_state[1]_i_2/O
                         net (fo=131, routed)         2.573     9.757    u_uart_module/uart_transmit_inst/CPU_RESETN
    SLICE_X14Y115        FDCE                                         f  u_uart_module/uart_transmit_inst/r_TX_cnt_reg[2]/CLR
  -------------------------------------------------------------------    -------------------

                         (clock sys_clk_pin rise edge)
                                                      0.000     0.000 r  
    E3                                                0.000     0.000 r  CLK100MHZ (IN)
                         net (fo=0)                   0.000     0.000    CLK100MHZ
    E3                   IBUF (Prop_ibuf_I_O)         1.411     1.411 r  CLK100MHZ_IBUF_inst/O
                         net (fo=1, routed)           1.920     3.331    CLK100MHZ_IBUF
    BUFGCTRL_X0Y16       BUFG (Prop_bufg_I_O)         0.091     3.422 r  CLK100MHZ_IBUF_BUFG_inst/O
                         net (fo=487, routed)         1.502     4.924    u_uart_module/uart_transmit_inst/CLK100MHZ_IBUF_BUFG
    SLICE_X14Y115        FDCE                                         r  u_uart_module/uart_transmit_inst/r_TX_cnt_reg[2]/C

Slack:                    inf
  Source:                 CPU_RESETN
                            (input port)
  Destination:            u_uart_module/uart_transmit_inst/r_TX_cnt_reg[3]/CLR
                            (recovery check against rising-edge clock sys_clk_pin  {rise@0.000ns fall@5.000ns period=10.000ns})
  Path Group:             (none)
  Path Type:              Recovery (Max at Slow Process Corner)
  Data Path Delay:        9.757ns  (logic 1.660ns (17.014%)  route 8.097ns (82.986%))
  Logic Levels:           2  (IBUF=1 LUT1=1)
  Clock Path Skew:        4.924ns (DCD - SCD + CPR)
    Destination Clock Delay (DCD):    4.924ns
    Source Clock Delay      (SCD):    0.000ns
    Clock Pessimism Removal (CPR):    0.000ns
  Clock Uncertainty:      0.025ns  ((TSJ^2 + TIJ^2)^1/2 + DJ) / 2 + PE
    Total System Jitter     (TSJ):    0.050ns
    Total Input Jitter      (TIJ):    0.000ns
    Discrete Jitter          (DJ):    0.000ns
    Phase Error              (PE):    0.000ns
  Timing Exception:       False Path

    Location             Delay type                Incr(ns)  Path(ns)    Netlist Resource(s)
  -------------------------------------------------------------------    -------------------
    C12                                               0.000     0.000 r  CPU_RESETN (IN)
                         net (fo=0)                   0.000     0.000    CPU_RESETN
    C12                  IBUF (Prop_ibuf_I_O)         1.507     1.507 r  CPU_RESETN_IBUF_inst/O
                         net (fo=155, routed)         5.524     7.031    u_uart_module/uart_transmit_inst/CPU_RESETN_IBUF
    SLICE_X9Y101         LUT1 (Prop_lut1_I0_O)        0.153     7.184 f  u_uart_module/uart_transmit_inst/FSM_sequential_r_RX_state[1]_i_2/O
                         net (fo=131, routed)         2.573     9.757    u_uart_module/uart_transmit_inst/CPU_RESETN
    SLICE_X14Y115        FDCE                                         f  u_uart_module/uart_transmit_inst/r_TX_cnt_reg[3]/CLR
  -------------------------------------------------------------------    -------------------

                         (clock sys_clk_pin rise edge)
                                                      0.000     0.000 r  
    E3                                                0.000     0.000 r  CLK100MHZ (IN)
                         net (fo=0)                   0.000     0.000    CLK100MHZ
    E3                   IBUF (Prop_ibuf_I_O)         1.411     1.411 r  CLK100MHZ_IBUF_inst/O
                         net (fo=1, routed)           1.920     3.331    CLK100MHZ_IBUF
    BUFGCTRL_X0Y16       BUFG (Prop_bufg_I_O)         0.091     3.422 r  CLK100MHZ_IBUF_BUFG_inst/O
                         net (fo=487, routed)         1.502     4.924    u_uart_module/uart_transmit_inst/CLK100MHZ_IBUF_BUFG
    SLICE_X14Y115        FDCE                                         r  u_uart_module/uart_transmit_inst/r_TX_cnt_reg[3]/C

Slack:                    inf
  Source:                 CPU_RESETN
                            (input port)
  Destination:            u_uart_module/uart_transmit_inst/r_TX_cnt_reg[4]/CLR
                            (recovery check against rising-edge clock sys_clk_pin  {rise@0.000ns fall@5.000ns period=10.000ns})
  Path Group:             (none)
  Path Type:              Recovery (Max at Slow Process Corner)
  Data Path Delay:        9.757ns  (logic 1.660ns (17.014%)  route 8.097ns (82.986%))
  Logic Levels:           2  (IBUF=1 LUT1=1)
  Clock Path Skew:        4.924ns (DCD - SCD + CPR)
    Destination Clock Delay (DCD):    4.924ns
    Source Clock Delay      (SCD):    0.000ns
    Clock Pessimism Removal (CPR):    0.000ns
  Clock Uncertainty:      0.025ns  ((TSJ^2 + TIJ^2)^1/2 + DJ) / 2 + PE
    Total System Jitter     (TSJ):    0.050ns
    Total Input Jitter      (TIJ):    0.000ns
    Discrete Jitter          (DJ):    0.000ns
    Phase Error              (PE):    0.000ns
  Timing Exception:       False Path

    Location             Delay type                Incr(ns)  Path(ns)    Netlist Resource(s)
  -------------------------------------------------------------------    -------------------
    C12                                               0.000     0.000 r  CPU_RESETN (IN)
                         net (fo=0)                   0.000     0.000    CPU_RESETN
    C12                  IBUF (Prop_ibuf_I_O)         1.507     1.507 r  CPU_RESETN_IBUF_inst/O
                         net (fo=155, routed)         5.524     7.031    u_uart_module/uart_transmit_inst/CPU_RESETN_IBUF
    SLICE_X9Y101         LUT1 (Prop_lut1_I0_O)        0.153     7.184 f  u_uart_module/uart_transmit_inst/FSM_sequential_r_RX_state[1]_i_2/O
                         net (fo=131, routed)         2.573     9.757    u_uart_module/uart_transmit_inst/CPU_RESETN
    SLICE_X15Y115        FDCE                                         f  u_uart_module/uart_transmit_inst/r_TX_cnt_reg[4]/CLR
  -------------------------------------------------------------------    -------------------

                         (clock sys_clk_pin rise edge)
                                                      0.000     0.000 r  
    E3                                                0.000     0.000 r  CLK100MHZ (IN)
                         net (fo=0)                   0.000     0.000    CLK100MHZ
    E3                   IBUF (Prop_ibuf_I_O)         1.411     1.411 r  CLK100MHZ_IBUF_inst/O
                         net (fo=1, routed)           1.920     3.331    CLK100MHZ_IBUF
    BUFGCTRL_X0Y16       BUFG (Prop_bufg_I_O)         0.091     3.422 r  CLK100MHZ_IBUF_BUFG_inst/O
                         net (fo=487, routed)         1.502     4.924    u_uart_module/uart_transmit_inst/CLK100MHZ_IBUF_BUFG
    SLICE_X15Y115        FDCE                                         r  u_uart_module/uart_transmit_inst/r_TX_cnt_reg[4]/C

Slack:                    inf
  Source:                 CPU_RESETN
                            (input port)
  Destination:            u_uart_module/uart_transmit_inst/r_TX_cnt_reg[5]/CLR
                            (recovery check against rising-edge clock sys_clk_pin  {rise@0.000ns fall@5.000ns period=10.000ns})
  Path Group:             (none)
  Path Type:              Recovery (Max at Slow Process Corner)
  Data Path Delay:        9.757ns  (logic 1.660ns (17.014%)  route 8.097ns (82.986%))
  Logic Levels:           2  (IBUF=1 LUT1=1)
  Clock Path Skew:        4.924ns (DCD - SCD + CPR)
    Destination Clock Delay (DCD):    4.924ns
    Source Clock Delay      (SCD):    0.000ns
    Clock Pessimism Removal (CPR):    0.000ns
  Clock Uncertainty:      0.025ns  ((TSJ^2 + TIJ^2)^1/2 + DJ) / 2 + PE
    Total System Jitter     (TSJ):    0.050ns
    Total Input Jitter      (TIJ):    0.000ns
    Discrete Jitter          (DJ):    0.000ns
    Phase Error              (PE):    0.000ns
  Timing Exception:       False Path

    Location             Delay type                Incr(ns)  Path(ns)    Netlist Resource(s)
  -------------------------------------------------------------------    -------------------
    C12                                               0.000     0.000 r  CPU_RESETN (IN)
                         net (fo=0)                   0.000     0.000    CPU_RESETN
    C12                  IBUF (Prop_ibuf_I_O)         1.507     1.507 r  CPU_RESETN_IBUF_inst/O
                         net (fo=155, routed)         5.524     7.031    u_uart_module/uart_transmit_inst/CPU_RESETN_IBUF
    SLICE_X9Y101         LUT1 (Prop_lut1_I0_O)        0.153     7.184 f  u_uart_module/uart_transmit_inst/FSM_sequential_r_RX_state[1]_i_2/O
                         net (fo=131, routed)         2.573     9.757    u_uart_module/uart_transmit_inst/CPU_RESETN
    SLICE_X15Y115        FDCE                                         f  u_uart_module/uart_transmit_inst/r_TX_cnt_reg[5]/CLR
  -------------------------------------------------------------------    -------------------

                         (clock sys_clk_pin rise edge)
                                                      0.000     0.000 r  
    E3                                                0.000     0.000 r  CLK100MHZ (IN)
                         net (fo=0)                   0.000     0.000    CLK100MHZ
    E3                   IBUF (Prop_ibuf_I_O)         1.411     1.411 r  CLK100MHZ_IBUF_inst/O
                         net (fo=1, routed)           1.920     3.331    CLK100MHZ_IBUF
    BUFGCTRL_X0Y16       BUFG (Prop_bufg_I_O)         0.091     3.422 r  CLK100MHZ_IBUF_BUFG_inst/O
                         net (fo=487, routed)         1.502     4.924    u_uart_module/uart_transmit_inst/CLK100MHZ_IBUF_BUFG
    SLICE_X15Y115        FDCE                                         r  u_uart_module/uart_transmit_inst/r_TX_cnt_reg[5]/C

Slack:                    inf
  Source:                 CPU_RESETN
                            (input port)
  Destination:            u_game_module/game_mechanics_inst/r_p2_score_reg[1]/D
                            (rising edge-triggered cell FDRE clocked by sys_clk_pin  {rise@0.000ns fall@5.000ns period=10.000ns})
  Path Group:             (none)
  Path Type:              Setup (Max at Slow Process Corner)
  Data Path Delay:        9.754ns  (logic 1.991ns (20.413%)  route 7.763ns (79.587%))
  Logic Levels:           3  (IBUF=1 LUT5=1 LUT6=1)
  Clock Path Skew:        4.933ns (DCD - SCD + CPR)
    Destination Clock Delay (DCD):    4.933ns
    Source Clock Delay      (SCD):    0.000ns
    Clock Pessimism Removal (CPR):    0.000ns
  Clock Uncertainty:      0.025ns  ((TSJ^2 + TIJ^2)^1/2 + DJ) / 2 + PE
    Total System Jitter     (TSJ):    0.050ns
    Total Input Jitter      (TIJ):    0.000ns
    Discrete Jitter          (DJ):    0.000ns
    Phase Error              (PE):    0.000ns
  Timing Exception:       False Path

    Location             Delay type                Incr(ns)  Path(ns)    Netlist Resource(s)
  -------------------------------------------------------------------    -------------------
    C12                                               0.000     0.000 f  CPU_RESETN (IN)
                         net (fo=0)                   0.000     0.000    CPU_RESETN
    C12                  IBUF (Prop_ibuf_I_O)         1.507     1.507 f  CPU_RESETN_IBUF_inst/O
                         net (fo=155, routed)         6.105     7.612    u_game_module/game_mechanics_inst/CPU_RESETN_IBUF
    SLICE_X11Y100        LUT5 (Prop_lut5_I4_O)        0.152     7.764 r  u_game_module/game_mechanics_inst/r_ball_rate[23]_i_1/O
                         net (fo=26, routed)          1.658     9.422    u_game_module/game_mechanics_inst/r_ball_rate[23]_i_1_n_0
    SLICE_X10Y103        LUT6 (Prop_lut6_I3_O)        0.332     9.754 r  u_game_module/game_mechanics_inst/r_p2_score[1]_i_1/O
                         net (fo=1, routed)           0.000     9.754    u_game_module/game_mechanics_inst/r_p2_score[1]_i_1_n_0
    SLICE_X10Y103        FDRE                                         r  u_game_module/game_mechanics_inst/r_p2_score_reg[1]/D
  -------------------------------------------------------------------    -------------------

                         (clock sys_clk_pin rise edge)
                                                      0.000     0.000 r  
    E3                                                0.000     0.000 r  CLK100MHZ (IN)
                         net (fo=0)                   0.000     0.000    CLK100MHZ
    E3                   IBUF (Prop_ibuf_I_O)         1.411     1.411 r  CLK100MHZ_IBUF_inst/O
                         net (fo=1, routed)           1.920     3.331    CLK100MHZ_IBUF
    BUFGCTRL_X0Y16       BUFG (Prop_bufg_I_O)         0.091     3.422 r  CLK100MHZ_IBUF_BUFG_inst/O
                         net (fo=487, routed)         1.511     4.933    u_game_module/game_mechanics_inst/CLK100MHZ_IBUF_BUFG
    SLICE_X10Y103        FDRE                                         r  u_game_module/game_mechanics_inst/r_p2_score_reg[1]/C

Slack:                    inf
  Source:                 CPU_RESETN
                            (input port)
  Destination:            u_game_module/game_render_inst/r_old2_pos_reg[1]/S
                            (rising edge-triggered cell FDSE clocked by sys_clk_pin  {rise@0.000ns fall@5.000ns period=10.000ns})
  Path Group:             (none)
  Path Type:              Setup (Max at Slow Process Corner)
  Data Path Delay:        9.710ns  (logic 2.109ns (21.720%)  route 7.601ns (78.280%))
  Logic Levels:           4  (IBUF=1 LUT3=1 LUT5=1 LUT6=1)
  Clock Path Skew:        5.011ns (DCD - SCD + CPR)
    Destination Clock Delay (DCD):    5.011ns
    Source Clock Delay      (SCD):    0.000ns
    Clock Pessimism Removal (CPR):    0.000ns
  Clock Uncertainty:      0.025ns  ((TSJ^2 + TIJ^2)^1/2 + DJ) / 2 + PE
    Total System Jitter     (TSJ):    0.050ns
    Total Input Jitter      (TIJ):    0.000ns
    Discrete Jitter          (DJ):    0.000ns
    Phase Error              (PE):    0.000ns
  Timing Exception:       False Path

    Location             Delay type                Incr(ns)  Path(ns)    Netlist Resource(s)
  -------------------------------------------------------------------    -------------------
    C12                                               0.000     0.000 f  CPU_RESETN (IN)
                         net (fo=0)                   0.000     0.000    CPU_RESETN
    C12                  IBUF (Prop_ibuf_I_O)         1.507     1.507 f  CPU_RESETN_IBUF_inst/O
                         net (fo=155, routed)         5.335     6.842    u_game_module/game_mechanics_inst/CPU_RESETN_IBUF
    SLICE_X4Y104         LUT5 (Prop_lut5_I0_O)        0.152     6.994 f  u_game_module/game_mechanics_inst/r_ball_state[0]_i_4/O
                         net (fo=9, routed)           0.987     7.981    u_game_module/game_render_inst/r_ball_state_reg[0]_2
    SLICE_X3Y106         LUT3 (Prop_lut3_I2_O)        0.326     8.307 r  u_game_module/game_render_inst/r_old2_pos[5]_i_2/O
                         net (fo=7, routed)           0.553     8.860    u_game_module/game_render_inst/r_old2_pos[5]_i_2_n_0
    SLICE_X4Y107         LUT6 (Prop_lut6_I0_O)        0.124     8.984 r  u_game_module/game_render_inst/r_old2_pos[5]_i_1/O
                         net (fo=6, routed)           0.726     9.710    u_game_module/game_render_inst/r_old2_pos[5]_i_1_n_0
    SLICE_X3Y105         FDSE                                         r  u_game_module/game_render_inst/r_old2_pos_reg[1]/S
  -------------------------------------------------------------------    -------------------

                         (clock sys_clk_pin rise edge)
                                                      0.000     0.000 r  
    E3                                                0.000     0.000 r  CLK100MHZ (IN)
                         net (fo=0)                   0.000     0.000    CLK100MHZ
    E3                   IBUF (Prop_ibuf_I_O)         1.411     1.411 r  CLK100MHZ_IBUF_inst/O
                         net (fo=1, routed)           1.920     3.331    CLK100MHZ_IBUF
    BUFGCTRL_X0Y16       BUFG (Prop_bufg_I_O)         0.091     3.422 r  CLK100MHZ_IBUF_BUFG_inst/O
                         net (fo=487, routed)         1.589     5.011    u_game_module/game_render_inst/CLK100MHZ_IBUF_BUFG
    SLICE_X3Y105         FDSE                                         r  u_game_module/game_render_inst/r_old2_pos_reg[1]/C

Slack:                    inf
  Source:                 CPU_RESETN
                            (input port)
  Destination:            u_game_module/game_render_inst/r_old2_pos_reg[2]/S
                            (rising edge-triggered cell FDSE clocked by sys_clk_pin  {rise@0.000ns fall@5.000ns period=10.000ns})
  Path Group:             (none)
  Path Type:              Setup (Max at Slow Process Corner)
  Data Path Delay:        9.710ns  (logic 2.109ns (21.720%)  route 7.601ns (78.280%))
  Logic Levels:           4  (IBUF=1 LUT3=1 LUT5=1 LUT6=1)
  Clock Path Skew:        5.011ns (DCD - SCD + CPR)
    Destination Clock Delay (DCD):    5.011ns
    Source Clock Delay      (SCD):    0.000ns
    Clock Pessimism Removal (CPR):    0.000ns
  Clock Uncertainty:      0.025ns  ((TSJ^2 + TIJ^2)^1/2 + DJ) / 2 + PE
    Total System Jitter     (TSJ):    0.050ns
    Total Input Jitter      (TIJ):    0.000ns
    Discrete Jitter          (DJ):    0.000ns
    Phase Error              (PE):    0.000ns
  Timing Exception:       False Path

    Location             Delay type                Incr(ns)  Path(ns)    Netlist Resource(s)
  -------------------------------------------------------------------    -------------------
    C12                                               0.000     0.000 f  CPU_RESETN (IN)
                         net (fo=0)                   0.000     0.000    CPU_RESETN
    C12                  IBUF (Prop_ibuf_I_O)         1.507     1.507 f  CPU_RESETN_IBUF_inst/O
                         net (fo=155, routed)         5.335     6.842    u_game_module/game_mechanics_inst/CPU_RESETN_IBUF
    SLICE_X4Y104         LUT5 (Prop_lut5_I0_O)        0.152     6.994 f  u_game_module/game_mechanics_inst/r_ball_state[0]_i_4/O
                         net (fo=9, routed)           0.987     7.981    u_game_module/game_render_inst/r_ball_state_reg[0]_2
    SLICE_X3Y106         LUT3 (Prop_lut3_I2_O)        0.326     8.307 r  u_game_module/game_render_inst/r_old2_pos[5]_i_2/O
                         net (fo=7, routed)           0.553     8.860    u_game_module/game_render_inst/r_old2_pos[5]_i_2_n_0
    SLICE_X4Y107         LUT6 (Prop_lut6_I0_O)        0.124     8.984 r  u_game_module/game_render_inst/r_old2_pos[5]_i_1/O
                         net (fo=6, routed)           0.726     9.710    u_game_module/game_render_inst/r_old2_pos[5]_i_1_n_0
    SLICE_X2Y105         FDSE                                         r  u_game_module/game_render_inst/r_old2_pos_reg[2]/S
  -------------------------------------------------------------------    -------------------

                         (clock sys_clk_pin rise edge)
                                                      0.000     0.000 r  
    E3                                                0.000     0.000 r  CLK100MHZ (IN)
                         net (fo=0)                   0.000     0.000    CLK100MHZ
    E3                   IBUF (Prop_ibuf_I_O)         1.411     1.411 r  CLK100MHZ_IBUF_inst/O
                         net (fo=1, routed)           1.920     3.331    CLK100MHZ_IBUF
    BUFGCTRL_X0Y16       BUFG (Prop_bufg_I_O)         0.091     3.422 r  CLK100MHZ_IBUF_BUFG_inst/O
                         net (fo=487, routed)         1.589     5.011    u_game_module/game_render_inst/CLK100MHZ_IBUF_BUFG
    SLICE_X2Y105         FDSE                                         r  u_game_module/game_render_inst/r_old2_pos_reg[2]/C





Min Delay Paths
--------------------------------------------------------------------------------------
Slack:                    inf
  Source:                 BTN[3]
                            (input port)
  Destination:            u_modification_module/button_inputs_inst/o_Mod_state_change_reg/D
                            (rising edge-triggered cell FDRE clocked by sys_clk_pin  {rise@0.000ns fall@5.000ns period=10.000ns})
  Path Group:             (none)
  Path Type:              Hold (Min at Fast Process Corner)
  Data Path Delay:        0.615ns  (logic 0.280ns (45.585%)  route 0.335ns (54.415%))
  Logic Levels:           2  (IBUF=1 LUT3=1)
  Clock Path Skew:        2.031ns (DCD - SCD - CPR)
    Destination Clock Delay (DCD):    2.031ns
    Source Clock Delay      (SCD):    0.000ns
    Clock Pessimism Removal (CPR):    -0.000ns
  Timing Exception:       False Path

    Location             Delay type                Incr(ns)  Path(ns)    Netlist Resource(s)
  -------------------------------------------------------------------    -------------------
    M17                                               0.000     0.000 r  BTN[3] (IN)
                         net (fo=0)                   0.000     0.000    BTN[3]
    M17                  IBUF (Prop_ibuf_I_O)         0.235     0.235 r  BTN_IBUF[3]_inst/O
                         net (fo=2, routed)           0.335     0.570    u_modification_module/button_inputs_inst/BTN_IBUF[3]
    SLICE_X0Y79          LUT3 (Prop_lut3_I2_O)        0.045     0.615 r  u_modification_module/button_inputs_inst/o_Mod_state_change_i_1/O
                         net (fo=1, routed)           0.000     0.615    u_modification_module/button_inputs_inst/r_spam_lr0
    SLICE_X0Y79          FDRE                                         r  u_modification_module/button_inputs_inst/o_Mod_state_change_reg/D
  -------------------------------------------------------------------    -------------------

                         (clock sys_clk_pin rise edge)
                                                      0.000     0.000 r  
    E3                                                0.000     0.000 r  CLK100MHZ (IN)
                         net (fo=0)                   0.000     0.000    CLK100MHZ
    E3                   IBUF (Prop_ibuf_I_O)         0.438     0.438 r  CLK100MHZ_IBUF_inst/O
                         net (fo=1, routed)           0.699     1.136    CLK100MHZ_IBUF
    BUFGCTRL_X0Y16       BUFG (Prop_bufg_I_O)         0.029     1.165 r  CLK100MHZ_IBUF_BUFG_inst/O
                         net (fo=487, routed)         0.866     2.031    u_modification_module/button_inputs_inst/CLK100MHZ_IBUF_BUFG
    SLICE_X0Y79          FDRE                                         r  u_modification_module/button_inputs_inst/o_Mod_state_change_reg/C

Slack:                    inf
  Source:                 BTN[3]
                            (input port)
  Destination:            u_modification_module/button_inputs_inst/r_spam_lr_reg/D
                            (rising edge-triggered cell FDRE clocked by sys_clk_pin  {rise@0.000ns fall@5.000ns period=10.000ns})
  Path Group:             (none)
  Path Type:              Hold (Min at Fast Process Corner)
  Data Path Delay:        0.618ns  (logic 0.283ns (45.849%)  route 0.335ns (54.151%))
  Logic Levels:           2  (IBUF=1 LUT4=1)
  Clock Path Skew:        2.031ns (DCD - SCD - CPR)
    Destination Clock Delay (DCD):    2.031ns
    Source Clock Delay      (SCD):    0.000ns
    Clock Pessimism Removal (CPR):    -0.000ns
  Timing Exception:       False Path

    Location             Delay type                Incr(ns)  Path(ns)    Netlist Resource(s)
  -------------------------------------------------------------------    -------------------
    M17                                               0.000     0.000 r  BTN[3] (IN)
                         net (fo=0)                   0.000     0.000    BTN[3]
    M17                  IBUF (Prop_ibuf_I_O)         0.235     0.235 r  BTN_IBUF[3]_inst/O
                         net (fo=2, routed)           0.335     0.570    u_modification_module/button_inputs_inst/BTN_IBUF[3]
    SLICE_X0Y79          LUT4 (Prop_lut4_I1_O)        0.048     0.618 r  u_modification_module/button_inputs_inst/r_spam_lr_i_1/O
                         net (fo=1, routed)           0.000     0.618    u_modification_module/button_inputs_inst/r_spam_lr_i_1_n_0
    SLICE_X0Y79          FDRE                                         r  u_modification_module/button_inputs_inst/r_spam_lr_reg/D
  -------------------------------------------------------------------    -------------------

                         (clock sys_clk_pin rise edge)
                                                      0.000     0.000 r  
    E3                                                0.000     0.000 r  CLK100MHZ (IN)
                         net (fo=0)                   0.000     0.000    CLK100MHZ
    E3                   IBUF (Prop_ibuf_I_O)         0.438     0.438 r  CLK100MHZ_IBUF_inst/O
                         net (fo=1, routed)           0.699     1.136    CLK100MHZ_IBUF
    BUFGCTRL_X0Y16       BUFG (Prop_bufg_I_O)         0.029     1.165 r  CLK100MHZ_IBUF_BUFG_inst/O
                         net (fo=487, routed)         0.866     2.031    u_modification_module/button_inputs_inst/CLK100MHZ_IBUF_BUFG
    SLICE_X0Y79          FDRE                                         r  u_modification_module/button_inputs_inst/r_spam_lr_reg/C

Slack:                    inf
  Source:                 BTN[1]
                            (input port)
  Destination:            u_modification_module/button_inputs_inst/o_Increment_reg/D
                            (rising edge-triggered cell FDRE clocked by sys_clk_pin  {rise@0.000ns fall@5.000ns period=10.000ns})
  Path Group:             (none)
  Path Type:              Hold (Min at Fast Process Corner)
  Data Path Delay:        0.633ns  (logic 0.299ns (47.147%)  route 0.335ns (52.853%))
  Logic Levels:           2  (IBUF=1 LUT2=1)
  Clock Path Skew:        2.041ns (DCD - SCD - CPR)
    Destination Clock Delay (DCD):    2.041ns
    Source Clock Delay      (SCD):    0.000ns
    Clock Pessimism Removal (CPR):    -0.000ns
  Timing Exception:       False Path

    Location             Delay type                Incr(ns)  Path(ns)    Netlist Resource(s)
  -------------------------------------------------------------------    -------------------
    M18                                               0.000     0.000 r  BTN[1] (IN)
                         net (fo=0)                   0.000     0.000    BTN[1]
    M18                  IBUF (Prop_ibuf_I_O)         0.254     0.254 r  BTN_IBUF[1]_inst/O
                         net (fo=2, routed)           0.335     0.588    u_modification_module/button_inputs_inst/BTN_IBUF[1]
    SLICE_X0Y91          LUT2 (Prop_lut2_I0_O)        0.045     0.633 r  u_modification_module/button_inputs_inst/o_Increment_i_1/O
                         net (fo=1, routed)           0.000     0.633    u_modification_module/button_inputs_inst/r_spam_up0
    SLICE_X0Y91          FDRE                                         r  u_modification_module/button_inputs_inst/o_Increment_reg/D
  -------------------------------------------------------------------    -------------------

                         (clock sys_clk_pin rise edge)
                                                      0.000     0.000 r  
    E3                                                0.000     0.000 r  CLK100MHZ (IN)
                         net (fo=0)                   0.000     0.000    CLK100MHZ
    E3                   IBUF (Prop_ibuf_I_O)         0.438     0.438 r  CLK100MHZ_IBUF_inst/O
                         net (fo=1, routed)           0.699     1.136    CLK100MHZ_IBUF
    BUFGCTRL_X0Y16       BUFG (Prop_bufg_I_O)         0.029     1.165 r  CLK100MHZ_IBUF_BUFG_inst/O
                         net (fo=487, routed)         0.876     2.041    u_modification_module/button_inputs_inst/CLK100MHZ_IBUF_BUFG
    SLICE_X0Y91          FDRE                                         r  u_modification_module/button_inputs_inst/o_Increment_reg/C

Slack:                    inf
  Source:                 BTN[1]
                            (input port)
  Destination:            u_modification_module/button_inputs_inst/r_spam_up_reg/D
                            (rising edge-triggered cell FDRE clocked by sys_clk_pin  {rise@0.000ns fall@5.000ns period=10.000ns})
  Path Group:             (none)
  Path Type:              Hold (Min at Fast Process Corner)
  Data Path Delay:        0.636ns  (logic 0.302ns (47.396%)  route 0.335ns (52.604%))
  Logic Levels:           2  (IBUF=1 LUT3=1)
  Clock Path Skew:        2.041ns (DCD - SCD - CPR)
    Destination Clock Delay (DCD):    2.041ns
    Source Clock Delay      (SCD):    0.000ns
    Clock Pessimism Removal (CPR):    -0.000ns
  Timing Exception:       False Path

    Location             Delay type                Incr(ns)  Path(ns)    Netlist Resource(s)
  -------------------------------------------------------------------    -------------------
    M18                                               0.000     0.000 r  BTN[1] (IN)
                         net (fo=0)                   0.000     0.000    BTN[1]
    M18                  IBUF (Prop_ibuf_I_O)         0.254     0.254 r  BTN_IBUF[1]_inst/O
                         net (fo=2, routed)           0.335     0.588    u_modification_module/button_inputs_inst/BTN_IBUF[1]
    SLICE_X0Y91          LUT3 (Prop_lut3_I2_O)        0.048     0.636 r  u_modification_module/button_inputs_inst/r_spam_up_i_1/O
                         net (fo=1, routed)           0.000     0.636    u_modification_module/button_inputs_inst/r_spam_up_i_1_n_0
    SLICE_X0Y91          FDRE                                         r  u_modification_module/button_inputs_inst/r_spam_up_reg/D
  -------------------------------------------------------------------    -------------------

                         (clock sys_clk_pin rise edge)
                                                      0.000     0.000 r  
    E3                                                0.000     0.000 r  CLK100MHZ (IN)
                         net (fo=0)                   0.000     0.000    CLK100MHZ
    E3                   IBUF (Prop_ibuf_I_O)         0.438     0.438 r  CLK100MHZ_IBUF_inst/O
                         net (fo=1, routed)           0.699     1.136    CLK100MHZ_IBUF
    BUFGCTRL_X0Y16       BUFG (Prop_bufg_I_O)         0.029     1.165 r  CLK100MHZ_IBUF_BUFG_inst/O
                         net (fo=487, routed)         0.876     2.041    u_modification_module/button_inputs_inst/CLK100MHZ_IBUF_BUFG
    SLICE_X0Y91          FDRE                                         r  u_modification_module/button_inputs_inst/r_spam_up_reg/C

Slack:                    inf
  Source:                 BTN[0]
                            (input port)
  Destination:            u_modification_module/button_inputs_inst/r_spam_center_reg/D
                            (rising edge-triggered cell FDRE clocked by sys_clk_pin  {rise@0.000ns fall@5.000ns period=10.000ns})
  Path Group:             (none)
  Path Type:              Hold (Min at Fast Process Corner)
  Data Path Delay:        0.693ns  (logic 0.286ns (41.316%)  route 0.407ns (58.684%))
  Logic Levels:           2  (IBUF=1 LUT3=1)
  Clock Path Skew:        2.034ns (DCD - SCD - CPR)
    Destination Clock Delay (DCD):    2.034ns
    Source Clock Delay      (SCD):    0.000ns
    Clock Pessimism Removal (CPR):    -0.000ns
  Timing Exception:       False Path

    Location             Delay type                Incr(ns)  Path(ns)    Netlist Resource(s)
  -------------------------------------------------------------------    -------------------
    N17                                               0.000     0.000 r  BTN[0] (IN)
                         net (fo=0)                   0.000     0.000    BTN[0]
    N17                  IBUF (Prop_ibuf_I_O)         0.244     0.244 r  BTN_IBUF[0]_inst/O
                         net (fo=2, routed)           0.407     0.651    u_modification_module/button_inputs_inst/BTN_IBUF[0]
    SLICE_X0Y82          LUT3 (Prop_lut3_I2_O)        0.042     0.693 r  u_modification_module/button_inputs_inst/r_spam_center_i_1/O
                         net (fo=1, routed)           0.000     0.693    u_modification_module/button_inputs_inst/r_spam_center_i_1_n_0
    SLICE_X0Y82          FDRE                                         r  u_modification_module/button_inputs_inst/r_spam_center_reg/D
  -------------------------------------------------------------------    -------------------

                         (clock sys_clk_pin rise edge)
                                                      0.000     0.000 r  
    E3                                                0.000     0.000 r  CLK100MHZ (IN)
                         net (fo=0)                   0.000     0.000    CLK100MHZ
    E3                   IBUF (Prop_ibuf_I_O)         0.438     0.438 r  CLK100MHZ_IBUF_inst/O
                         net (fo=1, routed)           0.699     1.136    CLK100MHZ_IBUF
    BUFGCTRL_X0Y16       BUFG (Prop_bufg_I_O)         0.029     1.165 r  CLK100MHZ_IBUF_BUFG_inst/O
                         net (fo=487, routed)         0.869     2.034    u_modification_module/button_inputs_inst/CLK100MHZ_IBUF_BUFG
    SLICE_X0Y82          FDRE                                         r  u_modification_module/button_inputs_inst/r_spam_center_reg/C

Slack:                    inf
  Source:                 BTN[0]
                            (input port)
  Destination:            u_modification_module/button_inputs_inst/o_Mod_state_request_reg/D
                            (rising edge-triggered cell FDRE clocked by sys_clk_pin  {rise@0.000ns fall@5.000ns period=10.000ns})
  Path Group:             (none)
  Path Type:              Hold (Min at Fast Process Corner)
  Data Path Delay:        0.696ns  (logic 0.289ns (41.569%)  route 0.407ns (58.431%))
  Logic Levels:           2  (IBUF=1 LUT2=1)
  Clock Path Skew:        2.034ns (DCD - SCD - CPR)
    Destination Clock Delay (DCD):    2.034ns
    Source Clock Delay      (SCD):    0.000ns
    Clock Pessimism Removal (CPR):    -0.000ns
  Timing Exception:       False Path

    Location             Delay type                Incr(ns)  Path(ns)    Netlist Resource(s)
  -------------------------------------------------------------------    -------------------
    N17                                               0.000     0.000 r  BTN[0] (IN)
                         net (fo=0)                   0.000     0.000    BTN[0]
    N17                  IBUF (Prop_ibuf_I_O)         0.244     0.244 r  BTN_IBUF[0]_inst/O
                         net (fo=2, routed)           0.407     0.651    u_modification_module/button_inputs_inst/BTN_IBUF[0]
    SLICE_X0Y82          LUT2 (Prop_lut2_I0_O)        0.045     0.696 r  u_modification_module/button_inputs_inst/o_Mod_state_request_i_1/O
                         net (fo=1, routed)           0.000     0.696    u_modification_module/button_inputs_inst/r_spam_center0
    SLICE_X0Y82          FDRE                                         r  u_modification_module/button_inputs_inst/o_Mod_state_request_reg/D
  -------------------------------------------------------------------    -------------------

                         (clock sys_clk_pin rise edge)
                                                      0.000     0.000 r  
    E3                                                0.000     0.000 r  CLK100MHZ (IN)
                         net (fo=0)                   0.000     0.000    CLK100MHZ
    E3                   IBUF (Prop_ibuf_I_O)         0.438     0.438 r  CLK100MHZ_IBUF_inst/O
                         net (fo=1, routed)           0.699     1.136    CLK100MHZ_IBUF
    BUFGCTRL_X0Y16       BUFG (Prop_bufg_I_O)         0.029     1.165 r  CLK100MHZ_IBUF_BUFG_inst/O
                         net (fo=487, routed)         0.869     2.034    u_modification_module/button_inputs_inst/CLK100MHZ_IBUF_BUFG
    SLICE_X0Y82          FDRE                                         r  u_modification_module/button_inputs_inst/o_Mod_state_request_reg/C

Slack:                    inf
  Source:                 BTN[4]
                            (input port)
  Destination:            u_modification_module/button_inputs_inst/r_spam_down_reg/D
                            (rising edge-triggered cell FDRE clocked by sys_clk_pin  {rise@0.000ns fall@5.000ns period=10.000ns})
  Path Group:             (none)
  Path Type:              Hold (Min at Fast Process Corner)
  Data Path Delay:        0.697ns  (logic 0.290ns (41.600%)  route 0.407ns (58.400%))
  Logic Levels:           2  (IBUF=1 LUT3=1)
  Clock Path Skew:        2.033ns (DCD - SCD - CPR)
    Destination Clock Delay (DCD):    2.033ns
    Source Clock Delay      (SCD):    0.000ns
    Clock Pessimism Removal (CPR):    -0.000ns
  Timing Exception:       False Path

    Location             Delay type                Incr(ns)  Path(ns)    Netlist Resource(s)
  -------------------------------------------------------------------    -------------------
    P18                                               0.000     0.000 r  BTN[4] (IN)
                         net (fo=0)                   0.000     0.000    BTN[4]
    P18                  IBUF (Prop_ibuf_I_O)         0.248     0.248 r  BTN_IBUF[4]_inst/O
                         net (fo=2, routed)           0.407     0.655    u_modification_module/button_inputs_inst/BTN_IBUF[4]
    SLICE_X0Y81          LUT3 (Prop_lut3_I2_O)        0.042     0.697 r  u_modification_module/button_inputs_inst/r_spam_down_i_1/O
                         net (fo=1, routed)           0.000     0.697    u_modification_module/button_inputs_inst/r_spam_down_i_1_n_0
    SLICE_X0Y81          FDRE                                         r  u_modification_module/button_inputs_inst/r_spam_down_reg/D
  -------------------------------------------------------------------    -------------------

                         (clock sys_clk_pin rise edge)
                                                      0.000     0.000 r  
    E3                                                0.000     0.000 r  CLK100MHZ (IN)
                         net (fo=0)                   0.000     0.000    CLK100MHZ
    E3                   IBUF (Prop_ibuf_I_O)         0.438     0.438 r  CLK100MHZ_IBUF_inst/O
                         net (fo=1, routed)           0.699     1.136    CLK100MHZ_IBUF
    BUFGCTRL_X0Y16       BUFG (Prop_bufg_I_O)         0.029     1.165 r  CLK100MHZ_IBUF_BUFG_inst/O
                         net (fo=487, routed)         0.868     2.033    u_modification_module/button_inputs_inst/CLK100MHZ_IBUF_BUFG
    SLICE_X0Y81          FDRE                                         r  u_modification_module/button_inputs_inst/r_spam_down_reg/C

Slack:                    inf
  Source:                 BTN[4]
                            (input port)
  Destination:            u_modification_module/button_inputs_inst/o_Decrement_reg/D
                            (rising edge-triggered cell FDRE clocked by sys_clk_pin  {rise@0.000ns fall@5.000ns period=10.000ns})
  Path Group:             (none)
  Path Type:              Hold (Min at Fast Process Corner)
  Data Path Delay:        0.700ns  (logic 0.293ns (41.851%)  route 0.407ns (58.149%))
  Logic Levels:           2  (IBUF=1 LUT2=1)
  Clock Path Skew:        2.033ns (DCD - SCD - CPR)
    Destination Clock Delay (DCD):    2.033ns
    Source Clock Delay      (SCD):    0.000ns
    Clock Pessimism Removal (CPR):    -0.000ns
  Timing Exception:       False Path

    Location             Delay type                Incr(ns)  Path(ns)    Netlist Resource(s)
  -------------------------------------------------------------------    -------------------
    P18                                               0.000     0.000 r  BTN[4] (IN)
                         net (fo=0)                   0.000     0.000    BTN[4]
    P18                  IBUF (Prop_ibuf_I_O)         0.248     0.248 r  BTN_IBUF[4]_inst/O
                         net (fo=2, routed)           0.407     0.655    u_modification_module/button_inputs_inst/BTN_IBUF[4]
    SLICE_X0Y81          LUT2 (Prop_lut2_I0_O)        0.045     0.700 r  u_modification_module/button_inputs_inst/o_Decrement_i_1/O
                         net (fo=1, routed)           0.000     0.700    u_modification_module/button_inputs_inst/r_spam_down0
    SLICE_X0Y81          FDRE                                         r  u_modification_module/button_inputs_inst/o_Decrement_reg/D
  -------------------------------------------------------------------    -------------------

                         (clock sys_clk_pin rise edge)
                                                      0.000     0.000 r  
    E3                                                0.000     0.000 r  CLK100MHZ (IN)
                         net (fo=0)                   0.000     0.000    CLK100MHZ
    E3                   IBUF (Prop_ibuf_I_O)         0.438     0.438 r  CLK100MHZ_IBUF_inst/O
                         net (fo=1, routed)           0.699     1.136    CLK100MHZ_IBUF
    BUFGCTRL_X0Y16       BUFG (Prop_bufg_I_O)         0.029     1.165 r  CLK100MHZ_IBUF_BUFG_inst/O
                         net (fo=487, routed)         0.868     2.033    u_modification_module/button_inputs_inst/CLK100MHZ_IBUF_BUFG
    SLICE_X0Y81          FDRE                                         r  u_modification_module/button_inputs_inst/o_Decrement_reg/C

Slack:                    inf
  Source:                 CPU_RESETN
                            (input port)
  Destination:            u_game_module/game_render_inst/o_uart_buffer_reg[13]/D
                            (rising edge-triggered cell FDSE clocked by sys_clk_pin  {rise@0.000ns fall@5.000ns period=10.000ns})
  Path Group:             (none)
  Path Type:              Hold (Min at Fast Process Corner)
  Data Path Delay:        1.251ns  (logic 0.320ns (25.549%)  route 0.931ns (74.451%))
  Logic Levels:           2  (IBUF=1 LUT6=1)
  Clock Path Skew:        1.998ns (DCD - SCD - CPR)
    Destination Clock Delay (DCD):    1.998ns
    Source Clock Delay      (SCD):    0.000ns
    Clock Pessimism Removal (CPR):    -0.000ns
  Timing Exception:       False Path

    Location             Delay type                Incr(ns)  Path(ns)    Netlist Resource(s)
  -------------------------------------------------------------------    -------------------
    C12                                               0.000     0.000 r  CPU_RESETN (IN)
                         net (fo=0)                   0.000     0.000    CPU_RESETN
    C12                  IBUF (Prop_ibuf_I_O)         0.275     0.275 r  CPU_RESETN_IBUF_inst/O
                         net (fo=155, routed)         0.931     1.206    u_game_module/game_render_inst/CPU_RESETN_IBUF
    SLICE_X8Y116         LUT6 (Prop_lut6_I1_O)        0.045     1.251 r  u_game_module/game_render_inst/o_uart_buffer[13]_i_1/O
                         net (fo=1, routed)           0.000     1.251    u_game_module/game_render_inst/o_uart_buffer[13]_i_1_n_0
    SLICE_X8Y116         FDSE                                         r  u_game_module/game_render_inst/o_uart_buffer_reg[13]/D
  -------------------------------------------------------------------    -------------------

                         (clock sys_clk_pin rise edge)
                                                      0.000     0.000 r  
    E3                                                0.000     0.000 r  CLK100MHZ (IN)
                         net (fo=0)                   0.000     0.000    CLK100MHZ
    E3                   IBUF (Prop_ibuf_I_O)         0.438     0.438 r  CLK100MHZ_IBUF_inst/O
                         net (fo=1, routed)           0.699     1.136    CLK100MHZ_IBUF
    BUFGCTRL_X0Y16       BUFG (Prop_bufg_I_O)         0.029     1.165 r  CLK100MHZ_IBUF_BUFG_inst/O
                         net (fo=487, routed)         0.833     1.998    u_game_module/game_render_inst/CLK100MHZ_IBUF_BUFG
    SLICE_X8Y116         FDSE                                         r  u_game_module/game_render_inst/o_uart_buffer_reg[13]/C

Slack:                    inf
  Source:                 CPU_RESETN
                            (input port)
  Destination:            u_game_module/game_render_inst/o_uart_buffer_reg[54]/D
                            (rising edge-triggered cell FDSE clocked by sys_clk_pin  {rise@0.000ns fall@5.000ns period=10.000ns})
  Path Group:             (none)
  Path Type:              Hold (Min at Fast Process Corner)
  Data Path Delay:        1.333ns  (logic 0.320ns (23.969%)  route 1.014ns (76.031%))
  Logic Levels:           2  (IBUF=1 LUT6=1)
  Clock Path Skew:        1.999ns (DCD - SCD - CPR)
    Destination Clock Delay (DCD):    1.999ns
    Source Clock Delay      (SCD):    0.000ns
    Clock Pessimism Removal (CPR):    -0.000ns
  Timing Exception:       False Path

    Location             Delay type                Incr(ns)  Path(ns)    Netlist Resource(s)
  -------------------------------------------------------------------    -------------------
    C12                                               0.000     0.000 r  CPU_RESETN (IN)
                         net (fo=0)                   0.000     0.000    CPU_RESETN
    C12                  IBUF (Prop_ibuf_I_O)         0.275     0.275 r  CPU_RESETN_IBUF_inst/O
                         net (fo=155, routed)         1.014     1.288    u_game_module/game_render_inst/CPU_RESETN_IBUF
    SLICE_X9Y115         LUT6 (Prop_lut6_I2_O)        0.045     1.333 r  u_game_module/game_render_inst/o_uart_buffer[54]_i_1/O
                         net (fo=1, routed)           0.000     1.333    u_game_module/game_render_inst/o_uart_buffer[54]_i_1_n_0
    SLICE_X9Y115         FDSE                                         r  u_game_module/game_render_inst/o_uart_buffer_reg[54]/D
  -------------------------------------------------------------------    -------------------

                         (clock sys_clk_pin rise edge)
                                                      0.000     0.000 r  
    E3                                                0.000     0.000 r  CLK100MHZ (IN)
                         net (fo=0)                   0.000     0.000    CLK100MHZ
    E3                   IBUF (Prop_ibuf_I_O)         0.438     0.438 r  CLK100MHZ_IBUF_inst/O
                         net (fo=1, routed)           0.699     1.136    CLK100MHZ_IBUF
    BUFGCTRL_X0Y16       BUFG (Prop_bufg_I_O)         0.029     1.165 r  CLK100MHZ_IBUF_BUFG_inst/O
                         net (fo=487, routed)         0.834     1.999    u_game_module/game_render_inst/CLK100MHZ_IBUF_BUFG
    SLICE_X9Y115         FDSE                                         r  u_game_module/game_render_inst/o_uart_buffer_reg[54]/C





