#
# A fatal error has been detected by the Java Runtime Environment:
#
#  EXCEPTION_ACCESS_VIOLATION (0xc0000005) at pc=0x00007ffc55a19d47, pid=5304, tid=25056
#
# JRE version: OpenJDK Runtime Environment Temurin-21.0.5+11 (21.0.5+11) (build 21.0.5+11-LTS)
# Java VM: OpenJDK 64-Bit Server VM Temurin-21.0.5+11 (21.0.5+11-LTS, mixed mode, sharing, tiered, compressed oops, compressed class ptrs, g1 gc, windows-amd64)
# Problematic frame:
# C  0x00007ffc55a19d47
#
# No core dump will be written. Minidumps are not enabled by default on client versions of Windows
#
# If you would like to submit a bug report, please visit:
#   https://github.com/adoptium/adoptium-support/issues
# The crash happened outside the Java Virtual Machine in native code.
# See problematic frame for where to report the bug.
#

---------------  S U M M A R Y ------------

Command Line: -Dsun.java2d.pmoffscreen=false -Dhttps.protocols=TLSv1,TLSv1.1,TLSv1.2 -Dsun.java2d.xrender=false -Dsun.java2d.d3d=false -Dsun.awt.nopixfmt=true -Dsun.java2d.dpiaware=true -Dsun.java2d.uiScale.enabled=false -Dswing.aatext=true -XX:-UsePerfData -Djdk.map.althashing.threshold=512 -XX:StringTableSize=4072 -XX:+UseStringDeduplication -XX:MaxGCPauseMillis=200 -XX:ParallelGCThreads=4 -XX:+ParallelRefProcEnabled --add-opens=java.desktop/javax.swing.plaf.synth=ALL-UNNAMED --add-opens=java.base/java.nio=ALL-UNNAMED --add-opens=java.desktop/sun.swing=ALL-UNNAMED --add-opens=java.desktop/javax.swing=ALL-UNNAMED --add-opens=java.desktop/javax.swing.tree=ALL-UNNAMED --add-opens=java.desktop/javax.swing.plaf.basic=ALL-UNNAMED --add-opens=java.desktop/javax.swing.plaf.synth=ALL-UNNAMED --add-opens=java.desktop/javax.swing.plaf.basic=ALL-UNNAMED --add-opens=java.desktop/javax.swing=ALL-UNNAMED --add-opens=java.desktop/javax.swing.tree=ALL-UNNAMED --add-opens=java.desktop/java.awt.event=ALL-UNNAMED --add-exports=java.desktop/javax.swing.plaf.synth=ALL-UNNAMED --add-exports=java.base/java.nio=ALL-UNNAMED --add-exports=java.desktop/sun.swing=ALL-UNNAMED --add-exports=java.desktop/javax.swing=ALL-UNNAMED --add-exports=java.desktop/javax.swing.tree=ALL-UNNAMED --add-exports=java.desktop/javax.swing.plaf.basic=ALL-UNNAMED --add-exports=java.desktop/sun.swing=ALL-UNNAMED --add-exports=java.desktop/sun.swing.table=ALL-UNNAMED --add-exports=java.desktop/sun.swing.plaf.synth=ALL-UNNAMED --add-exports=java.desktop/sun.awt.shell=ALL-UNNAMED --add-exports=java.base/sun.security.action=ALL-UNNAMED --add-exports=java.desktop/sun.font=ALL-UNNAMED -XX:NewSize=80m -XX:MaxNewSize=80m -Xms812m -Xmx6144m -Xss10m 

Host: AMD Ryzen 7 4800H with Radeon Graphics         , 16 cores, 15G,  Windows 11 , 64 bit Build 26100 (10.0.26100.8246)
Time: Thu Apr 23 16:24:09 2026 New Zealand Standard Time elapsed time: 1122.159333 seconds (0d 0h 18m 42s)

---------------  T H R E A D  ---------------

Current thread (0x00000229000a04c0):  JavaThread "AWT-EventQueue-0"        [_thread_in_native, id=25056, stack(0x000000e229600000,0x000000e22a000000) (10240K)]

Stack: [0x000000e229600000,0x000000e22a000000],  sp=0x000000e229ffce20,  free space=10227k
Native frames: (J=compiled Java code, j=interpreted, Vv=VM code, C=native code)
C  0x00007ffc55a19d47
C  0x00007ffc557fccc9
C  0x00007ffc560ae3a9
C  0x0000022927acd6b7

The last pc belongs to native nmethod (printed below).
Java frames: (J=compiled Java code, j=interpreted, Vv=VM code)
J 14653  ui.data.linter.linteri.HARTLintRptMgr_isWaived(JI)Z (0 bytes) @ 0x0000022927acd61c [0x0000022927acd5c0+0x000000000000005c]
J 15661 c2 ui.views.v.e.getCellRenderer(II)Ljavax/swing/table/TableCellRenderer; (124 bytes) @ 0x0000022928659bd4 [0x0000022928659640+0x0000000000000594]
J 16340 c2 com.jidesoft.plaf.basic.BasicJideTableUIDelegate.paintCell(Ljava/awt/Graphics;Ljava/awt/Rectangle;II)V (322 bytes) @ 0x000002292857462c [0x0000022928574580+0x00000000000000ac]
J 20000 c2 com.jidesoft.plaf.basic.BasicCellSpanTableUIDelegate.c(Ljava/awt/Graphics;IIII)V (640 bytes) @ 0x0000022927e14d60 [0x0000022927e14a60+0x0000000000000300]
J 15073 c1 com.jidesoft.plaf.basic.BasicCellSpanTableUIDelegate.paint(Ljava/awt/Graphics;Ljavax/swing/JComponent;)V (327 bytes) @ 0x00000229207932b4 [0x0000022920791040+0x0000000000002274]
J 15072 c1 ui.utils.lnf.HSyntheticaTreeTableUIDelegate.paint(Ljava/awt/Graphics;Ljavax/swing/JComponent;)V (284 bytes) @ 0x0000022920a20a9c [0x0000022920a20a00+0x000000000000009c]
J 15034 c1 com.jidesoft.plaf.basic.BasicCellSpanTableUI.paint(Ljava/awt/Graphics;Ljavax/swing/JComponent;)V (13 bytes) @ 0x000002291ffd603c [0x000002291ffd5e40+0x00000000000001fc]
J 14776 c2 javax.swing.plaf.ComponentUI.update(Ljava/awt/Graphics;Ljavax/swing/JComponent;)V java.desktop@21.0.5 (36 bytes) @ 0x0000022927a66588 [0x0000022927a66460+0x0000000000000128]
J 13618 c2 javax.swing.JComponent.paintComponent(Ljava/awt/Graphics;)V java.desktop@21.0.5 (44 bytes) @ 0x00000229283734d0 [0x00000229283732a0+0x0000000000000230]
J 15032 c1 ui.utils.k.j.ad.paintComponent(Ljava/awt/Graphics;)V (16 bytes) @ 0x000002292003d0ec [0x000002292003cfa0+0x000000000000014c]
J 24201 c2 javax.swing.JComponent.paint(Ljava/awt/Graphics;)V java.desktop@21.0.5 (409 bytes) @ 0x000002292831407c [0x00000229283138c0+0x00000000000007bc]
J 15031 c1 ui.utils.k.j.ad.paint(Ljava/awt/Graphics;)V (128 bytes) @ 0x000002292130c2fc [0x000002292130c260+0x000000000000009c]
J 16339 c2 javax.swing.JComponent.paintChildren(Ljava/awt/Graphics;)V java.desktop@21.0.5 (684 bytes) @ 0x0000022927f90818 [0x0000022927f903e0+0x0000000000000438]
J 24201 c2 javax.swing.JComponent.paint(Ljava/awt/Graphics;)V java.desktop@21.0.5 (409 bytes) @ 0x00000229283140c4 [0x00000229283138c0+0x0000000000000804]
J 14779 c1 javax.swing.JViewport.paint(Ljava/awt/Graphics;)V java.desktop@21.0.5 (884 bytes) @ 0x0000022920d80ecc [0x0000022920d7c960+0x000000000000456c]
J 16339 c2 javax.swing.JComponent.paintChildren(Ljava/awt/Graphics;)V java.desktop@21.0.5 (684 bytes) @ 0x0000022927f90818 [0x0000022927f903e0+0x0000000000000438]
J 24201 c2 javax.swing.JComponent.paint(Ljava/awt/Graphics;)V java.desktop@21.0.5 (409 bytes) @ 0x00000229283140c4 [0x00000229283138c0+0x0000000000000804]
J 16339 c2 javax.swing.JComponent.paintChildren(Ljava/awt/Graphics;)V java.desktop@21.0.5 (684 bytes) @ 0x0000022927f90818 [0x0000022927f903e0+0x0000000000000438]
J 24201 c2 javax.swing.JComponent.paint(Ljava/awt/Graphics;)V java.desktop@21.0.5 (409 bytes) @ 0x00000229283140c4 [0x00000229283138c0+0x0000000000000804]
J 24230 c2 javax.swing.JComponent._paintImmediately(IIII)V java.desktop@21.0.5 (891 bytes) @ 0x000002292886dcfc [0x000002292886c940+0x00000000000013bc]
J 16434 c2 javax.swing.RepaintManager.paintDirtyRegions(Ljava/util/Map;)V java.desktop@21.0.5 (196 bytes) @ 0x000002292832fd2c [0x000002292832f6a0+0x000000000000068c]
J 16433 c2 javax.swing.RepaintManager$ProcessingRunnable.run()V java.desktop@21.0.5 (41 bytes) @ 0x00000229284fe7a4 [0x00000229284fdfe0+0x00000000000007c4]
J 14342 c2 java.awt.EventQueue.dispatchEvent(Ljava/awt/AWTEvent;)V java.desktop@21.0.5 (80 bytes) @ 0x000002292843f95c [0x000002292843f000+0x000000000000095c]
J 14346 c2 ui.frmwork.a.d.dispatchEvent(Ljava/awt/AWTEvent;)V (41 bytes) @ 0x00000229284466ec [0x00000229284461c0+0x000000000000052c]
J 22216 c1 java.awt.EventDispatchThread.pumpOneEventForFilters(I)V java.desktop@21.0.5 (106 bytes) @ 0x00000229214d3944 [0x00000229214d3040+0x0000000000000904]
j  java.awt.EventDispatchThread.pumpEventsForFilter(ILjava/awt/Conditional;Ljava/awt/EventFilter;)V+35 java.desktop@21.0.5
j  java.awt.EventDispatchThread.pumpEventsForFilter(Ljava/awt/Conditional;Ljava/awt/EventFilter;)V+4 java.desktop@21.0.5
j  java.awt.WaitDispatchSupport$2.run()V+59 java.desktop@21.0.5
j  java.awt.WaitDispatchSupport$4.run()Ljava/lang/Void;+4 java.desktop@21.0.5
j  java.awt.WaitDispatchSupport$4.run()Ljava/lang/Object;+1 java.desktop@21.0.5
J 24752 c2 java.security.AccessController.doPrivileged(Ljava/security/PrivilegedAction;)Ljava/lang/Object; java.base@21.0.5 (9 bytes) @ 0x000002292875d0e4 [0x000002292875d0a0+0x0000000000000044]
j  java.awt.WaitDispatchSupport.enter()Z+266 java.desktop@21.0.5
j  java.awt.Dialog.show()V+225 java.desktop@21.0.5
J 22396 c2 java.awt.Component.setVisible(Z)V java.desktop@21.0.5 (6 bytes) @ 0x0000022927fb641c [0x0000022927fb63a0+0x000000000000007c]
j  java.awt.Window.setVisible(Z)V+2 java.desktop@21.0.5
j  java.awt.Dialog.setVisible(Z)V+2 java.desktop@21.0.5
j  ui.dlg.c.e.setVisible(Z)V+2
j  ui.dlg.c.bk.cfn()V+65
j  ui.dlg.c.bk$c.actionPerformed(Ljava/awt/event/ActionEvent;)V+8
j  ui.dlg.c.bk.gsf()V+422
j  ui.views.c.r.a.kGd()V+29
j  ui.views.c.r.a.run()V+14
j  ui.frmwork.cmd.a.hTX()Z+96
j  ui.views.S.b.e$a.H(Lui/views/S/w;)V+41
j  ui.views.S.b.j.mouseReleased(Ljava/awt/event/MouseEvent;)V+86
J 22578 c1 java.awt.AWTEventMulticaster.mouseReleased(Ljava/awt/event/MouseEvent;)V java.desktop@21.0.5 (27 bytes) @ 0x0000022921222dcc [0x00000229212229e0+0x00000000000003ec]
J 22578 c1 java.awt.AWTEventMulticaster.mouseReleased(Ljava/awt/event/MouseEvent;)V java.desktop@21.0.5 (27 bytes) @ 0x0000022921222c04 [0x00000229212229e0+0x0000000000000224]
J 22578 c1 java.awt.AWTEventMulticaster.mouseReleased(Ljava/awt/event/MouseEvent;)V java.desktop@21.0.5 (27 bytes) @ 0x0000022921222c04 [0x00000229212229e0+0x0000000000000224]
J 22578 c1 java.awt.AWTEventMulticaster.mouseReleased(Ljava/awt/event/MouseEvent;)V java.desktop@21.0.5 (27 bytes) @ 0x0000022921222c04 [0x00000229212229e0+0x0000000000000224]
J 15300 c1 java.awt.Component.processMouseEvent(Ljava/awt/event/MouseEvent;)V java.desktop@21.0.5 (100 bytes) @ 0x00000229202c3994 [0x00000229202c3540+0x0000000000000454]
J 15302 c1 javax.swing.JComponent.processMouseEvent(Ljava/awt/event/MouseEvent;)V java.desktop@21.0.5 (27 bytes) @ 0x000002292071ec6c [0x000002292071ea60+0x000000000000020c]
J 24074 c2 java.awt.Container.processEvent(Ljava/awt/AWTEvent;)V java.desktop@21.0.5 (22 bytes) @ 0x000002292885a19c [0x0000022928859fc0+0x00000000000001dc]
j  ui.utils.swing.y.s.processEvent(Ljava/awt/AWTEvent;)V+14
J 24191 c2 java.awt.Component.dispatchEventImpl(Ljava/awt/AWTEvent;)V java.desktop@21.0.5 (785 bytes) @ 0x00000229288668ec [0x0000022928865e60+0x0000000000000a8c]
J 23208 c2 java.awt.Container.dispatchEventImpl(Ljava/awt/AWTEvent;)V java.desktop@21.0.5 (129 bytes) @ 0x0000022928583800 [0x00000229285837a0+0x0000000000000060]
J 23037 c2 java.awt.LightweightDispatcher.retargetMouseEvent(Ljava/awt/Component;ILjava/awt/event/MouseEvent;)V java.desktop@21.0.5 (372 bytes) @ 0x00000229287620d4 [0x0000022928761d60+0x0000000000000374]
J 16530 c2 java.awt.LightweightDispatcher.dispatchEvent(Ljava/awt/AWTEvent;)Z java.desktop@21.0.5 (73 bytes) @ 0x00000229285b0654 [0x00000229285ae8c0+0x0000000000001d94]
J 22881 c2 java.awt.Window.dispatchEventImpl(Ljava/awt/AWTEvent;)V java.desktop@21.0.5 (23 bytes) @ 0x000002292874af98 [0x000002292874af20+0x0000000000000078]
J 14875 c2 java.awt.EventQueue$4.run()Ljava/lang/Void; java.desktop@21.0.5 (60 bytes) @ 0x000002292849639c [0x0000022928495f40+0x000000000000045c]
J 15229 c2 java.awt.EventQueue$4.run()Ljava/lang/Object; java.desktop@21.0.5 (5 bytes) @ 0x0000022928585460 [0x0000022928585420+0x0000000000000040]
J 14342 c2 java.awt.EventQueue.dispatchEvent(Ljava/awt/AWTEvent;)V java.desktop@21.0.5 (80 bytes) @ 0x000002292843f44c [0x000002292843f000+0x000000000000044c]
J 14346 c2 ui.frmwork.a.d.dispatchEvent(Ljava/awt/AWTEvent;)V (41 bytes) @ 0x00000229284466ec [0x00000229284461c0+0x000000000000052c]
J 17052% c2 java.awt.EventDispatchThread.pumpEventsForFilter(ILjava/awt/Conditional;Ljava/awt/EventFilter;)V java.desktop@21.0.5 (47 bytes) @ 0x0000022927be96a0 [0x0000022927be93e0+0x00000000000002c0]
j  java.awt.EventDispatchThread.pumpEventsForHierarchy(ILjava/awt/Conditional;Ljava/awt/Component;)V+11 java.desktop@21.0.5
j  java.awt.EventDispatchThread.pumpEvents(ILjava/awt/Conditional;)V+4 java.desktop@21.0.5
j  java.awt.EventDispatchThread.pumpEvents(Ljava/awt/Conditional;)V+3 java.desktop@21.0.5
j  java.awt.EventDispatchThread.run()V+9 java.desktop@21.0.5
v  ~StubRoutines::call_stub 0x00000229272c100d

siginfo: EXCEPTION_ACCESS_VIOLATION (0xc0000005), reading address 0x0000000000000000


Registers:
RAX=0x0000000000000000, RBX=0x000000e229ffd010, RCX=0x0000000000000000, RDX=0x0000022913230ea0
RSP=0x000000e229ffce20, RBP=0x000000e229ffcfb0, RSI=0x000002293b9f6e18, RDI=0x0000000000000000
R8 =0x0000000000000000, R9 =0x0000000000000000, R10=0x00000fff8ab4339e, R11=0x0000000040000000
R12=0x0000000000000000, R13=0x00000229891c4480, R14=0x00007ffc58b53998, R15=0x00007ffc58b538e0
RIP=0x00007ffc55a19d47, EFLAGS=0x0000000000010257


Register to memory mapping:

RAX=0x0 is null
RBX=0x000000e229ffd010 is pointing into the stack for thread: 0x00000229000a04c0
RCX=0x0 is null
RDX=0x0000022913230ea0 points into unknown readable memory: 0x702e656c0000002f | 2f 00 00 00 6c 65 2e 70
RSP=0x000000e229ffce20 is pointing into the stack for thread: 0x00000229000a04c0
RBP=0x000000e229ffcfb0 is pointing into the stack for thread: 0x00000229000a04c0
RSI=0x000002293b9f6e18 is a pointer to class: 
ui.views.v.i {0x000002293b9f6e20}
 - instance size:     11
 - klass size:        217
 - access:            public synchronized 
 - flags:             rewritten has_nonstatic_fields should_verify_class has_nonstatic_concrete_methods has_miranda_methods 
 - state:             fully_initialized
 - name:              'ui/views/v/i'
 - super:             'ui/utils/k/j/ar'
 - sub:               
 - arrays:            null
 - methods:           Array<T>(0x000002297ec53910)
 - method ordering:   Array<T>(0x000002293ab278e0)
 - default_methods:   Array<T>(0x000002297ec54c48)
 - default vtable indices:   Array<T>(0x000002297ec54c58)
 - local interfaces:  Array<T>(0x000002297ec53900)
 - trans. interfaces: Array<T>(0x000002297ec54ba0)
 - constants:         constant pool [209]/operands[20] {0x000002297ec531b0} for 'ui/views/v/i' cache=0x000002298c120d30
 - class loader data:  loader data: 0x0000022917652220 for instance a 'jdk/internal/loader/ClassLoaders$AppClassLoader'{0x00000006806994d0}
 - source file:       'SourceFile'
 - inner classes:     Array<T>(0x000002297ec54b68)
 - nest members:     Array<T>(0x000002297ec54b90)
 - permitted subclasses:     Array<T>(0x000002293a611db0)
 - java mirror:       a 'java/lang/Class'{0x0000000684557838} = 'ui/views/v/i'
 - vtable length      93  (start addr: 0x000002293b9f6fd8)
 - itable length      65 (start addr: 0x000002293b9f72c0)
 - ---- static fields (0 words):
 - ---- non-static fields (18 words):
 - protected '_parent' 'Lcom/jidesoft/grid/Expandable;' @12 
 - private 'a' 'Ljava/beans/PropertyChangeSupport;' @16 
 - protected '_expanded' 'Z' @20 
 - protected '_expandable' 'Z' @21 
 - private 'b' 'Z' @22 
 - private 'fmd' 'Ljava/util/List;' @24 
 - protected 'tlX' 'Lui/utils/k/j/ao;' @28 
 - private 'tlY' 'Lui/utils/k/j/a/f;' @32 
 - private 'fmy' 'I' @36 
 - private 'wOw' 'Ljava/lang/Integer;' @40 
 - private 'wOx' 'Ljava/lang/String;' @44 
 - private 'omT' 'Ljava/lang/String;' @48 
 - private 'wOy' 'Ljava/lang/String;' @52 
 - private 'wOz' 'Ljava/lang/String;' @56 
 - private 'ilz' 'Ljava/lang/String;' @60 
 - private 'wOA' 'Ljava/lang/Integer;' @64 
 - private 'wOB' 'Ljava/lang/String;' @68 
 - private 'wOC' 'Lui/views/v/i$b;' @72 
 - private 'gGI' 'Lui/data/common/q;' @76 
 - private 'wOD' 'Ljava/lang/Boolean;' @80 
 - non-static oop maps: 12-16 24-32 40-80 
RDI=0x0 is null
R8 =0x0 is null
R9 =0x0 is null
R10=0x00000fff8ab4339e is an unknown value
R11=0x0000000040000000 is an unknown value
R12=0x0 is null
R13=0x00000229891c4480 points into unknown readable memory: 0x00007ffc8dc1eed8 | d8 ee c1 8d fc 7f 00 00
R14=0x00007ffc58b53998 points into unknown readable memory: 0x00000229891c20e0 | e0 20 1c 89 29 02 00 00
R15=0x00007ffc58b538e0 points into unknown readable memory: 0x00000229b6e97d40 | 40 7d e9 b6 29 02 00 00

Top of Stack: (sp=0x000000e229ffce20)
0x000000e229ffce20:   0000000000000000 0000000000000000
0x000000e229ffce30:   0000000000000000 0000000000000000
0x000000e229ffce40:   0000000000000000 000000e229ffd010
0x000000e229ffce50:   0000000000000000 0000000000000000
0x000000e229ffce60:   0000000000000000 000000000000000f
0x000000e229ffce70:   000000e229ffcfb0 00007ffc8e31fc2e
0x000000e229ffce80:   00007ffc58b538d0 0000000000000010
0x000000e229ffce90:   0000bf20db303050 00007ffc58b53930
0x000000e229ffcea0:   0000000000000000 00007ffc557fccc9
0x000000e229ffceb0:   00000229272f3301 00000229000a04c0
0x000000e229ffcec0:   0000000000000000 00000006af5570e0
0x000000e229ffced0:   0000000000000000 00000006af5570e0
0x000000e229ffcee0:   0000000600000000 00007ffc58b53998
0x000000e229ffcef0:   0000000000000001 0000022928230847
0x000000e229ffcf00:   00000006af556c80 00000006af556cb0
0x000000e229ffcf10:   00000006af556c70 00000006af556cc8
0x000000e229ffcf20:   00000006af5570e8 0000000600000002
0x000000e229ffcf30:   00000006af556d38 0000000000000000
0x000000e229ffcf40:   0000000600000000 00000006af556860
0x000000e229ffcf50:   00000006af556cd8 000002292cc90000
0x000000e229ffcf60:   00000006af557048 0000022927be1510
0x000000e229ffcf70:   00000006af556ad8 0000022928485e50
0x000000e229ffcf80:   00000006af556ab8 00000229272f30cf
0x000000e229ffcf90:   00000000d5eaade3 00000229281d99e0
0x000000e229ffcfa0:   0000000605c28a1b 00000006803b9ed8
0x000000e229ffcfb0:   00000006af556860 00000006d5eaad0c
0x000000e229ffcfc0:   000002292cc90000 00000006af556b20
0x000000e229ffcfd0:   0000000000000002 00000006af557110
0x000000e229ffcfe0:   00000006d0106bb9 0000000000000017
0x000000e229ffcff0:   00000006af556d38 00000006af556fa0
0x000000e229ffd000:   00000006819f9ad8 0000022927c360f0
0x000000e229ffd010:   0000000000000000 0000022927b39b70 

Instructions: (pc=0x00007ffc55a19d47)
0x00007ffc55a19c47:   cc cc cc cc cc cc cc cc cc 48 8d 41 58 c3 cc cc
0x00007ffc55a19c57:   cc cc cc cc cc cc cc cc cc 48 8d 41 58 c3 cc cc
0x00007ffc55a19c67:   cc cc cc cc cc cc cc cc cc 48 8d 41 58 c3 cc cc
0x00007ffc55a19c77:   cc cc cc cc cc cc cc cc cc 48 8d 41 58 c3 cc cc
0x00007ffc55a19c87:   cc cc cc cc cc cc cc cc cc 48 8d 41 58 c3 cc cc
0x00007ffc55a19c97:   cc cc cc cc cc cc cc cc cc 48 8d 81 a0 00 00 00
0x00007ffc55a19ca7:   c3 cc cc cc cc cc cc cc cc 8b 41 78 c3 cc cc cc
0x00007ffc55a19cb7:   cc cc cc cc cc cc cc cc cc 40 53 48 83 ec 20 48
0x00007ffc55a19cc7:   8b da 48 8d 91 b0 00 00 00 48 8b cb e8 98 99 59
0x00007ffc55a19cd7:   ff 48 8b c3 48 83 c4 20 5b c3 cc cc cc cc cc cc
0x00007ffc55a19ce7:   cc cc cc cc cc cc cc cc cc 48 89 5c 24 18 57 48
0x00007ffc55a19cf7:   81 ec 80 00 00 00 48 8b 05 34 e3 10 03 48 33 c4
0x00007ffc55a19d07:   48 89 44 24 70 48 8b da 48 89 54 24 28 33 ff 89
0x00007ffc55a19d17:   7c 24 20 48 83 c1 08 33 d2 e8 5b 64 5b 01 48 89
0x00007ffc55a19d27:   7c 24 30 48 89 7c 24 40 48 c7 44 24 48 0f 00 00
0x00007ffc55a19d37:   00 40 88 7c 24 30 49 c7 c0 ff ff ff ff 49 ff c0
0x00007ffc55a19d47:   42 38 3c 00 75 f7 48 8b d0 48 8d 4c 24 30 e8 16
0x00007ffc55a19d57:   d4 59 ff 90 48 8d 54 24 30 48 8d 4c 24 50 ff 15
0x00007ffc55a19d67:   4d 32 5c 02 90 48 89 3b 48 89 7b 10 48 c7 43 18
0x00007ffc55a19d77:   0f 00 00 00 c6 03 00 c7 44 24 20 01 00 00 00 48
0x00007ffc55a19d87:   8b d3 48 8d 4c 24 50 ff 15 1c 2d 5c 02 90 48 8d
0x00007ffc55a19d97:   4c 24 50 ff 15 c0 2f 5c 02 90 48 8b 54 24 48 48
0x00007ffc55a19da7:   83 fa 10 72 35 48 ff c2 48 8b 4c 24 30 48 8b c1
0x00007ffc55a19db7:   48 81 fa 00 10 00 00 72 1c 48 83 c2 27 48 8b 49
0x00007ffc55a19dc7:   f8 48 2b c1 48 83 c0 f8 48 83 f8 1f 76 07 ff 15
0x00007ffc55a19dd7:   c5 1f 5c 02 cc e8 4f c8 25 02 48 8b c3 48 8b 4c
0x00007ffc55a19de7:   24 70 48 33 cc e8 7f c9 25 02 48 8b 9c 24 a0 00
0x00007ffc55a19df7:   00 00 48 81 c4 80 00 00 00 5f c3 cc cc cc cc cc
0x00007ffc55a19e07:   cc cc cc cc cc cc cc cc cc 8b 81 a0 00 00 00 c3
0x00007ffc55a19e17:   cc cc cc cc cc cc cc cc cc 48 8d 81 b8 00 00 00
0x00007ffc55a19e27:   c3 cc cc cc cc cc cc cc cc 48 8d 81 a0 00 00 00
0x00007ffc55a19e37:   c3 cc cc cc cc cc cc cc cc 48 8d 81 a0 00 00 00 


Stack slot to memory mapping:

stack at sp + 0 slots: 0x0 is null
stack at sp + 1 slots: 0x0 is null
stack at sp + 2 slots: 0x0 is null
stack at sp + 3 slots: 0x0 is null
stack at sp + 4 slots: 0x0 is null
stack at sp + 5 slots: 0x000000e229ffd010 is pointing into the stack for thread: 0x00000229000a04c0
stack at sp + 6 slots: 0x0 is null
stack at sp + 7 slots: 0x0 is null


Compiled method (n/a) 1122241 14653     n 0       ui.data.linter.linteri::HARTLintRptMgr_isWaived (native)
 total in heap  [0x0000022927acd410,0x0000022927acd808] = 1016
 relocation     [0x0000022927acd570,0x0000022927acd5a8] = 56
 main code      [0x0000022927acd5c0,0x0000022927acd7fb] = 571
 stub code      [0x0000022927acd7fb,0x0000022927acd800] = 5
 oops           [0x0000022927acd800,0x0000022927acd808] = 8

[Constant Pool (empty)]

[MachCode]
[Entry Point]
  # {method} {0x000002298c11f278} 'HARTLintRptMgr_isWaived' '(JI)Z' in 'ui/data/linter/linteri'
  # parm0:    rdx:rdx   = long
  # parm1:    r8        = int
  #           [sp+0x70]  (sp of caller)
  0x0000022927acd5c0: 448b 5208 | 49bb 0000 | 003a 2902 | 0000 4d03 | d349 3bc2 | 0f84 0600 

  0x0000022927acd5d8: ;   {runtime_call ic_miss_stub}
  0x0000022927acd5d8: 0000 e9a1 | 1184 ff90 
[Verified Entry Point]
  0x0000022927acd5e0: 8984 2400 | 80ff ff55 | 488b ec48 | 83ec 6090 | 4181 7f20 | 2400 0000 

  0x0000022927acd5f8: ;   {runtime_call StubRoutines (final stubs)}
  0x0000022927acd5f8: 7405 e861 | 7782 ff4d | 8bc8 4c8b 

  0x0000022927acd604: ;   {oop(a 'java/lang/Class'{0x00000006848ca9e8} = 'ui/data/linter/linteri')}
  0x0000022927acd604: c249 bee8 | a98c 8406 | 0000 004c | 8974 2450 | 4c8d 7424 | 5049 8bd6 

  0x0000022927acd61c: ;   {internal_word}
  0x0000022927acd61c: c5f8 7749 | ba1c d6ac | 2729 0200 | 004d 8997 | a003 0000 | 4989 a798 

  0x0000022927acd634: ;   {external_word}
  0x0000022927acd634: 0300 0049 | ba35 4b21 | 88fc 7f00 | 0041 803a | 000f 844e | 0000 0052 | 4150 4151 

  0x0000022927acd650: ;   {metadata({method} {0x000002298c11f278} 'HARTLintRptMgr_isWaived' '(JI)Z' in 'ui/data/linter/linteri')}
  0x0000022927acd650: 48ba 70f2 | 118c 2902 | 0000 498b | cf48 83ec | 2040 f6c4 | 0f0f 8419 | 0000 0048 

  0x0000022927acd66c: ;   {runtime_call}
  0x0000022927acd66c: 83ec 0848 | b850 41cb | 87fc 7f00 | 00ff d048 | 83c4 08e9 | 0c00 0000 

  0x0000022927acd684: ;   {runtime_call}
  0x0000022927acd684: 48b8 5041 | cb87 fc7f | 0000 ffd0 | 4883 c420 | 4159 4158 | 5a49 8d8f | b803 0000 | 41c7 8744 
  0x0000022927acd6a4: 0400 0004 

  0x0000022927acd6a8: ;   {runtime_call}
  0x0000022927acd6a8: 0000 0048 | b880 e30a | 56fc 7f00 | 00ff d0c5 | f877 25ff | 0000 000f | 95c0 41c7 | 8744 0400 
  0x0000022927acd6c8: 0005 0000 | 00f0 8344 | 24c0 0049 | 3baf 4804 | 0000 0f87 | 0e00 0000 | 4183 bf40 | 0400 0000 
  0x0000022927acd6e8: 0f84 2b00 | 0000 c5f8 | 7748 8945 | f849 8bcf | 4c8b e448 | 83ec 2048 

  0x0000022927acd700: ;   {runtime_call}
  0x0000022927acd700: 83e4 f048 | b8e0 cd96 | 87fc 7f00 | 00ff d049 | 8be4 4d33 | e448 8b45 | f841 c787 | 4404 0000 
  0x0000022927acd720: 0800 0000 | 4183 bfc0 | 0400 0002 | 0f84 9c00 

  0x0000022927acd730: ;   {external_word}
  0x0000022927acd730: 0000 49ba | 354b 2188 | fc7f 0000 | 4180 3a00 | 0f84 4c00 | 0000 4889 

  0x0000022927acd748: ;   {metadata({method} {0x000002298c11f278} 'HARTLintRptMgr_isWaived' '(JI)Z' in 'ui/data/linter/linteri')}
  0x0000022927acd748: 45f8 48ba | 70f2 118c | 2902 0000 | 498b cf48 | 83ec 2040 | f6c4 0f0f | 8419 0000 | 0048 83ec 
  0x0000022927acd768: ;   {runtime_call}
  0x0000022927acd768: 0848 b850 | 41cb 87fc | 7f00 00ff | d048 83c4 | 08e9 0c00 

  0x0000022927acd77c: ;   {runtime_call}
  0x0000022927acd77c: 0000 48b8 | 5041 cb87 | fc7f 0000 | ffd0 4883 | c420 488b | 45f8 49c7 | 8798 0300 | 0000 0000 
  0x0000022927acd79c: 0049 c787 | a003 0000 | 0000 0000 | c5f8 7749 | 8b8f 2804 | 0000 c781 | 0001 0000 | 0000 0000 
  0x0000022927acd7bc: c949 837f | 0800 0f85 | 0100 0000 

  0x0000022927acd7c8: ;   {runtime_call StubRoutines (initial stubs)}
  0x0000022927acd7c8: c3e9 3237 | 7fff c5f8 | 7748 8945 | f84c 8be4 | 4883 ec20 | 4883 e4f0 

  0x0000022927acd7e0: ;   {runtime_call}
  0x0000022927acd7e0: 48b8 3079 | cb87 fc7f | 0000 ffd0 | 498b e44d | 33e4 488b | 45f8 e937 | ffff fff4 | f4f4 f4f4 
[/MachCode]


Compiled method (c2) 1122247 15661       4       ui.views.v.e::getCellRenderer (124 bytes)
 total in heap  [0x0000022928659010,0x0000022928660450] = 29760
 relocation     [0x0000022928659170,0x0000022928659620] = 1200
 constants      [0x0000022928659620,0x0000022928659640] = 32
 main code      [0x0000022928659640,0x000002292865d9a0] = 17248
 stub code      [0x000002292865d9a0,0x000002292865dad8] = 312
 oops           [0x000002292865dad8,0x000002292865db30] = 88
 metadata       [0x000002292865db30,0x000002292865df98] = 1128
 scopes data    [0x000002292865df98,0x000002292865f5e0] = 5704
 scopes pcs     [0x000002292865f5e0,0x000002292865ff00] = 2336
 dependencies   [0x000002292865ff00,0x0000022928660010] = 272
 handler table  [0x0000022928660010,0x0000022928660358] = 840
 nul chk table  [0x0000022928660358,0x0000022928660450] = 248


[Constant Pool]
             Address          hex4                    hex8      
  0x0000022928659620:   0x00000000      0x0000000000000000      
  0x0000022928659624:   0x00000000                              
  0x0000022928659628:   0x9999999a      0x3ff999999999999a      
  0x000002292865962c:   0x3ff99999                              
  0x0000022928659630:   0xf4f4f4f4      0xf4f4f4f4f4f4f4f4      
  0x0000022928659634:   0xf4f4f4f4                              
  0x0000022928659638:   0xf4f4f4f4      0xf4f4f4f4f4f4f4f4      
  0x000002292865963c:   0xf4f4f4f4                              

[MachCode]
[Entry Point]
  # {method} {0x000002297ec52860} 'getCellRenderer' '(II)Ljavax/swing/table/TableCellRenderer;' in 'ui/views/v/e'
  # this:     rdx:rdx   = 'ui/views/v/e'
  # parm0:    r8        = int
  # parm1:    r9        = int
  #           [sp+0xb0]  (sp of caller)
  0x0000022928659640: ;   {no_reloc}
  0x0000022928659640: 448b 5208 | 49bb 0000 | 003a 2902 | 0000 4d03 | d349 3bc2 

  0x0000022928659654: ;   {runtime_call ic_miss_stub}
  0x0000022928659654: 0f85 2651 | cbfe 6690 | 0f1f 4000 
[Verified Entry Point]
  0x0000022928659660: 8984 2400 | 80ff ff55 | 4881 eca0 | 0000 0090 | 4181 7f20 | 2400 0000 | 0f85 1243 | 0000 4489 
  0x0000022928659680: 4c24 2c44 | 8944 2438 | 4889 5424 | 204d 8b87 | b801 0000 | 4d8b 9780 | 0300 004d | 8bd8 4981 
  0x00000229286596a0: c3c8 0100 | 0049 8b2a | 4d3b 9fc8 | 0100 000f | 838c 2900 | 004d 899f | b801 0000 | 410f 1883 
  0x00000229286596c0: 0001 0000 | 49c7 0001 | 0000 0049 | 8bf8 4883 

  0x00000229286596d0: ;   {metadata('ui/dlg/c/c/j$b')}
  0x00000229286596d0: c710 41c7 | 4008 0080 | 9d01 4589 | 600c b937 | 0000 00c5 | fdef c0e9 | 0d00 0000 | c5fe 7f07 
  0x00000229286596f0: c5fe 7f47 | 2048 83c7 | 4048 83e9 | 087d ed48 | 83c1 047c | 0cc5 fe7f | 0748 83c7 | 2048 83e9 
  0x0000022928659710: 0448 83c1 | 047e 1048 | ffc9 c5f9 | d607 4883 | c708 48ff | c97d f348 | 896c 2430 | 4c89 4424 
  0x0000022928659730: 404c 8b54 | 2420 458b | 9ad0 0300 | 0049 8beb | 48c1 e503 | 4489 5c24 | 2841 b903 | 0000 0045 
  0x0000022928659750: 33c0 488b | 5424 4090 

  0x0000022928659758: ;   {optimized virtual_call}
  0x0000022928659758: c5f8 77e8 

  0x000002292865975c: ; ImmutableOopMap {rbp=Oop [32]=Oop [40]=NarrowOop [48]=Oop [64]=Oop }
                      ;*invokespecial <init> {reexecute=0 rethrow=0 return_oop=0}
                      ; - ui.utils.k.j.b.l::<init>@3 (line 35)
                      ; - ui.utils.k.j.b.l::<init>@2 (line 51)
                      ; - ui.dlg.c.c.j$b::<init>@1 (line 1266)
                      ; - ui.views.v.e::getCellRenderer@8 (line 71)
  0x000002292865975c: 609d ebff 

  0x0000022928659760: ;   {other}
  0x0000022928659760: 0f1f 8400 | 5007 0000 | 4180 7f40 | 000f 8524 | 1f00 0048 | 8b5c 2440 | 448b 4424 | 2844 8983 
  0x0000022928659780: c401 0000 | 4c8b d34c | 8bdd 4d33 | da49 c1eb | 164d 85db | 741f 4585 | c074 1a49 | c1ea 0948 
  0x00000229286597a0: b900 00c9 | 2c29 0200 | 0049 03ca | 8039 020f | 8521 1f00 | 004c 8b4c | 2420 418b | 91d0 0300 
  0x00000229286597c0: 0045 8b84 | d4e0 0100 | 0043 8bbc | c47c 0100 

  0x00000229286597d0: ;   {oop(a 'java/lang/Class'{0x00000006814df660} = 'com/jidesoft/utils/SystemInfo')}
  0x00000229286597d0: 0049 ba60 | f64d 8106 | 0000 0045 

  0x00000229286597dc: ;   {oop(a 'java/lang/Class'{0x00000006809be180} = 'com/jidesoft/grid/JideTable')}
  0x00000229286597dc: 8b5a 7049 | ba80 e19b | 8006 0000 | 0045 8b92 | a800 0000 

  0x00000229286597f0: ; implicit exception: dispatches to 0x000002292865d690
  0x00000229286597f0: c481 7b10 

  0x00000229286597f4: ;   {section_word}
  0x00000229286597f4: 44dc 10c5 | fb5c 0529 

  0x00000229286597fc: ;   {section_word}
  0x00000229286597fc: feff ffc5 | f92e 0519 | feff ff7a | 060f 84b9 | 3000 00c5 | f157 c9c5 | f92e c80f | 87fb 3000 
  0x000002292865981c: 0045 85d2 | 0f85 a22e | 0000 478b | 94c4 b801 | 0000 4585 | d20f 854e | 1f00 0048 | 895c 2448 
  0x000002292865983c: 498b e945 | 8b9c d4e4 | 0100 0048 | 8bd7 48c1 | e203 4d8b | cb49 c1e1 | 0344 8b44 | 2438 6690 
  0x000002292865985c: ;   {static_call}
  0x000002292865985c: c5f8 77e8 

  0x0000022928659860: ; ImmutableOopMap {rbp=Oop [32]=Oop [48]=Oop [72]=Oop }
                      ;*invokestatic getActualRowAt {reexecute=0 rethrow=0 return_oop=0}
                      ; - ui.views.v.e::aiN@28 (line 109)
                      ; - ui.views.v.e::getCellRenderer@14 (line 72)
  0x0000022928659860: dccb 75ff 

  0x0000022928659864: ;   {other}
  0x0000022928659864: 0f1f 8400 | 5408 0001 | 4c8b f544 | 8b95 d003 | 0000 478b | acd4 e401 | 0000 478b 

  0x0000022928659880: ;   {oop(a 'java/lang/Class'{0x00000006809be180} = 'com/jidesoft/grid/JideTable')}
  0x0000022928659880: 54ec 1449 | bb80 e19b | 8006 0000 | 0041 8bab | a800 0000 | 85ed 0f85 | 882e 0000 | 8bf8 85c0 
  0x00000229286598a0: 0f8c a62e | 0000 478b 

  0x00000229286598a8: ;   {metadata('java/util/Vector')}
  0x00000229286598a8: 44d4 0841 | 81f8 8091 | 0601 0f85 | 082a 0000 | 4f8d 1cd4 | 488d 9c24 | 9000 0000 | 498b 03a8 
  0x00000229286598c8: 020f 8523 | 0000 0048 | 83c8 0148 | 8903 f049 | 0fb1 1b0f | 8437 0000 | 0048 2bc4 | 4825 07f0 
  0x00000229286598e8: ffff 4889 | 03e9 2400 | 0000 4c8b | d048 33c0 | f04d 0fb1 | 7a3e 48c7 | 0303 0000 | 0074 114c 
  0x0000022928659908: 3bf8 7515 | 49ff 8286 | 0000 0048 | 33c0 7509 | 49ff 8748 | 0500 0033 | c00f 85d5 | 2900 0041 
  0x0000022928659928: 8b6b 1048 | 8d84 2490 | 0000 0048 | 8338 000f | 8479 0000 | 004d 8b13 | 41f6 c202 | 0f84 6200 
  0x0000022928659948: 0000 4983 | ba86 0000 | 0000 7409 | 49ff 8a86 | 0000 00eb | 4b49 8b82 | 9600 0000 | 490b 828e 
  0x0000022928659968: 0000 0075 | 0a49 c742 | 3e00 0000 | 00eb 3d49 | 83ba 9e00 | 0000 0074 | 2248 33c0 | 49c7 423e 
  0x0000022928659988: 0000 0000 | f083 0424 | 0049 83ba | 9e00 0000 | 0075 0df0 | 4d0f b17a | 3e75 0583 | c801 eb0c 
  0x00000229286599a8: ;   {no_reloc}
  0x00000229286599a8: a800 eb08 | 4c8b 10f0 | 4d0f b113 | 750a 49ff | 8f48 0500 | 0045 33d2 | 0f85 7e29 | 0000 3bfd 
  0x00000229286599c8: 0f8d 922f | 0000 478b 

  0x00000229286599d0: ;   {oop(a 'java/lang/Class'{0x00000006809be180} = 'com/jidesoft/grid/JideTable')}
  0x00000229286599d0: 4cec 1449 | ba80 e19b | 8006 0000 | 0041 8baa | a800 0000 | 85ed 0f85 | 882d 0000 

  0x00000229286599ec: ; implicit exception: dispatches to 0x000002292865d710
  0x00000229286599ec: 478b 5ccc 

  0x00000229286599f0: ;   {metadata('java/util/Vector')}
  0x00000229286599f0: 0841 81fb | 8091 0601 | 0f85 7129 | 0000 4f8d | 04cc 488d | 9c24 9000 | 0000 498b | 00a8 020f 
  0x0000022928659a10: 8523 0000 | 0048 83c8 | 0148 8903 | f049 0fb1 | 180f 8437 | 0000 0048 | 2bc4 4825 | 07f0 ffff 
  0x0000022928659a30: 4889 03e9 | 2400 0000 | 4c8b d048 | 33c0 f04d | 0fb1 7a3e | 48c7 0303 | 0000 0074 | 114c 3bf8 
  0x0000022928659a50: 7515 49ff | 8286 0000 | 0048 33c0 | 7509 49ff | 8748 0500 | 0033 c00f | 852f 2900 | 0041 8b68 
  0x0000022928659a70: 103b fd0f | 8d0f 2f00 | 0041 8b68 | 1845 8b5c | ec0c 413b | fb0f 8371 | 2700 004d | 8d14 ec41 
  0x0000022928659a90: 8b6c ba10 | 488d 8424 | 9000 0000 | 4883 3800 | 0f84 7900 | 0000 4d8b | 1041 f6c2 | 020f 8462 
  0x0000022928659ab0: 0000 0049 | 83ba 8600 | 0000 0074 | 0949 ff8a | 8600 0000 | eb4b 498b | 8296 0000 | 0049 0b82 
  0x0000022928659ad0: 8e00 0000 | 750a 49c7 | 423e 0000 | 0000 eb3d | 4983 ba9e | 0000 0000 | 7422 4833 | c049 c742 
  0x0000022928659af0: ;   {no_reloc}
  0x0000022928659af0: 3e00 0000 | 00f0 8304 | 2400 4983 | ba9e 0000 | 0000 750d | f04d 0fb1 | 7a3e 7505 | 83c8 01eb 
  0x0000022928659b10: 0ca8 00eb | 084c 8b10 | f04d 0fb1 | 1075 0a49 | ff8f 4805 | 0000 4533 | d20f 85a6 | 2800 0045 
  0x0000022928659b30: 8b54 ec08 | 48be 0000 | 003a 2902 | 0000 4903 | f24c 8b56 

  0x0000022928659b44: ;   {metadata('com/jidesoft/grid/Row')}
  0x0000022928659b44: 2049 bbd8 | 858d 3b29 | 0200 004d | 3bd3 0f85 | 5715 0000 | 4d8d 04ec | 458b 5008 | 49bb 0000 
  0x0000022928659b64: 003a 2902 | 0000 4d03 | da4d 8b53 

  0x0000022928659b70: ;   {metadata('ui/utils/k/j/ar')}
  0x0000022928659b70: 5049 bb90 | 779c 3b29 | 0200 004d | 3bd3 0f85 | 7c28 0000 | 458b 5808 

  0x0000022928659b88: ;   {metadata('ui/views/v/i')}
  0x0000022928659b88: 4181 fb18 | 6e9f 010f | 85f3 3700 | 004c 8974 | 2420 4c89 | 4424 4090 

  0x0000022928659ba0: ;   {static_call}
  0x0000022928659ba0: c5f8 77e8 

  0x0000022928659ba4: ; ImmutableOopMap {[32]=Oop [48]=Oop [64]=Oop [72]=Oop }
                      ;*invokestatic HARTLintRptMgr_getInstance {reexecute=0 rethrow=0 return_oop=0}
                      ; - ui.views.v.i::dPB@0 (line 120)
                      ; - ui.views.v.e::getCellRenderer@26 (line 73)
  0x0000022928659ba4: b8de 45ff 

  0x0000022928659ba8: ;   {other}
  0x0000022928659ba8: 0f1f 8400 | 980b 0002 | 4885 c00f | 84ff 2d00 | 0048 8b6c | 2440 448b | 4524 4183 | f8ff 7e1c 
  0x0000022928659bc8: 488b d090 

  0x0000022928659bcc: ;   {static_call}
  0x0000022928659bcc: c5f8 77e8 

  0x0000022928659bd0: ; ImmutableOopMap {rbp=Oop [32]=Oop [48]=Oop [72]=Oop }
                      ;*invokestatic HARTLintRptMgr_isWaived {reexecute=0 rethrow=0 return_oop=0}
                      ; - ui.views.v.i::dPB@23 (line 122)
                      ; - ui.views.v.e::getCellRenderer@26 (line 73)
  0x0000022928659bd0: 0c3a 47ff 

  0x0000022928659bd4: ;   {other}
  0x0000022928659bd4: 0f1f 8400 | c40b 0003 | 85c0 0f85 | 0430 0000 | 8b6d 4c85 | ed0f 85fd | 2d00 004c | 8b4c 2420 
  0x0000022928659bf4: 458b 91d0 | 0300 0047 | 8b9c d4e0 | 0100 0047 | 8bac dc7c | 0100 0044 | 8b44 242c | 4585 c00f 
  0x0000022928659c14: 8ceb 2d00 | 0043 8bac | dc80 0100 | 0045 8b5c 

  0x0000022928659c24: ;   {metadata('javax/swing/table/DefaultTableColumnModel')}
  0x0000022928659c24: ec08 4181 | fba0 a236 | 010f 85e5 | 2700 004d | 8d14 ec45 | 8b52 1845 | 85d2 0f84 | e825 0000 
  0x0000022928659c44: 4b8d 3cd4 | 488d 9c24 | 9000 0000 | 488b 07a8 | 020f 8523 | 0000 0048 | 83c8 0148 | 8903 f048 
  0x0000022928659c64: 0fb1 1f0f | 8437 0000 | 0048 2bc4 | 4825 07f0 | ffff 4889 | 03e9 2400 | 0000 4c8b | d848 33c0 
  0x0000022928659c84: f04d 0fb1 | 7b3e 48c7 | 0303 0000 | 0074 114c | 3bf8 7515 | 49ff 8386 | 0000 0048 | 33c0 7509 
  0x0000022928659ca4: 49ff 8748 | 0500 0033 | c00f 8589 | 2700 0043 | 8b6c d410 | 443b c50f | 8d77 2d00 | 0043 8b6c 
  0x0000022928659cc4: d418 418b | 4cec 0c44 | 3bc1 0f83 | 7025 0000 | 4d8d 14ec | 438b 4c82 | 1048 8d84 | 2490 0000 
  0x0000022928659ce4: 0048 8338 | 000f 8479 | 0000 004c | 8b17 41f6 | c202 0f84 | 6200 0000 | 4983 ba86 | 0000 0000 
  0x0000022928659d04: 7409 49ff | 8a86 0000 | 00eb 4b49 | 8b82 9600 | 0000 490b | 828e 0000 | 0075 0a49 | c742 3e00 
  0x0000022928659d24: ;   {no_reloc}
  0x0000022928659d24: 0000 00eb | 3d49 83ba | 9e00 0000 | 0074 2248 | 33c0 49c7 | 423e 0000 | 0000 f083 | 0424 0049 
  0x0000022928659d44: 83ba 9e00 | 0000 0075 | 0df0 4d0f | b17a 3e75 | 0583 c801 | eb0c a800 | eb08 4c8b | 10f0 4c0f 
  0x0000022928659d64: b117 750a | 49ff 8f48 | 0500 0045 | 33d2 0f85 | 1427 0000 

  0x0000022928659d78: ; implicit exception: dispatches to 0x000002292865d574
  0x0000022928659d78: 458b 5ccc 

  0x0000022928659d7c: ;   {metadata('javax/swing/table/TableColumn')}
  0x0000022928659d7c: 0841 81fb | 5800 5701 | 0f85 2636 | 0000 418b | 91d0 0300 | 0045 8b94 | d4e4 0100 

  0x0000022928659d98: ;   {oop(a 'java/lang/Class'{0x00000006809be180} = 'com/jidesoft/grid/JideTable')}
  0x0000022928659d98: 0049 bb80 | e19b 8006 | 0000 0041 | 8bab a800 | 0000 4d8d | 1ccc 458b | 5b0c 85ed | 0f85 ea29 
  0x0000022928659db8: 0000 453b | d575 0a44 | 895c 2440 | e96c 0100 | 0043 8b4c | ec08 48be | 0000 003a | 2902 0000 
  0x0000022928659dd8: 4803 f148 

  0x0000022928659ddc: ;   {metadata('com/jidesoft/grid/ColumnTableModelWrapper')}
  0x0000022928659ddc: 8b5e 2048 | b9e8 5b9d | 3b29 0200 | 0048 3bd9 | 0f84 9928 

  0x0000022928659df0: ;   {metadata('com/jidesoft/grid/ColumnTableModelWrapper')}
  0x0000022928659df0: 0000 48b8 | e85b 9d3b | 2902 0000 | 488b 7e28 | 8b0f 4883 | c708 4885 | c0f2 48af | 0f85 0400 
  0x0000022928659e10: 0000 4889 | 4620 0f84 | 6f28 0000 

  0x0000022928659e1c: ;   {metadata('com/jidesoft/grid/TableModelWrapper')}
  0x0000022928659e1c: 48b9 e0fb | 8c3b 2902 | 0000 483b | d90f 8519 | 1300 004b | 8d2c ec8b 

  0x0000022928659e34: ;   {metadata('com/jidesoft/grid/SortableTreeTableModel')}
  0x0000022928659e34: 5d08 81fb | e8ba 9c01 

  0x0000022928659e3c: ;   {metadata('com/jidesoft/grid/QuickTableFilterField$j')}
  0x0000022928659e3c: 7411 81fb | 5041 8d01 | 0f85 122e | 0000 8b6d | 14eb 038b | 6d14 443b | d575 0841 | 8bc3 e9d2 
  0x0000022928659e5c: 0000 0041 | 8b5c ec08 | 48be 0000 | 003a 2902 | 0000 4803 | f348 8b5e 

  0x0000022928659e74: ;   {metadata('com/jidesoft/grid/ColumnTableModelWrapper')}
  0x0000022928659e74: 2048 b9e8 | 5b9d 3b29 | 0200 0048 | 3bd9 0f84 | 882d 0000 

  0x0000022928659e88: ;   {metadata('com/jidesoft/grid/ColumnTableModelWrapper')}
  0x0000022928659e88: 48b8 e85b | 9d3b 2902 | 0000 488b | 7e28 8b0f | 4883 c708 | 4885 c0f2 | 48af 0f85 | 0400 0000 
  0x0000022928659ea8: 4889 4620 | 0f84 5e2d 

  0x0000022928659eb0: ;   {metadata('com/jidesoft/grid/TableModelWrapper')}
  0x0000022928659eb0: 0000 48b9 | e0fb 8c3b | 2902 0000 | 483b d90f | 85d7 1200 | 0048 c1e5 | 038b 4d08 

  0x0000022928659ecc: ;   {metadata('com/jidesoft/grid/SortableTreeTableModel')}
  0x0000022928659ecc: 81f9 e8ba | 9c01 7411 

  0x0000022928659ed4: ;   {metadata('com/jidesoft/grid/QuickTableFilterField$j')}
  0x0000022928659ed4: 81f9 5041 | 8d01 0f85 | 052f 0000 | 8b4d 14eb | 038b 4d14 | 4489 4424 | 284c 894c | 2420 4d8b 
  0x0000022928659ef4: ca49 c1e1 | 0348 8bd1 | 48c1 e203 | 458b c38b | 6c24 3890 

  0x0000022928659f08: ;   {static_call}
  0x0000022928659f08: c5f8 77e8 

  0x0000022928659f0c: ; ImmutableOopMap {[32]=Oop [48]=Oop [72]=Oop }
                      ;*invokestatic getActualColumnAt {reexecute=0 rethrow=0 return_oop=0}
                      ; - com.jidesoft.grid.TableModelWrapperUtils::getActualColumnAt@78
                      ; - com.jidesoft.grid.TableModelWrapperUtils::getActualColumnAt@78
                      ; - ui.views.v.e::fA@28 (line 99)
                      ; - ui.views.v.e::getCellRenderer@73 (line 76)
  0x0000022928659f0c: d060 9dff 

  0x0000022928659f10: ;   {other}
  0x0000022928659f10: 0f1f 8400 | 000f 0004 | 4c8b 4c24 | 2041 8b91 | d003 0000 | 85d2 0f84 | 182d 0000 | 448b 4424 
  0x0000022928659f30: 2889 4424 | 4045 8b9c | d4e0 0100 | 0043 8b8c | dc7c 0100 

  0x0000022928659f44: ;   {oop(a 'java/lang/Class'{0x00000006809be180} = 'com/jidesoft/grid/JideTable')}
  0x0000022928659f44: 0049 ba80 | e19b 8006 | 0000 0045 | 8b92 a800 

  0x0000022928659f54: ;   {oop(a 'java/lang/Class'{0x00000006814df660} = 'com/jidesoft/utils/SystemInfo')}
  0x0000022928659f54: 0000 48bb | 60f6 4d81 | 0600 0000 | 8b7b 70c4 | c17b 1044 

  0x0000022928659f68: ;   {section_word}
  0x0000022928659f68: fc10 c5fb | 5c05 b6f6 

  0x0000022928659f70: ;   {section_word}
  0x0000022928659f70: ffff c5f9 | 2e05 a6f6 | ffff 7a06 | 0f84 e62a | 0000 c5f1 | 57c9 c5f9 | 2ec8 0f87 | 342b 0000 
  0x0000022928659f90: 4585 d20f | 8543 2800 | 0047 8b9c | dcb8 0100 | 0045 85db | 0f85 0618 | 0000 4489 | 4424 3c4c 
  0x0000022928659fb0: 894c 2428 | 458b 94d4 | e401 0000 | 488b d148 | c1e2 034d | 8bca 49c1 | e103 448b | 4424 3890 
  0x0000022928659fd0: ;   {static_call}
  0x0000022928659fd0: c5f8 77e8 

  0x0000022928659fd4: ; ImmutableOopMap {[40]=Oop [48]=Oop [72]=Oop }
                      ;*invokestatic getActualRowAt {reexecute=0 rethrow=0 return_oop=0}
                      ; - ui.views.v.e::aiN@28 (line 109)
                      ; - ui.views.v.e::fA@34 (line 100)
                      ; - ui.views.v.e::getCellRenderer@73 (line 76)
  0x0000022928659fd4: 68c4 75ff 

  0x0000022928659fd8: ;   {other}
  0x0000022928659fd8: 0f1f 8400 | c80f 0005 | 4c8b 5424 | 2845 8b9a | d003 0000 

  0x0000022928659fec: ; implicit exception: dispatches to 0x000002292865d5d4
  0x0000022928659fec: 478b 84dc | e401 0000 

  0x0000022928659ff4: ; implicit exception: dispatches to 0x000002292865d5ec
  0x0000022928659ff4: 478b 4cc4 

  0x0000022928659ff8: ;   {oop(a 'java/lang/Class'{0x00000006809be180} = 'com/jidesoft/grid/JideTable')}
  0x0000022928659ff8: 1449 ba80 | e19b 8006 | 0000 0041 | 8baa a800 | 0000 85ed | 0f85 0628 | 0000 448b | d085 c00f 
  0x000002292865a018: 8c43 2800 | 0047 8b5c 

  0x000002292865a020: ;   {metadata('java/util/Vector')}
  0x000002292865a020: cc08 4181 | fb80 9106 | 010f 859b | 2400 0049 | c1e1 0348 | 8d9c 2490 | 0000 0049 | 8b01 a802 
  0x000002292865a040: 0f85 2300 | 0000 4883 | c801 4889 | 03f0 490f | b119 0f84 | 3700 0000 | 482b c448 | 2507 f0ff 
  0x000002292865a060: ff48 8903 | e924 0000 | 004c 8bd8 | 4833 c0f0 | 4d0f b17b | 3e48 c703 | 0300 0000 | 7411 4c3b 
  0x000002292865a080: f875 1549 | ff83 8600 | 0000 4833 | c075 0949 | ff87 4805 | 0000 33c0 | 0f85 a524 | 0000 418b 
  0x000002292865a0a0: 6910 488d | 8424 9000 | 0000 4883 | 3800 0f84 | 7900 0000 | 4d8b 1941 | f6c3 020f | 8462 0000 
  0x000002292865a0c0: 0049 83bb | 8600 0000 | 0074 0949 | ff8b 8600 | 0000 eb4b | 498b 8396 | 0000 0049 | 0b83 8e00 
  0x000002292865a0e0: 0000 750a | 49c7 433e | 0000 0000 | eb3d 4983 | bb9e 0000 | 0000 7422 | 4833 c049 | c743 3e00 
  0x000002292865a100: 0000 00f0 | 8304 2400 | 4983 bb9e | 0000 0000 | 750d f04d | 0fb1 7b3e | 7505 83c8 | 01eb 0ca8 
  0x000002292865a120: ;   {no_reloc}
  0x000002292865a120: 00eb 084c | 8b18 f04d | 0fb1 1975 | 0a49 ff8f | 4805 0000 | 4533 db0f | 85cf 2300 | 0044 3bd5 
  0x000002292865a140: 0f8d d629 | 0000 438b 

  0x000002292865a148: ;   {oop(a 'java/lang/Class'{0x00000006809be180} = 'com/jidesoft/grid/JideTable')}
  0x000002292865a148: 4cc4 1449 | bb80 e19b | 8006 0000 | 0041 8bab | a800 0000 | 85ed 0f85 | 1c27 0000 

  0x000002292865a164: ; implicit exception: dispatches to 0x000002292865d7d4
  0x000002292865a164: 458b 5ccc 

  0x000002292865a168: ;   {metadata('java/util/Vector')}
  0x000002292865a168: 0841 81fb | 8091 0601 | 0f85 2424 | 0000 4d8d | 04cc 488d | 9c24 9000 | 0000 498b | 00a8 020f 
  0x000002292865a188: 8523 0000 | 0048 83c8 | 0148 8903 | f049 0fb1 | 180f 8437 | 0000 0048 | 2bc4 4825 | 07f0 ffff 
  0x000002292865a1a8: 4889 03e9 | 2400 0000 | 4c8b d848 | 33c0 f04d | 0fb1 7b3e | 48c7 0303 | 0000 0074 | 114c 3bf8 
  0x000002292865a1c8: 7515 49ff | 8386 0000 | 0048 33c0 | 7509 49ff | 8748 0500 | 0033 c00f | 85e3 2300 | 0041 8b68 
  0x000002292865a1e8: 1044 3bd5 | 0f8d 6229 | 0000 418b | 6818 458b | 5cec 0c45 | 3bd3 0f83 | 7420 0000 | 4d8d 1cec 
  0x000002292865a208: 438b 6c93 | 1048 8d84 | 2490 0000 | 0048 8338 | 000f 8479 | 0000 004d | 8b10 41f6 | c202 0f84 
  0x000002292865a228: 6200 0000 | 4983 ba86 | 0000 0000 | 7409 49ff | 8a86 0000 | 00eb 4b49 | 8b82 9600 | 0000 490b 
  0x000002292865a248: 828e 0000 | 0075 0a49 | c742 3e00 | 0000 00eb | 3d49 83ba | 9e00 0000 | 0074 2248 | 33c0 49c7 
  0x000002292865a268: ;   {no_reloc}
  0x000002292865a268: 423e 0000 | 0000 f083 | 0424 0049 | 83ba 9e00 | 0000 0075 | 0df0 4d0f | b17a 3e75 | 0583 c801 
  0x000002292865a288: eb0c a800 | eb08 4c8b | 10f0 4d0f | b110 750a | 49ff 8f48 | 0500 0045 | 33d2 0f85 | 6023 0000 
  0x000002292865a2a8: ; implicit exception: dispatches to 0x000002292865d63c
  0x000002292865a2a8: 458b 54ec | 0848 be00 | 0000 3a29 | 0200 0049 | 03f2 4c8b 

  0x000002292865a2bc: ;   {metadata('com/jidesoft/grid/Row')}
  0x000002292865a2bc: 5620 49bb | d885 8d3b | 2902 0000 | 4d3b d30f | 8523 0e00 | 0048 c1e5 | 0344 8b55 | 0849 bb00 
  0x000002292865a2dc: 0000 3a29 | 0200 004d | 03da 4d8b 

  0x000002292865a2e8: ;   {metadata('ui/utils/k/j/ar')}
  0x000002292865a2e8: 5350 49bb | 9077 9c3b | 2902 0000 | 4d3b d30f | 8536 2300 | 0044 8b5d 

  0x000002292865a300: ;   {metadata('ui/views/v/i')}
  0x000002292865a300: 0841 81fb | 186e 9f01 | 0f85 d630 | 0000 448b | 5424 4041 | 83fa 040f | 84ba 0a00 | 004c 8b54 
  0x000002292865a320: 2428 450f | b69a 6503 

  0x000002292865a328: ;   {oop(a 'java/lang/Class'{0x00000006809be180} = 'com/jidesoft/grid/JideTable')}
  0x000002292865a328: 0000 49ba | 80e1 9b80 | 0600 0000 | 418b aaa8 | 0000 0085 | ed0f 8565 | 2800 0045 | 85db 0f85 
  0x000002292865a348: 8028 0000 | 448b 5424 | 3c45 85d2 | 0f85 5f0a | 0000 498b | afb8 0100 | 004c 8bd5 | 4981 c298 
  0x000002292865a368: 0100 004d | 3b97 c801 | 0000 0f83 | 1d1d 0000 | 4d89 97b8 | 0100 0041 | 0f18 8200 | 0100 0048 
  0x000002292865a388: c745 0001 | 0000 0048 | 8bfd 4883 

  0x000002292865a394: ;   {metadata('ui/utils/k/j/ad$b')}
  0x000002292865a394: c710 c745 | 08e0 d79c | 0144 8965 | 0cb9 3100 | 0000 c5fd | efc0 e90d | 0000 00c5 | fe7f 07c5 
  0x000002292865a3b4: fe7f 4720 | 4883 c740 | 4883 e908 | 7ded 4883 | c104 7c0c | c5fe 7f07 | 4883 c720 | 4883 e904 
  0x000002292865a3d4: 4883 c104 | 7e10 48ff | c9c5 f9d6 | 0748 83c7 | 0848 ffc9 | 7df3 488b | d566 6690 

  0x000002292865a3f0: ;   {optimized virtual_call}
  0x000002292865a3f0: c5f8 77e8 

  0x000002292865a3f4: ; ImmutableOopMap {rbp=Oop [48]=Oop [72]=Oop }
                      ;*invokespecial <init> {reexecute=0 rethrow=0 return_oop=0}
                      ; - javax.swing.JLabel::<init>@1 (line 176)
                      ; - javax.swing.JLabel::<init>@6 (line 251)
                      ; - javax.swing.table.DefaultTableCellRenderer::<init>@1 (line 114)
                      ; - com.jidesoft.grid.TreeTableCellRenderer::<init>@1
                      ; - ui.utils.k.j.ad$b::<init>@1 (line 1433)
                      ; - ui.utils.k.j.ad::createCellRenderer@4 (line 349)
                      ; - ui.views.v.e::getCellRenderer@105 (line 81)
  0x000002292865a3f4: a8f6 91ff 

  0x000002292865a3f8: ;   {other}
  0x000002292865a3f8: 0f1f 8400 | e813 0006 | 4180 7f40 | 000f 858f | 1400 0048 

  0x000002292865a40c: ;   {oop(""{0x0000000680699a00})}
  0x000002292865a40c: 8bf5 c786 | 7401 0000 | 4033 0dd0 | c786 5c01 | 0000 ffff | ffff 4489 | a658 0100 | 004c 8bd6 
  0x000002292865a42c: ;   {oop(""{0x0000000680699a00})}
  0x000002292865a42c: 48bf 009a | 6980 0600 | 0000 4c8b | df4d 33da | 49c1 eb16 | 4d85 db74 | 1a49 c1ea | 0948 b900 
  0x000002292865a44c: 00c9 2c29 | 0200 0049 | 03ca 8039 | 020f 85d6 | 1600 0041 | 807f 4000 | 0f85 8213 | 0000 4180 
  0x000002292865a46c: 7f40 000f | 85eb 1300 | 0041 807f | 4000 0f85 | a613 0000 | 4489 a680 | 0100 008b | aec8 0000 
  0x000002292865a48c: 0044 88a6 | 1b01 0000 | 4489 a67c | 0100 0044 | 89a6 6001 | 0000 c786 | 6401 0000 | 0a00 0000 
  0x000002292865a4ac: 4489 a668 | 0100 00c7 | 866c 0100 | 000b 0000 | 00c7 8670 | 0100 0004 | 0000 0044 | 89a6 7801 
  0x000002292865a4cc: 0000 85ed | 0f85 622b | 0000 4180 | 7f40 000f | 85f6 1300 | 008b 9e74 

  0x000002292865a4e4: ;   {oop(""{0x0000000680699a00})}
  0x000002292865a4e4: 0100 00c7 | 8674 0100 | 0040 330d | d04c 8bd6 | 488b eb48 | c1e5 034c | 8bdf 4d33 | da49 c1eb 
  0x000002292865a504: 164d 85db | 741a 49c1 | ea09 48b9 | 0000 c92c | 2902 0000 | 4903 ca80 | 3902 0f85 | 6216 0000 
  0x000002292865a524: 4c8b cd89 | 5c24 2048 | 8974 2438 

  0x000002292865a530: ;   {oop("text"{0x0000000680699878})}
  0x000002292865a530: 488b d649 | b878 9869 | 8006 0000 | 0048 8bee 

  0x000002292865a540: ;   {optimized virtual_call}
  0x000002292865a540: c5f8 77e8 

  0x000002292865a544: ; ImmutableOopMap {rbp=Oop [32]=NarrowOop [48]=Oop [56]=Oop [72]=Oop }
                      ;*invokespecial firePropertyChange {reexecute=0 rethrow=0 return_oop=0}
                      ; - javax.swing.table.DefaultTableCellRenderer::firePropertyChange@57 (line 356)
                      ; - javax.swing.JLabel::setText@32 (line 341)
                      ; - javax.swing.JLabel::<init>@69 (line 177)
                      ; - javax.swing.JLabel::<init>@6 (line 251)
                      ; - javax.swing.table.DefaultTableCellRenderer::<init>@1 (line 114)
                      ; - com.jidesoft.grid.TreeTableCellRenderer::<init>@1
                      ; - ui.utils.k.j.ad$b::<init>@1 (line 1433)
                      ; - ui.utils.k.j.ad::createCellRenderer@4 (line 349)
                      ; - ui.views.v.e::getCellRenderer@105 (line 81)
  0x000002292865a544: 98f7 80ff 

  0x000002292865a548: ;   {other}
  0x000002292865a548: 0f1f 8400 | 3815 0007 | 8bad 5801 | 0000 85ed | 0f85 4a0d | 0000 4c8b | 5424 3845 | 8b82 b400 
  0x000002292865a568: 0000 418b | aa5c 0100 | 0041 c782 | 5c01 0000 | ffff ffff | 4585 c00f | 849f 0000 | 0083 fdff 
  0x000002292865a588: 0f84 9600 | 0000 448d | 9580 0000 | 0041 81fa | 0001 0000 | 7243 4d8b | 8fb8 0100 | 004d 8bd1 
  0x000002292865a5a8: 4983 c210 | 4d3b 97c8 | 0100 000f | 838f 2000 | 004d 8997 | b801 0000 | 410f 1882 | 0001 0000 
  0x000002292865a5c8: 49c7 0101 

  0x000002292865a5cc: ;   {metadata('java/lang/Integer')}
  0x000002292865a5cc: 0000 0041 | c741 0848 | 5902 0045 | 8961 0c41 | 8969 0ceb | 194c 63d5 

  0x000002292865a5e4: ;   {oop(a 'java/lang/Integer'[256] {0x00000006812b47a0})}
  0x000002292865a5e4: 49bb a047 | 2b81 0600 | 0000 478b | 9c93 1002 | 0000 4f8d | 0cdc 4b8d 

  0x000002292865a5fc: ;   {oop(a 'java/lang/Integer'{0x0000000680759140} = -1)}
  0x000002292865a5fc: 14c4 48bf | 4091 7580 | 0600 0000 

  0x000002292865a608: ;   {oop("displayedMnemonicIndex"{0x0000000680a54b18})}
  0x000002292865a608: 49b8 184b | a580 0600 | 0000 6690 

  0x000002292865a614: ;   {optimized virtual_call}
  0x000002292865a614: c5f8 77e8 

  0x000002292865a618: ; ImmutableOopMap {[32]=NarrowOop [48]=Oop [56]=Oop [72]=Oop }
                      ;*invokevirtual firePropertyChange {reexecute=0 rethrow=0 return_oop=0}
                      ; - java.beans.PropertyChangeSupport::firePropertyChange@15 (line 289)
                      ; - java.awt.Component::firePropertyChange@22 (line 8757)
                      ; - javax.swing.JComponent::firePropertyChange@4 (line 4608)
                      ; - javax.swing.JLabel::setDisplayedMnemonicIndex@72 (line 572)
                      ; - javax.swing.JLabel::setText@44 (line 343)
                      ; - javax.swing.JLabel::<init>@69 (line 177)
                      ; - javax.swing.JLabel::<init>@6 (line 251)
                      ; - javax.swing.table.DefaultTableCellRenderer::<init>@1 (line 114)
                      ; - com.jidesoft.grid.TreeTableCellRenderer::<init>@1
                      ; - ui.utils.k.j.ad$b::<init>@1 (line 1433)
                      ; - ui.utils.k.j.ad::createCellRenderer@4 (line 349)
                      ; - ui.views.v.e::getCellRenderer@105 (line 81)
  0x000002292865a618: 6444 cbfe 

  0x000002292865a61c: ;   {other}
  0x000002292865a61c: 0f1f 8400 | 0c16 0008 | 4c8b 5424 | 3841 8baa | c800 0000 | 85ed 0f85 | 2c2a 0000 | 448b 5424 
  0x000002292865a63c: 2045 85d2 | 0f84 3e2a | 0000 4180 | 7f40 000f | 85c0 1200 | 004c 8b54 | 2438 458b | 8278 0100 
  0x000002292865a65c: 0045 89a2 | 7801 0000 | 4585 c074 | 2741 0fb6 | aa1b 0100 | 0085 ed0f | 854f 2b00 | 0041 807f 
  0x000002292865a67c: 4000 0f85 | 8319 0000 | 4c8b 5424 | 3845 89a2 | 7c01 0000 | 4c8b 5424 | 3845 8b92 | 6401 0000 
  0x000002292865a69c: 4183 fa0a | 0f85 170e | 0000 488b | 5424 3890 

  0x000002292865a6ac: ;   {static_call}
  0x000002292865a6ac: c5f8 77e8 

  0x000002292865a6b0: ; ImmutableOopMap {[48]=Oop [56]=Oop [72]=Oop }
                      ;*invokestatic getUI {reexecute=0 rethrow=0 return_oop=1}
                      ; - javax.swing.JLabel::updateUI@2 (line 288)
                      ; - javax.swing.table.DefaultTableCellRenderer::updateUI@1 (line 165)
                      ; - javax.swing.JLabel::<init>@83 (line 180)
                      ; - javax.swing.JLabel::<init>@6 (line 251)
                      ; - javax.swing.table.DefaultTableCellRenderer::<init>@1 (line 114)
                      ; - com.jidesoft.grid.TreeTableCellRenderer::<init>@1
                      ; - ui.utils.k.j.ad$b::<init>@1 (line 1433)
                      ; - ui.utils.k.j.ad::createCellRenderer@4 (line 349)
                      ; - ui.views.v.e::getCellRenderer@105 (line 81)
  0x000002292865a6b0: ecfe 79ff 

  0x000002292865a6b4: ;   {other}
  0x000002292865a6b4: 0f1f 8400 | a416 0009 

  0x000002292865a6bc: ; implicit exception: dispatches to 0x000002292865d838
  0x000002292865a6bc: 448b 5808 

  0x000002292865a6c0: ;   {metadata('javax/swing/plaf/synth/SynthLabelUI')}
  0x000002292865a6c0: 4181 fbd8 | 4c34 010f | 8543 2d00 | 004c 8bc0 | 488b 5424 | 3866 6690 

  0x000002292865a6d8: ;   {optimized virtual_call}
  0x000002292865a6d8: c5f8 77e8 

  0x000002292865a6dc: ; ImmutableOopMap {[48]=Oop [56]=Oop [72]=Oop }
                      ;*invokespecial setUI {reexecute=0 rethrow=0 return_oop=0}
                      ; - javax.swing.JLabel::setUI@2 (line 274)
                      ; - javax.swing.JLabel::updateUI@8 (line 288)
                      ; - javax.swing.table.DefaultTableCellRenderer::updateUI@1 (line 165)
                      ; - javax.swing.JLabel::<init>@83 (line 180)
                      ; - javax.swing.JLabel::<init>@6 (line 251)
                      ; - javax.swing.table.DefaultTableCellRenderer::<init>@1 (line 114)
                      ; - com.jidesoft.grid.TreeTableCellRenderer::<init>@1
                      ; - ui.utils.k.j.ad$b::<init>@1 (line 1433)
                      ; - ui.utils.k.j.ad::createCellRenderer@4 (line 349)
                      ; - ui.views.v.e::getCellRenderer@105 (line 81)
  0x000002292865a6dc: a0dd 45ff 

  0x000002292865a6e0: ;   {other}
  0x000002292865a6e0: 0f1f 8400 | d016 000a | 4c8b 5424 | 3841 0fb6 | aa1b 0100 | 0085 ed0f | 85db 2700 | 0041 8baa 
  0x000002292865a700: 7c01 0000 | 85ed 0f85 | 9829 0000 | 418b 5a4c | 85db 0f84 | d80a 0000 | 498d 34dc | 4c8b 5424 
  0x000002292865a720: 3841 8b7a | 4041 807f | 4000 0f85 | 2012 0000 | 4c8b 5424 | 3845 8962 | 4c4c 8bd3 | 49c1 e203 
  0x000002292865a740: 85ff 0f85 | bc0a 0000 | 33ed 4c3b | d574 5d48 | 8974 2428 | 895c 2420 

  0x000002292865a758: ;   {oop("html"{0x000000068178a0a0})}
  0x000002292865a758: 49b8 a0a0 | 7881 0600 | 0000 488b | 5424 384c | 8994 2480 | 0000 0090 

  0x000002292865a770: ;   {optimized virtual_call}
  0x000002292865a770: c5f8 77e8 

  0x000002292865a774: ; ImmutableOopMap {rbp=Oop [32]=NarrowOop [40]=Oop [48]=Oop [56]=Oop [72]=Oop [128]=Oop }
                      ;*invokevirtual getClientProperty {reexecute=0 rethrow=0 return_oop=1}
                      ; - javax.swing.table.DefaultTableCellRenderer::firePropertyChange@47 (line 354)
                      ; - java.awt.Component::setForeground@41 (line 1829)
                      ; - javax.swing.JComponent::setForeground@7 (line 2780)
                      ; - javax.swing.table.DefaultTableCellRenderer::setForeground@2 (line 141)
                      ; - javax.swing.table.DefaultTableCellRenderer::updateUI@6 (line 166)
                      ; - javax.swing.JLabel::<init>@83 (line 180)
                      ; - javax.swing.JLabel::<init>@6 (line 251)
                      ; - javax.swing.table.DefaultTableCellRenderer::<init>@1 (line 114)
                      ; - com.jidesoft.grid.TreeTableCellRenderer::<init>@1
                      ; - ui.utils.k.j.ad$b::<init>@1 (line 1433)
                      ; - ui.utils.k.j.ad::createCellRenderer@4 (line 349)
                      ; - ui.views.v.e::getCellRenderer@105 (line 81)
  0x000002292865a774: 88a9 5dff 

  0x000002292865a778: ;   {other}
  0x000002292865a778: 0f1f 8400 | 6817 000b | 4885 c074 | 27ba 45ff | ffff 4c8b | 5424 484c | 8954 2430 | 4889 4424 
  0x000002292865a798: 7866 6690 

  0x000002292865a79c: ;   {runtime_call UncommonTrapBlob}
  0x000002292865a79c: c5f8 77e8 

  0x000002292865a7a0: ; ImmutableOopMap {rbp=Oop [32]=NarrowOop [40]=Oop [48]=Oop [56]=Oop [120]=Oop }
                      ;*ifnull {reexecute=1 rethrow=0 return_oop=0}
                      ; - (reexecute) javax.swing.table.DefaultTableCellRenderer::firePropertyChange@50 (line 354)
                      ; - java.awt.Component::setForeground@41 (line 1829)
                      ; - javax.swing.JComponent::setForeground@7 (line 2780)
                      ; - javax.swing.table.DefaultTableCellRenderer::setForeground@2 (line 141)
                      ; - javax.swing.table.DefaultTableCellRenderer::updateUI@6 (line 166)
                      ; - javax.swing.JLabel::<init>@83 (line 180)
                      ; - javax.swing.JLabel::<init>@6 (line 251)
                      ; - javax.swing.table.DefaultTableCellRenderer::<init>@1 (line 114)
                      ; - com.jidesoft.grid.TreeTableCellRenderer::<init>@1
                      ; - ui.utils.k.j.ad$b::<init>@1 (line 1433)
                      ; - ui.utils.k.j.ad::createCellRenderer@4 (line 349)
                      ; - ui.views.v.e::getCellRenderer@105 (line 81)
  0x000002292865a7a0: 5c9e cbfe 

  0x000002292865a7a4: ;   {other}
  0x000002292865a7a4: 0f1f 8400 | 9417 000c | 4180 7f40 | 000f 85d0 | 1100 004c | 8b54 2438 | 4589 a284 | 0100 0041 
  0x000002292865a7c4: 8b7a 5085 | ff0f 84c5 | 0a00 0049 | 8d34 fc4c | 8b54 2438 | 418b 5a40 | 4180 7f40 | 000f 85df 
  0x000002292865a7e4: 1100 004c | 8b54 2438 | 4589 6250 | 85db 0f85 | 470e 0000 | 4180 7f40 | 000f 85fa | 1100 004c 
  0x000002292865a804: 8b54 2438 | 4589 a288 | 0100 0045 | 89a2 0c01 | 0000 41c6 | 82e7 0000 | 0001 458b | 9a14 0100 
  0x000002292865a824: 0041 8bb2 | 1c01 0000 | 4183 cb08 | 4181 cb00 | 0000 0145 | 899a 1401 

  0x000002292865a83c: ;   {oop(a 'java/lang/Class'{0x00000006804b0168} = 'sun/swing/DefaultLookup')}
  0x000002292865a83c: 0000 49bb | 6801 4b80 | 0600 0000 | 488d 9c24 | 9000 0000 | 498b 03a8 | 020f 8523 | 0000 0048 
  0x000002292865a85c: 83c8 0148 | 8903 f049 | 0fb1 1b0f | 8437 0000 | 0048 2bc4 | 4825 07f0 | ffff 4889 | 03e9 2400 
  0x000002292865a87c: 0000 4c8b | d048 33c0 | f04d 0fb1 | 7a3e 48c7 | 0303 0000 | 0074 114c | 3bf8 7515 | 49ff 8286 
  0x000002292865a89c: 0000 0048 | 33c0 7509 | 49ff 8748 | 0500 0033 | c00f 85f9 

  0x000002292865a8b0: ;   {oop(a 'java/lang/Class'{0x00000006804b0168} = 'sun/swing/DefaultLookup')}
  0x000002292865a8b0: 2300 0049 | ba68 014b | 8006 0000 | 0041 0fb6 

  0x000002292865a8c0: ;   {oop(a 'java/lang/Class'{0x00000006804b0168} = 'sun/swing/DefaultLookup')}
  0x000002292865a8c0: 6a7c 49bb | 6801 4b80 | 0600 0000 | 488d 8424 | 9000 0000 | 4883 3800 | 0f84 7900 | 0000 4d8b 
  0x000002292865a8e0: 1341 f6c2 | 020f 8462 | 0000 0049 | 83ba 8600 | 0000 0074 | 0949 ff8a | 8600 0000 | eb4b 498b 
  0x000002292865a900: 8296 0000 | 0049 0b82 | 8e00 0000 | 750a 49c7 | 423e 0000 | 0000 eb3d | 4983 ba9e | 0000 0000 
  0x000002292865a920: 7422 4833 | c049 c742 | 3e00 0000 | 00f0 8304 | 2400 4983 | ba9e 0000 | 0000 750d | f04d 0fb1 
  0x000002292865a940: 7a3e 7505 | 83c8 01eb | 0ca8 00eb | 084c 8b10 | f04d 0fb1 | 1375 0a49 | ff8f 4805 | 0000 4533 
  0x000002292865a960: d20f 8576 | 2300 0085 | ed0f 8455 

  0x000002292865a96c: ;   {oop(a 'java/lang/Class'{0x00000006804b0168} = 'sun/swing/DefaultLookup')}
  0x000002292865a96c: 2700 0049 | bb68 014b | 8006 0000 | 0048 8d9c | 2490 0000 | 0049 8b03 | a802 0f85 | 2300 0000 
  0x000002292865a98c: 4883 c801 | 4889 03f0 | 490f b11b | 0f84 3700 | 0000 482b | c448 2507 | f0ff ff48 | 8903 e924 
  0x000002292865a9ac: 0000 004c | 8bd0 4833 | c0f0 4d0f | b17a 3e48 | c703 0300 | 0000 7411 | 4c3b f875 | 1549 ff82 
  0x000002292865a9cc: 8600 0000 | 4833 c075 | 0949 ff87 | 4805 0000 | 33c0 0f85 | 2b23 0000 

  0x000002292865a9e4: ;   {oop(a 'java/lang/Class'{0x00000006804b0168} = 'sun/swing/DefaultLookup')}
  0x000002292865a9e4: 49ba 6801 | 4b80 0600 | 0000 418b | 6a74 4c8b | d549 c1e2 | 034c 8b5c | 2430 4d3b | da0f 85f1 
  0x000002292865aa04: ;   {oop(a 'java/lang/Class'{0x00000006804b0168} = 'sun/swing/DefaultLookup')}
  0x000002292865aa04: 2400 0049 | ba68 014b | 8006 0000 | 0041 8b6a 

  0x000002292865aa14: ;   {oop(a 'java/lang/Class'{0x00000006804b0168} = 'sun/swing/DefaultLookup')}
  0x000002292865aa14: 7849 bb68 | 014b 8006 | 0000 0048 | 8d84 2490 | 0000 0048 | 8338 000f | 8479 0000 | 004d 8b13 
  0x000002292865aa34: 41f6 c202 | 0f84 6200 | 0000 4983 | ba86 0000 | 0000 7409 | 49ff 8a86 | 0000 00eb | 4b49 8b82 
  0x000002292865aa54: 9600 0000 | 490b 828e | 0000 0075 | 0a49 c742 | 3e00 0000 | 00eb 3d49 | 83ba 9e00 | 0000 0074 
  0x000002292865aa74: 2248 33c0 | 49c7 423e | 0000 0000 | f083 0424 | 0049 83ba | 9e00 0000 | 0075 0df0 | 4d0f b17a 
  0x000002292865aa94: 3e75 0583 | c801 eb0c | a800 eb08 | 4c8b 10f0 | 4d0f b113 | 750a 49ff | 8f48 0500 | 0045 33d2 
  0x000002292865aab4: 0f85 8722 | 0000 458b 

  0x000002292865aabc: ;   {metadata('de/javasoft/plaf/synthetica/SyntheticaDefaultLookup')}
  0x000002292865aabc: 54ec 0841 | 81fa 2044 | 3001 0f85 | a722 0000 | 498d 14ec | 4c8b ce49 

  0x000002292865aad4: ;   {oop("Table.cellNoFocusBorder"{0x000000068178a0d0})}
  0x000002292865aad4: c1e1 0348 | bfd0 a078 | 8106 0000 | 004c 8b44 | 2438 6690 

  0x000002292865aae8: ;   {optimized virtual_call}
  0x000002292865aae8: c5f8 77e8 

  0x000002292865aaec: ; ImmutableOopMap {[56]=Oop [72]=Oop }
                      ;*invokevirtual getDefault {reexecute=0 rethrow=0 return_oop=1}
                      ; - sun.swing.DefaultLookup::get@133 (line 125)
                      ; - sun.swing.DefaultLookup::getBorder@3 (line 202)
                      ; - sun.swing.DefaultLookup::getBorder@4 (line 210)
                      ; - javax.swing.table.DefaultTableCellRenderer::getNoFocusBorder@7 (line 122)
                      ; - javax.swing.table.DefaultTableCellRenderer::<init>@11 (line 116)
                      ; - com.jidesoft.grid.TreeTableCellRenderer::<init>@1
                      ; - ui.utils.k.j.ad$b::<init>@1 (line 1433)
                      ; - ui.utils.k.j.ad::createCellRenderer@4 (line 349)
                      ; - ui.views.v.e::getCellRenderer@105 (line 81)
  0x000002292865aaec: 3026 e0ff 

  0x000002292865aaf0: ;   {other}
  0x000002292865aaf0: 0f1f 8400 | e01a 000d | 488b d844 

  0x000002292865aafc: ;   {metadata('javax/swing/plaf/BorderUIResource$EmptyBorderUIResource')}
  0x000002292865aafc: 8b50 0841 | 81fa 28a8 | 0701 0f85 | 2429 0000 

  0x000002292865ab0c: ;   {oop(a 'java/lang/Class'{0x0000000680a44c80} = 'javax/swing/table/DefaultTableCellRenderer')}
  0x000002292865ab0c: 49ba 804c | a480 0600 | 0000 418b | 6a78 85ed | 0f84 c225 

  0x000002292865ab20: ;   {oop(a 'javax/swing/border/EmptyBorder'{0x0000000680a481f8})}
  0x000002292865ab20: 0000 81fd | 3f90 14d0 | 0f85 1224 | 0000 4180 | 7f40 000f | 8503 0f00 | 004c 8b54 | 2438 458b 
  0x000002292865ab40: 9a2c 0100 | 0044 895c | 2460 498b | fb48 c1e7 | 034c 8bc3 | 49c1 e803 | 4c8b 5c24 | 3845 8983 
  0x000002292865ab60: 2c01 0000 | 4c8b db4d | 33da 49c1 | eb16 4d85 | db74 1a49 | c1ea 0948 | b900 00c9 | 2c29 0200 
  0x000002292865ab80: 0049 03ca | 8039 020f | 854a 1000 | 0048 3bdf | 740e 448b | 5424 6045 | 85d2 0f85 | 0808 0000 
  0x000002292865aba0: 4c8b 5424 | 3845 8b92 | b800 0000 | 4585 d20f | 84db 2000 | 004b 8d2c | d448 8d9c | 2490 0000 
  0x000002292865abc0: 0048 8b45 | 00a8 020f | 8524 0000 | 0048 83c8 | 0148 8903 | f048 0fb1 | 5d00 0f84 | 3700 0000 
  0x000002292865abe0: 482b c448 | 2507 f0ff | ff48 8903 | e924 0000 | 004c 8bd0 | 4833 c0f0 | 4d0f b17a | 3e48 c703 
  0x000002292865ac00: 0300 0000 | 7411 4c3b | f875 1549 | ff82 8600 | 0000 4833 | c075 0949 | ff87 4805 | 0000 33c0 
  0x000002292865ac20: ;   {no_reloc}
  0x000002292865ac20: 0f85 9d21 | 0000 4180 | 7f40 000f | 8589 0e00 | 004c 8b54 

  0x000002292865ac34: ;   {oop("Table.cellRenderer"{0x000000068178a110})}
  0x000002292865ac34: 2438 41c7 | 4274 2214 

  0x000002292865ac3c: ;   {oop("Table.cellRenderer"{0x000000068178a110})}
  0x000002292865ac3c: 2fd0 49bb | 10a1 7881 | 0600 0000 | 4d33 da49 | c1eb 164d | 85db 741a | 49c1 ea09 | 48b9 0000 
  0x000002292865ac5c: c92c 2902 | 0000 4903 | ca80 3902 | 0f85 6010 | 0000 4c8b | 5424 3841 | c642 3401 | 488d 8424 
  0x000002292865ac7c: 9000 0000 | 4883 3800 | 0f84 7b00 | 0000 4c8b | 5500 41f6 | c202 0f84 | 6200 0000 | 4983 ba86 
  0x000002292865ac9c: 0000 0000 | 7409 49ff | 8a86 0000 | 00eb 4b49 | 8b82 9600 | 0000 490b | 828e 0000 | 0075 0a49 
  0x000002292865acbc: c742 3e00 | 0000 00eb | 3e49 83ba | 9e00 0000 | 0074 2248 | 33c0 49c7 | 423e 0000 | 0000 f083 
  0x000002292865acdc: 0424 0049 | 83ba 9e00 | 0000 0075 | 0df0 4d0f | b17a 3e75 | 0583 c801 | eb0d a800 | eb09 4c8b 
  0x000002292865acfc: 10f0 4c0f | b155 0075 | 0a49 ff8f | 4805 0000 | 4533 d20f | 8583 2000 | 0041 807f | 4000 0f85 
  0x000002292865ad1c: d60d 0000 | 4c8b 5424 

  0x000002292865ad24: ;   {oop(a 'ui/utils/l$b'{0x0000000681b781c8})}
  0x000002292865ad24: 3841 c782 | 9401 0000 | 39f0 36d0 | 488b 5c24 | 4848 8bfb | 48c1 ef03 

  0x000002292865ad3c: ;   {oop(a 'ui/utils/l$b'{0x0000000681b781c8})}
  0x000002292865ad3c: 49bb c881 | b781 0600 | 0000 4d33 | da49 c1eb | 164d 85db | 741a 49c1 | ea09 48b9 | 0000 c92c 
  0x000002292865ad5c: 2902 0000 | 4903 ca80 | 3902 0f85 | 110f 0000 | 4180 7f40 | 000f 8504 | 0d00 004c | 8b54 2438 
  0x000002292865ad7c: 4189 ba90 | 0100 004c | 8bd3 4c8b | 5c24 384d | 33d3 49c1 | ea16 4d85 | d274 1b49 | c1eb 0949 
  0x000002292865ad9c: b800 00c9 | 2c29 0200 | 004d 03c3 | 4180 3802 | 0f85 760e | 0000 488b | 4424 38eb | 0548 8b44 
  0x000002292865adbc: 2448 c5f8 | 7748 81c4 | a000 0000 

  0x000002292865adc8: ;   {poll_return}
  0x000002292865adc8: 5d49 3ba7 | 4804 0000 | 0f87 a42b | 0000 c344 | 8b55 3c45 | 85d2 0f84 | 39f5 ffff | 4d8b 9fb8 
  0x000002292865ade8: 0100 004d | 8bd3 4983 | c258 4d3b | 97c8 0100 | 000f 8300 | 1300 004d | 8997 b801 | 0000 410f 
  0x000002292865ae08: 1882 0001 | 0000 49c7 | 0301 0000 

  0x000002292865ae14: ;   {metadata('ui/views/v/d$a')}
  0x000002292865ae14: 0041 c743 | 0890 d3aa | 0145 8963 | 0cb9 0900 | 0000 498b | fb48 83c7 | 10c5 fdef | c0e9 0d00 
  0x000002292865ae34: 0000 c5fe | 7f07 c5fe | 7f47 2048 | 83c7 4048 | 83e9 087d | ed48 83c1 | 047c 0cc5 | fe7f 0748 
  0x000002292865ae54: 83c7 2048 | 83e9 0448 | 83c1 047e | 1048 ffc9 | c5f9 d607 | 4883 c708 | 48ff c97d | f34c 895c 
  0x000002292865ae74: 2420 4c8b | 5424 2845 | 8b92 d003 | 0000 498b | ea48 c1e5 | 0344 8954 | 2430 488b | 5424 2844 
  0x000002292865ae94: 8b44 2438 

  0x000002292865ae98: ;   {optimized virtual_call}
  0x000002292865ae98: c5f8 77e8 

  0x000002292865ae9c: ; ImmutableOopMap {rbp=Oop [32]=Oop [48]=NarrowOop }
                      ;*invokevirtual aiN {reexecute=0 rethrow=0 return_oop=1}
                      ; - ui.views.v.e::getCellRenderer@89 (line 77)
  0x000002292865ae9c: 6081 ffff 

  0x000002292865aea0: ;   {other}
  0x000002292865aea0: 0f1f 8400 | 901e 000e | 4889 4424 | 2841 807f | 4000 0f85 | 0c0f 0000 | 488b 7c24 | 2044 8b4c 
  0x000002292865aec0: 2430 4489 | 4f54 4c8b | d74c 8bdd | 4d33 da49 

  0x000002292865aed0: ;   {oop(a 'java/lang/Object'[0] {0x00000006806c6b88})}
  0x000002292865aed0: c1eb 1648 | bd88 6b6c | 8006 0000 | 004d 85db | 741f 4585 | c974 1a49 | c1ea 0948 | b900 00c9 
  0x000002292865aef0: 2c29 0200 | 0049 03ca | 8039 020f | 850f 1000 | 0049 8bb7 | b801 0000 | 4c8b d649 | 83c2 104d 
  0x000002292865af10: 3b97 c801 | 0000 0f83 | 0812 0000 | 4d89 97b8 | 0100 0041 | 0f18 8200 | 0100 0048 | c706 0100 
  0x000002292865af30: ;   {metadata('javax/swing/event/EventListenerList')}
  0x000002292865af30: 0000 c746 | 0868 6f06 | 0144 8966 | 0c41 807f | 4000 0f85 | 450e 0000 

  0x000002292865af48: ;   {oop(a 'java/lang/Object'[0] {0x00000006806c6b88})}
  0x000002292865af48: c746 0c71 | 8d0d d048 | 8bde 48c1 | eb03 4c8b | d64c 8bdd | 4d33 da49 | c1eb 164d | 85db 741a 
  0x000002292865af68: 49c1 ea09 | 48b9 0000 | c92c 2902 | 0000 4903 | ca80 3902 | 0f85 ec0e | 0000 f083 | 4424 c000 
  0x000002292865af88: 4180 7f40 | 000f 858c | 0d00 0089 | 5f0c 4c8b | d74c 8bde | 4d33 da49 | c1eb 164d | 85db 741a 
  0x000002292865afa8: 49c1 ea09 | 48b9 0000 | c92c 2902 | 0000 4903 | ca80 3902 | 0f85 fd0e | 0000 4180 | 7f40 000f 
  0x000002292865afc8: 8589 0d00 | 0044 8967 | 20c6 471e | 0144 8967 | 10c7 4714 | 0100 0000 | 4489 6718 | c647 1c01 
  0x000002292865afe8: 4488 671d | 488b 7424 | 288b 5e3c | 4180 7f40 | 000f 8501 | 0e00 0089 | 5f4c 4c8b | d349 c1e2 
  0x000002292865b008: 034c 8bdf | 4d33 d349 | c1ea 164d | 85d2 741e | 85db 741a | 49c1 eb09 | 48b9 0000 | c92c 2902 
  0x000002292865b028: 0000 4903 | cb80 3902 | 0f85 2b0f | 0000 448b | 5640 478b | 5cd4 0c44 | 895f 4448 

  0x000002292865b044: ;   {no_reloc}
  0x000002292865b044: 8bef 488b | d666 6690 

  0x000002292865b04c: ;   {optimized virtual_call}
  0x000002292865b04c: c5f8 77e8 

  0x000002292865b050: ; ImmutableOopMap {rbp=Oop }
                      ;*invokevirtual lod {reexecute=0 rethrow=0 return_oop=1}
                      ; - ui.views.v.d$a::<init>@30 (line 459)
                      ; - ui.views.v.e::getCellRenderer@92 (line 77)
  0x000002292865b050: cc12 87ff 

  0x000002292865b054: ;   {other}
  0x000002292865b054: 0f1f 8400 | 4420 000f | 488b d841 | 807f 4000 | 0f85 cd0d | 0000 4c8b | d349 c1ea | 0344 8955 
  0x000002292865b074: 504c 8bd5 | 4c8b db4d | 33da 49c1 | eb16 4d85 | db74 2048 | 85db 741b | 49c1 ea09 | 49b8 0000 
  0x000002292865b094: c92c 2902 | 0000 4d03 | c241 8038 | 020f 850b | 0f00 0048 | 8bc5 e90f 

  0x000002292865b0ac: ;   {metadata('com/jidesoft/grid/Row')}
  0x000002292865b0ac: fdff ff48 | b8d8 858d | 3b29 0200 | 0048 8b7e | 288b 0f48 | 83c7 0848 | 85c0 f248 | af0f 8504 
  0x000002292865b0cc: 0000 0048 | 8946 200f | 847f eaff | ffba deff | ffff 4c89 | 7424 2090 

  0x000002292865b0e4: ;   {runtime_call UncommonTrapBlob}
  0x000002292865b0e4: c5f8 77e8 

  0x000002292865b0e8: ; ImmutableOopMap {rbp=NarrowOop [32]=Oop [72]=Oop }
                      ;*checkcast {reexecute=0 rethrow=0 return_oop=0}
                      ; - com.jidesoft.grid.TreeTableModel::getRowAt@48
                      ; - ui.utils.k.j.ao::abq@2 (line 62)
                      ; - ui.views.v.e::aiN@40 (line 110)
                      ; - ui.views.v.e::getCellRenderer@14 (line 72)
  0x000002292865b0e8: 1495 cbfe 

  0x000002292865b0ec: ;   {other}
  0x000002292865b0ec: 0f1f 8400 | dc20 0010 

  0x000002292865b0f4: ;   {metadata('com/jidesoft/grid/Row')}
  0x000002292865b0f4: 48b8 d885 | 8d3b 2902 | 0000 488b | 7e28 8b0f | 4883 c708 | 4885 c0f2 | 48af 0f85 | 0400 0000 
  0x000002292865b114: 4889 4620 | 0f84 b3f1 | ffff bade | ffff ff4c | 8b54 2428 | 4c89 5424 | 2044 8b54 | 2438 4489 
  0x000002292865b134: 5424 2890 

  0x000002292865b138: ;   {runtime_call UncommonTrapBlob}
  0x000002292865b138: c5f8 77e8 

  0x000002292865b13c: ; ImmutableOopMap {rbp=NarrowOop [32]=Oop [72]=Oop }
                      ;*checkcast {reexecute=0 rethrow=0 return_oop=0}
                      ; - com.jidesoft.grid.TreeTableModel::getRowAt@48
                      ; - ui.utils.k.j.ao::abq@2 (line 62)
                      ; - ui.views.v.e::aiN@40 (line 110)
                      ; - ui.views.v.e::fA@34 (line 100)
                      ; - ui.views.v.e::getCellRenderer@73 (line 76)
  0x000002292865b13c: c094 cbfe 

  0x000002292865b140: ;   {other}
  0x000002292865b140: 0f1f 8400 | 3021 0011 

  0x000002292865b148: ;   {metadata('com/jidesoft/grid/TableModelWrapper')}
  0x000002292865b148: 48b8 e0fb | 8c3b 2902 | 0000 488b | 7e28 8b0f | 4883 c708 | 4885 c0f2 | 48af 0f85 | 0400 0000 
  0x000002292865b168: 4889 4620 | 0f84 bdec | ffff ba45 | ffff ff44 | 8b5c 2438 | 4489 4424 | 244c 894c | 2428 4489 
  0x000002292865b188: 5c24 3090 

  0x000002292865b18c: ;   {runtime_call UncommonTrapBlob}
  0x000002292865b18c: c5f8 77e8 

  0x000002292865b190: ; ImmutableOopMap {[40]=Oop [72]=Oop }
                      ;*ifeq {reexecute=1 rethrow=0 return_oop=0}
                      ; - (reexecute) com.jidesoft.grid.TableModelWrapperUtils::getActualColumnAt@62
                      ; - ui.views.v.e::fA@28 (line 99)
                      ; - ui.views.v.e::getCellRenderer@73 (line 76)
  0x000002292865b190: 6c94 cbfe 

  0x000002292865b194: ;   {other}
  0x000002292865b194: 0f1f 8400 | 8421 0012 

  0x000002292865b19c: ;   {metadata('com/jidesoft/grid/TableModelWrapper')}
  0x000002292865b19c: 48b8 e0fb | 8c3b 2902 | 0000 488b | 7e28 8b0f | 4883 c708 | 4885 c0f2 | 48af 0f85 | 0400 0000 
  0x000002292865b1bc: 4889 4620 | 0f84 ffec | ffff ba45 | ffff ff44 | 8b5c 2438 | 4489 4424 | 244c 894c | 2428 4489 
  0x000002292865b1dc: 5c24 3090 

  0x000002292865b1e0: ;   {runtime_call UncommonTrapBlob}
  0x000002292865b1e0: c5f8 77e8 

  0x000002292865b1e4: ; ImmutableOopMap {[40]=Oop [72]=Oop }
                      ;*ifeq {reexecute=1 rethrow=0 return_oop=0}
                      ; - (reexecute) com.jidesoft.grid.TableModelWrapperUtils::getActualColumnAt@62
                      ; - com.jidesoft.grid.TableModelWrapperUtils::getActualColumnAt@78
                      ; - ui.views.v.e::fA@28 (line 99)
                      ; - ui.views.v.e::getCellRenderer@73 (line 76)
  0x000002292865b1e4: 1894 cbfe 

  0x000002292865b1e8: ;   {other}
  0x000002292865b1e8: 0f1f 8400 | d821 0013 | 458b 5a44 | 4585 db0f | 8567 0e00 | 0033 f6e9 | 18f5 ffff | 4c8b 5c24 
  0x000002292865b208: 3845 8b5b | 4445 85db | 0f84 f61f | 0000 4c89 | 5424 5048 | 8974 2440 | 895c 2428 | 4c8b 5424 
  0x000002292865b228: 384c 8954 | 2420 4b8d | 14dc 498d | 2cfc 897c | 242c c5f8 | 7748 b8ff | ffff ffff 

  0x000002292865b244: ;   {virtual_call}
  0x000002292865b244: ffff ffe8 

  0x000002292865b248: ; ImmutableOopMap {rbp=Oop [32]=Oop [40]=NarrowOop [44]=NarrowOop [48]=Oop [64]=Oop [72]=Oop [80]=Oop }
                      ;*invokevirtual getForeground {reexecute=0 rethrow=0 return_oop=1}
                      ; - java.awt.Component::getForeground@21 (line 1805)
                      ; - java.awt.Component::setForeground@20 (line 1822)
                      ; - javax.swing.JComponent::setForeground@7 (line 2780)
                      ; - javax.swing.table.DefaultTableCellRenderer::setForeground@2 (line 141)
                      ; - javax.swing.table.DefaultTableCellRenderer::updateUI@6 (line 166)
                      ; - javax.swing.JLabel::<init>@83 (line 180)
                      ; - javax.swing.JLabel::<init>@6 (line 251)
                      ; - javax.swing.table.DefaultTableCellRenderer::<init>@1 (line 114)
                      ; - com.jidesoft.grid.TreeTableCellRenderer::<init>@1
                      ; - ui.utils.k.j.ad$b::<init>@1 (line 1433)
                      ; - ui.utils.k.j.ad::createCellRenderer@4 (line 349)
                      ; - ui.views.v.e::getCellRenderer@105 (line 81)
  0x000002292865b248: 343b cbfe 

  0x000002292865b24c: ;   {other}
  0x000002292865b24c: 0f1f 8400 | 3c22 0014 | 4885 c00f | 84b4 1f00 | 0044 8b54 | 242c 478b 

  0x000002292865b264: ;   {metadata('sun/awt/NullComponentPeer')}
  0x000002292865b264: 4cd4 0841 | 81f9 a0b5 | 2c01 0f85 | dc1f 0000 | 488b e84c | 8b54 2420 | 4c89 5424 | 388b 5c24 
  0x000002292865b284: 2848 8b74 | 2440 4c8b | 5424 50e9 | b6f4 ffff | 458b 5a44 | 4585 db0f | 85b3 0400 | 0033 f6e9 
  0x000002292865b2a4: 2bf5 ffff | 83fd 610f | 8d5b 2000 | 0044 0fb7 | dd44 8bc5 | 41c1 e808 | 450f b6d0 | 4489 5424 
  0x000002292865b2c4: 7045 85d2 | 0f85 af0e 

  0x000002292865b2cc: ;   {oop(a 'java/lang/CharacterDataLatin1'{0x00000006812b94c8})}
  0x000002292865b2cc: 0000 48ba | c894 2b81 | 0600 0000 | 448b 5208 

  0x000002292865b2dc: ;   {metadata('java/lang/CharacterDataLatin1')}
  0x000002292865b2dc: 4181 fa00 | ed02 000f | 85d3 0d00 | 0041 83fb | 617c 3944 | 8bd5 4181 | e2df 0000 | 0041 83fa 
  0x000002292865b2fc: 5a7e 2cba | 45ff ffff | 4c8b 4424 | 484c 8944 | 2428 4489 | 5c24 2444 | 8954 2464 

  0x000002292865b318: ;   {runtime_call UncommonTrapBlob}
  0x000002292865b318: c5f8 77e8 

  0x000002292865b31c: ; ImmutableOopMap {[32]=NarrowOop [40]=Oop [56]=Oop }
                      ;*if_icmple {reexecute=1 rethrow=0 return_oop=0}
                      ; - (reexecute) java.lang.CharacterDataLatin1::toUpperCase@17 (line 181)
                      ; - java.lang.Character::toUpperCase@5 (line 11024)
                      ; - java.lang.Character::toUpperCase@1 (line 10995)
                      ; - javax.swing.SwingUtilities::findDisplayedMnemonicIndex@26 (line 2086)
                      ; - javax.swing.JLabel::setText@41 (line 344)
                      ; - javax.swing.JLabel::<init>@69 (line 177)
                      ; - javax.swing.JLabel::<init>@6 (line 251)
                      ; - javax.swing.table.DefaultTableCellRenderer::<init>@1 (line 114)
                      ; - com.jidesoft.grid.TreeTableCellRenderer::<init>@1
                      ; - ui.utils.k.j.ad$b::<init>@1 (line 1433)
                      ; - ui.utils.k.j.ad::createCellRenderer@4 (line 349)
                      ; - ui.views.v.e::getCellRenderer@105 (line 81)
  0x000002292865b31c: e092 cbfe 

  0x000002292865b320: ;   {other}
  0x000002292865b320: 0f1f 8400 | 1023 0015 | 458b d345 | 0fb7 ca44 | 8b44 2470 | 4585 c00f | 854f 0e00 

  0x000002292865b33c: ;   {oop(a 'java/lang/CharacterDataLatin1'{0x00000006812b94c8})}
  0x000002292865b33c: 0049 b8c8 | 942b 8106 | 0000 0045 

  0x000002292865b348: ;   {metadata('java/lang/CharacterDataLatin1')}
  0x000002292865b348: 8b50 0841 | 81fa 00ed | 0200 0f85 | f90d 0000 | 4183 fb41 | 0f8c fcf1 | ffff 418b | eb83 cd20 
  0x000002292865b368: 83fd 7a0f | 8eed f1ff | ff81 fde0 | 0000 000f | 8ce1 f1ff | ffba 45ff | ffff 4c8b | 5424 484c 
  0x000002292865b388: 8954 2428 | 4489 4c24 | 2444 895c | 2460 6690 

  0x000002292865b398: ;   {runtime_call UncommonTrapBlob}
  0x000002292865b398: c5f8 77e8 

  0x000002292865b39c: ; ImmutableOopMap {[32]=NarrowOop [40]=Oop [56]=Oop }
                      ;*if_icmplt {reexecute=1 rethrow=0 return_oop=0}
                      ; - (reexecute) java.lang.CharacterDataLatin1::toLowerCase@23 (line 168)
                      ; - java.lang.Character::toLowerCase@5 (line 10964)
                      ; - java.lang.Character::toLowerCase@1 (line 10935)
                      ; - javax.swing.SwingUtilities::findDisplayedMnemonicIndex@32 (line 2087)
                      ; - javax.swing.JLabel::setText@41 (line 344)
                      ; - javax.swing.JLabel::<init>@69 (line 177)
                      ; - javax.swing.JLabel::<init>@6 (line 251)
                      ; - javax.swing.table.DefaultTableCellRenderer::<init>@1 (line 114)
                      ; - com.jidesoft.grid.TreeTableCellRenderer::<init>@1
                      ; - ui.utils.k.j.ad$b::<init>@1 (line 1433)
                      ; - ui.utils.k.j.ad::createCellRenderer@4 (line 349)
                      ; - ui.views.v.e::getCellRenderer@105 (line 81)
  0x000002292865b39c: 6092 cbfe 

  0x000002292865b3a0: ;   {other}
  0x000002292865b3a0: 0f1f 8400 | 9023 0016 | 498b 87b8 | 0100 004c | 8bd0 4983 | c220 448b | 4424 604f | 8d1c c44d 
  0x000002292865b3c0: 3b97 c801 | 0000 0f83 | cf0d 0000 | 4d89 97b8 | 0100 0041 | 0f18 8200 | 0100 0048 | c700 0100 
  0x000002292865b3e0: ;   {metadata('java/awt/Insets')}
  0x000002292865b3e0: 0000 c740 | 0858 d904 | 0144 8960 | 0c4c 8960 | 104c 8960 | 1848 8be8 | 448b 530c | 4489 5510 
  0x000002292865b400: 448b 4318 | 4489 4514 | 448b 5310 | 4489 5518 | 448b 4314 | 4489 450c | 448b 5424 | 6047 8b54 
  0x000002292865b420: ;   {metadata('javax/swing/plaf/synth/SynthBorder')}
  0x000002292865b420: d408 4181 | fad0 452f | 010f 85f8 | 0200 004d | 8b8f b801 | 0000 4d8b | d149 83c2 | 204d 3b97 
  0x000002292865b440: c801 0000 | 0f83 880d | 0000 4d89 | 97b8 0100 | 0041 0f18 | 8200 0100 | 0049 c701 | 0100 0000 
  0x000002292865b460: ;   {metadata('java/awt/Insets')}
  0x000002292865b460: 41c7 4108 | 58d9 0401 | 4589 610c | 4d89 6110 | 4d89 6118 | 4c89 5c24 | 6048 8b54 | 2460 4c8b 
  0x000002292865b480: 4424 3890 

  0x000002292865b484: ;   {optimized virtual_call}
  0x000002292865b484: c5f8 77e8 

  0x000002292865b488: ; ImmutableOopMap {rbp=Oop [56]=Oop [72]=Oop }
                      ;*invokevirtual getBorderInsets {reexecute=0 rethrow=0 return_oop=1}
                      ; - javax.swing.border.AbstractBorder::getBorderInsets@13 (line 80)
                      ; - javax.swing.JComponent::setBorder@41 (line 1866)
                      ; - javax.swing.table.DefaultTableCellRenderer::<init>@14 (line 116)
                      ; - com.jidesoft.grid.TreeTableCellRenderer::<init>@1
                      ; - ui.utils.k.j.ad$b::<init>@1 (line 1433)
                      ; - ui.utils.k.j.ad::createCellRenderer@4 (line 349)
                      ; - ui.views.v.e::getCellRenderer@105 (line 81)
  0x000002292865b488: f404 1900 

  0x000002292865b48c: ;   {other}
  0x000002292865b48c: 0f1f 8400 | 7c24 0017 | 4c8b c048 | 8bd5 488b | 6c24 4890 

  0x000002292865b4a0: ;   {optimized virtual_call}
  0x000002292865b4a0: c5f8 77e8 

  0x000002292865b4a4: ; ImmutableOopMap {rbp=Oop [56]=Oop [72]=Oop }
                      ;*invokevirtual equals {reexecute=0 rethrow=0 return_oop=0}
                      ; - javax.swing.JComponent::setBorder@46 (line 1866)
                      ; - javax.swing.table.DefaultTableCellRenderer::<init>@14 (line 116)
                      ; - com.jidesoft.grid.TreeTableCellRenderer::<init>@1
                      ; - ui.utils.k.j.ad$b::<init>@1 (line 1433)
                      ; - ui.utils.k.j.ad::createCellRenderer@4 (line 349)
                      ; - ui.views.v.e::getCellRenderer@105 (line 81)
  0x000002292865b4a4: 98e5 74ff 

  0x000002292865b4a8: ;   {other}
  0x000002292865b4a8: 0f1f 8400 | 9824 0018 | 85c0 0f84 | e8f6 ffff | e9e3 f6ff | ff44 8954 | 2420 41b8 | 0a00 0000 
  0x000002292865b4c8: 488b 5424 

  0x000002292865b4cc: ;   {oop("horizontalAlignment"{0x000000068036fab8})}
  0x000002292865b4cc: 3849 b9b8 | fa36 8006 | 0000 0090 

  0x000002292865b4d8: ;   {optimized virtual_call}
  0x000002292865b4d8: c5f8 77e8 

  0x000002292865b4dc: ; ImmutableOopMap {[48]=Oop [56]=Oop [72]=Oop }
                      ;*invokevirtual checkHorizontalKey {reexecute=0 rethrow=0 return_oop=0}
                      ; - javax.swing.JLabel::setHorizontalAlignment@19 (line 766)
                      ; - javax.swing.JLabel::<init>@79 (line 179)
                      ; - javax.swing.JLabel::<init>@6 (line 251)
                      ; - javax.swing.table.DefaultTableCellRenderer::<init>@1 (line 114)
                      ; - com.jidesoft.grid.TreeTableCellRenderer::<init>@1
                      ; - ui.utils.k.j.ad$b::<init>@1 (line 1433)
                      ; - ui.utils.k.j.ad::createCellRenderer@4 (line 349)
                      ; - ui.views.v.e::getCellRenderer@105 (line 81)
  0x000002292865b4dc: a035 cbfe 

  0x000002292865b4e0: ;   {other}
  0x000002292865b4e0: 0f1f 8400 | d024 0019 | 448b c04c | 8b54 2438 | 4189 8264 | 0100 0041 | 8baa b400 | 0000 85ed 
  0x000002292865b500: 0f84 a0f1 | ffff 8b4c | 2420 3bc8 | 0f84 94f1 | ffff 448d | 9980 0000 | 0041 81fb | 0001 0000 
  0x000002292865b520: 7245 498b | 87b8 0100 | 004c 8bd0 | 4983 c210 | 4d3b 97c8 | 0100 000f | 8388 1d00 | 004d 8997 
  0x000002292865b540: b801 0000 | 410f 1882 | 0001 0000 | 48c7 0001 

  0x000002292865b550: ;   {metadata('java/lang/Integer')}
  0x000002292865b550: 0000 00c7 | 4008 4859 | 0200 4489 | 600c 4c8b | c841 8949 | 0ceb 194c 

  0x000002292865b568: ;   {oop(a 'java/lang/Integer'[256] {0x00000006812b47a0})}
  0x000002292865b568: 63d1 49bb | a047 2b81 | 0600 0000 | 478b 9493 | 1002 0000 | 4f8d 0cd4 | 458d 9880 | 0000 0041 
  0x000002292865b588: 81fb 0001 | 0000 7252 | 498b 87b8 | 0100 004c | 8bd0 4983 | c210 4d3b | 97c8 0100 | 000f 83d1 
  0x000002292865b5a8: 1c00 004d | 8997 b801 | 0000 410f | 1882 0001 | 0000 48c7 | 0001 0000 

  0x000002292865b5c0: ;   {metadata('java/lang/Integer')}
  0x000002292865b5c0: 00c7 4008 | 4859 0200 | 4489 600c | 488b f844 | 8947 0c4c | 8b54 2438 | 4c89 5424 | 204d 8bd1 
  0x000002292865b5e0: eb26 4d63 

  0x000002292865b5e4: ;   {oop(a 'java/lang/Integer'[256] {0x00000006812b47a0})}
  0x000002292865b5e4: d049 bba0 | 472b 8106 | 0000 0047 | 8b94 9310 | 0200 004b | 8d3c d44c | 8b54 2438 | 4c89 5424 
  0x000002292865b604: 204d 8bd1 | 498d 14ec 

  0x000002292865b60c: ;   {oop("horizontalAlignment"{0x000000068036fab8})}
  0x000002292865b60c: 49b8 b8fa | 3680 0600 | 0000 4d8b | ca48 8b6c | 2448 6690 

  0x000002292865b620: ;   {optimized virtual_call}
  0x000002292865b620: c5f8 77e8 

  0x000002292865b624: ; ImmutableOopMap {rbp=Oop [32]=Oop [48]=Oop [72]=Oop }
                      ;*invokevirtual firePropertyChange {reexecute=0 rethrow=0 return_oop=0}
                      ; - java.beans.PropertyChangeSupport::firePropertyChange@15 (line 289)
                      ; - java.awt.Component::firePropertyChange@22 (line 8757)
                      ; - javax.swing.JComponent::firePropertyChange@4 (line 4608)
                      ; - javax.swing.JLabel::setHorizontalAlignment@33 (line 768)
                      ; - javax.swing.JLabel::<init>@79 (line 179)
                      ; - javax.swing.JLabel::<init>@6 (line 251)
                      ; - javax.swing.table.DefaultTableCellRenderer::<init>@1 (line 114)
                      ; - com.jidesoft.grid.TreeTableCellRenderer::<init>@1
                      ; - ui.utils.k.j.ad$b::<init>@1 (line 1433)
                      ; - ui.utils.k.j.ad::createCellRenderer@4 (line 349)
                      ; - ui.views.v.e::getCellRenderer@105 (line 81)
  0x000002292865b624: 5834 cbfe 

  0x000002292865b628: ;   {other}
  0x000002292865b628: 0f1f 8400 | 1826 001a | 4c8b 5424 | 204c 8954 | 2438 e967 | f0ff ff89 | 7c24 4048 | 8974 2428 
  0x000002292865b648: 4c89 5424 | 2049 8d2c | dc89 5c24 | 3849 8bd2 

  0x000002292865b658: ;   {optimized virtual_call}
  0x000002292865b658: c5f8 77e8 

  0x000002292865b65c: ; ImmutableOopMap {rbp=Oop [32]=Oop [40]=Oop [48]=Oop [56]=NarrowOop [64]=NarrowOop [72]=Oop }
                      ;*invokevirtual getBackground {reexecute=0 rethrow=0 return_oop=1}
                      ; - java.awt.Component::setBackground@20 (line 1881)
                      ; - javax.swing.JComponent::setBackground@7 (line 2806)
                      ; - javax.swing.table.DefaultTableCellRenderer::setBackground@2 (line 152)
                      ; - javax.swing.table.DefaultTableCellRenderer::updateUI@11 (line 167)
                      ; - javax.swing.JLabel::<init>@83 (line 180)
                      ; - javax.swing.JLabel::<init>@6 (line 251)
                      ; - javax.swing.table.DefaultTableCellRenderer::<init>@1 (line 114)
                      ; - com.jidesoft.grid.TreeTableCellRenderer::<init>@1
                      ; - ui.utils.k.j.ad$b::<init>@1 (line 1433)
                      ; - ui.utils.k.j.ad::createCellRenderer@4 (line 349)
                      ; - ui.views.v.e::getCellRenderer@105 (line 81)
  0x000002292865b65c: 2034 cbfe 

  0x000002292865b660: ;   {other}
  0x000002292865b660: 0f1f 8400 | 5026 001b | 4885 c00f | 84eb 1c00 | 0044 8b54 | 2438 478b 

  0x000002292865b678: ;   {metadata('sun/awt/NullComponentPeer')}
  0x000002292865b678: 4cd4 0841 | 81f9 a0b5 | 2c01 0f85 | a41c 0000 | 4c8b 5424 | 204c 8954 | 2438 e961 | f1ff ff48 
  0x000002292865b698: 8b5c 2440 | 448b 93c4 | 0100 0045 | 85d2 0f84 | cce0 ffff | 4d8b 5f28 | 498b ca48 | c1e1 034d 
  0x000002292865b6b8: 85db 0f84 | 4410 0000 | 4d8b 5738 | 4b89 4c1a | f849 83c3 | f84d 895f | 28e9 a2e0 | ffff 4d8b 
  0x000002292865b6d8: 5748 4d8b | 5f58 f083 | 4424 c000 | 8039 000f | 84c8 e0ff | ff44 8821 | 4d85 d275 | 2049 8bd7 
  0x000002292865b6f8: c5f8 7749 | ba40 128a | 87fc 7f00 | 0041 ffd2 

  0x000002292865b708: ;   {other}
  0x000002292865b708: 0f1f 8400 | 0000 0000 | e9a0 e0ff | ff4b 894c | 13f8 4983 | c2f8 4d89 | 5748 e98e | e0ff ff49 
  0x000002292865b728: 8bd3 4c8b | 4424 3866 | 6690 c5f8 | 7748 b8ff | ffff ffff 

  0x000002292865b73c: ;   {virtual_call}
  0x000002292865b73c: ffff ffe8 

  0x000002292865b740: ; ImmutableOopMap {rbp=Oop [56]=Oop [72]=Oop }
                      ;*invokeinterface getBorderInsets {reexecute=0 rethrow=0 return_oop=1}
                      ; - javax.swing.JComponent::setBorder@41 (line 1866)
                      ; - javax.swing.table.DefaultTableCellRenderer::<init>@14 (line 116)
                      ; - com.jidesoft.grid.TreeTableCellRenderer::<init>@1
                      ; - ui.utils.k.j.ad$b::<init>@1 (line 1433)
                      ; - ui.utils.k.j.ad::createCellRenderer@4 (line 349)
                      ; - ui.views.v.e::getCellRenderer@105 (line 81)
  0x000002292865b740: 3c36 cbfe 

  0x000002292865b744: ;   {other}
  0x000002292865b744: 0f1f 8400 | 3427 001c | 4c8b c0e9 | 43fd ffff | 4b8d 14dc | 6690 c5f8 | 7748 b8ff | ffff ffff 
  0x000002292865b764: ;   {virtual_call}
  0x000002292865b764: ffff ffe8 

  0x000002292865b768: ; ImmutableOopMap {[48]=Oop [56]=Oop [72]=Oop }
                      ;*invokevirtual getBackground {reexecute=0 rethrow=0 return_oop=1}
                      ; - java.awt.Component::getBackground@21 (line 1860)
                      ; - javax.swing.JComponent::setBackground@1 (line 2805)
                      ; - javax.swing.table.DefaultTableCellRenderer::setBackground@2 (line 152)
                      ; - javax.swing.table.DefaultTableCellRenderer::updateUI@11 (line 167)
                      ; - javax.swing.JLabel::<init>@83 (line 180)
                      ; - javax.swing.JLabel::<init>@6 (line 251)
                      ; - javax.swing.table.DefaultTableCellRenderer::<init>@1 (line 114)
                      ; - com.jidesoft.grid.TreeTableCellRenderer::<init>@1
                      ; - ui.utils.k.j.ad$b::<init>@1 (line 1433)
                      ; - ui.utils.k.j.ad::createCellRenderer@4 (line 349)
                      ; - ui.views.v.e::getCellRenderer@105 (line 81)
  0x000002292865b768: 1436 cbfe 

  0x000002292865b76c: ;   {other}
  0x000002292865b76c: 0f1f 8400 | 5c27 001d | 4c8b 5424 | 3841 8b7a | 5048 8bf0 | e94e f0ff | ff43 8b6c | d414 85ed 
  0x000002292865b78c: 0f84 a5e0 | ffff ba45 | ffff ff48 | 895c 2440 | 897c 243c 

  0x000002292865b7a0: ;   {runtime_call UncommonTrapBlob}
  0x000002292865b7a0: c5f8 77e8 

  0x000002292865b7a4: ; ImmutableOopMap {rbp=NarrowOop [32]=Oop [60]=NarrowOop [64]=Oop }
                      ;*ifnull {reexecute=1 rethrow=0 return_oop=0}
                      ; - (reexecute) javax.swing.JTable::convertRowIndexToModel@6 (line 2691)
                      ; - com.jidesoft.grid.JideTable::convertRowIndexToModel@23
                      ; - ui.views.v.e::aiN@18 (line 109)
                      ; - ui.views.v.e::getCellRenderer@14 (line 72)
  0x000002292865b7a4: 588e cbfe 

  0x000002292865b7a8: ;   {other}
  0x000002292865b7a8: 0f1f 8400 | 9827 001e | 438b 6cdc | 1485 ed0f | 84ed e7ff | ffba 45ff | ffff 4489 | 4424 2c4c 
  0x000002292865b7c8: 894c 2430 | 448b 5c24 | 4044 895c | 243c 894c | 2440 6690 

  0x000002292865b7dc: ;   {runtime_call UncommonTrapBlob}
  0x000002292865b7dc: c5f8 77e8 

  0x000002292865b7e0: ; ImmutableOopMap {rbp=NarrowOop [48]=Oop [64]=NarrowOop [72]=Oop }
                      ;*ifnull {reexecute=1 rethrow=0 return_oop=0}
                      ; - (reexecute) javax.swing.JTable::convertRowIndexToModel@6 (line 2691)
                      ; - com.jidesoft.grid.JideTable::convertRowIndexToModel@23
                      ; - ui.views.v.e::aiN@18 (line 109)
                      ; - ui.views.v.e::fA@34 (line 100)
                      ; - ui.views.v.e::getCellRenderer@73 (line 76)
  0x000002292865b7e0: 1c8e cbfe 

  0x000002292865b7e4: ;   {other}
  0x000002292865b7e4: 0f1f 8400 | d427 001f | 448b 9678 | 0100 0045 | 85d2 0f84 | 6eec ffff | 4d8b 5f28 | 498b ca48 
  0x000002292865b804: c1e1 034d | 85db 0f84 | 0816 0000 | 4d8b 5738 | 4b89 4c1a | f849 83c3 | f84d 895f | 28e9 44ec 
  0x000002292865b824: ffff 448b | 9680 0100 | 0045 85d2 | 0f84 4aec | ffff 4d8b | 5f28 498b | ca48 c1e1 | 034d 85db 
  0x000002292865b844: 0f84 0e16 | 0000 4d8b | 5738 4b89 | 4c1a f849 | 83c3 f84d | 895f 28e9 | 20ec ffff | 448b 967c 
  0x000002292865b864: 0100 0045 | 85d2 0f84 | 05ec ffff | 4d8b 5f28 | 498b ca48 | c1e1 034d | 85db 0f84 | b415 0000 
  0x000002292865b884: 4d8b 5738 | 4b89 4c1a | f849 83c3 | f84d 895f | 28e9 dbeb | ffff 488b | f544 8b95 | 7401 0000 
  0x000002292865b8a4: 4585 d20f | 8461 ebff | ff4d 8b5f | 2849 8bca | 48c1 e103 | 4d85 db0f | 84b7 1500 | 004d 8b57 
  0x000002292865b8c4: 384b 894c | 1af8 4983 | c3f8 4d89 | 5f28 e937 | ebff ff44 | 8b9e 7401 | 0000 4585 

  0x000002292865b8e0: ;   {no_reloc}
  0x000002292865b8e0: db0f 84fa | ebff ff4d | 8b57 2849 | 8bcb 48c1 | e103 4d85 | d20f 849d | 1500 004d | 8b5f 384b 
  0x000002292865b900: 894c 13f8 | 4983 c2f8 | 4d89 5728 | e9d0 ebff | ff4c 8b54 | 2438 458b | 9a78 0100 | 0045 85db 
  0x000002292865b920: 0f84 2bed | ffff 4d8b | 5728 498b | cb48 c1e1 | 034d 85d2 | 0f84 7e15 | 0000 4d8b | 5f38 4b89 
  0x000002292865b940: 4c13 f849 | 83c2 f84d | 8957 28e9 | 01ed ffff | 458b 5a4c | 4585 db0f | 84d3 edff | ff4d 8b57 
  0x000002292865b960: 2849 8bcb | 48c1 e103 | 4d85 d20f | 84af 1500 | 004d 8b5f | 384b 894c | 13f8 4983 | c2f8 4d89 
  0x000002292865b980: 5728 e9a9 | edff ff4c | 8b54 2438 | 458b 9284 | 0100 0045 | 85d2 0f84 | 1bee ffff | 4d8b 5f28 
  0x000002292865b9a0: 498b ca48 | c1e1 034d | 85db 0f84 | a815 0000 | 4d8b 5738 | 4b89 4c1a | f849 83c3 | f84d 895f 
  0x000002292865b9c0: 28e9 f1ed | ffff 458b | 5250 4585 | d20f 8414 | eeff ff4d | 8b5f 2849 | 8bca 48c1 | e103 4d85 
  0x000002292865b9e0: ;   {no_reloc}
  0x000002292865b9e0: db0f 8491 | 1500 004d | 8b57 384b | 894c 1af8 | 4983 c3f8 | 4d89 5f28 | e9ea edff | ff4c 8b54 
  0x000002292865ba00: 2438 458b | 9288 0100 | 0045 85d2 | 0f84 f1ed | ffff 4d8b | 5f28 498b | ca48 c1e1 | 034d 85db 
  0x000002292865ba20: 0f84 7215 | 0000 4d8b | 5738 4b89 | 4c1a f849 | 83c3 f84d | 895f 28e9 | c7ed ffff | 4c8b 5424 
  0x000002292865ba40: 3845 8b9a | 2c01 0000 | 4585 db0f | 84e8 f0ff | ff4d 8b57 | 2849 8bcb | 48c1 e103 | 4d85 d20f 
  0x000002292865ba60: 8453 1500 | 004d 8b5f | 384b 894c | 13f8 4983 | c2f8 4d89 | 5728 e9be | f0ff ff4c | 8b54 2438 
  0x000002292865ba80: 458b 9a90 | 0100 0045 | 85db 0f84 | e7f2 ffff | 4d8b 5728 | 498b cb48 | c1e1 034d | 85d2 0f84 
  0x000002292865baa0: 7415 0000 | 4d8b 5f38 | 4b89 4c13 | f849 83c2 | f84d 8957 | 28e9 bdf2 | ffff 4c8b | 5424 3845 
  0x000002292865bac0: 8b5a 7445 | 85db 0f84 | 65f1 ffff | 4d8b 5728 | 498b cb48 | c1e1 034d | 85d2 0f84 | 1815 0000 
  0x000002292865bae0: ;   {no_reloc}
  0x000002292865bae0: 4d8b 5f38 | 4b89 4c13 | f849 83c2 | f84d 8957 | 28e9 3bf1 | ffff 4c8b | 5424 3845 | 8b92 9401 
  0x000002292865bb00: 0000 4585 | d20f 8415 | f2ff ff4d | 8b5f 2849 | 8bca 48c1 | e103 4d85 | db0f 84b9 | 1400 004d 
  0x000002292865bb20: 8b57 384b | 894c 1af8 | 4983 c3f8 | 4d89 5f28 | e9eb f1ff | ff4d 8b57 | 484d 8b5f | 58f0 8344 
  0x000002292865bb40: 24c0 0080 | 3900 0f84 | 13e9 ffff | 4488 214d | 85d2 7520 | 498b d7c5 | f877 49ba | 4012 8a87 
  0x000002292865bb60: fc7f 0000 

  0x000002292865bb64: ;   {other}
  0x000002292865bb64: 41ff d20f | 1f84 0000 | 0000 00e9 | ebe8 ffff | 4b89 4c13 | f849 83c2 | f84d 8957 | 48e9 d9e8 
  0x000002292865bb84: ffff 4d8b | 5748 4d8b | 5f58 f083 | 4424 c000 | 8039 000f | 8487 e9ff | ff44 8821 | 4d85 d275 
  0x000002292865bba4: 2049 8bd7 | c5f8 7749 | ba40 128a | 87fc 7f00 | 0041 ffd2 

  0x000002292865bbb8: ;   {other}
  0x000002292865bbb8: 0f1f 8400 | 0000 0000 | e95f e9ff | ff4b 894c | 13f8 4983 | c2f8 4d89 | 5748 e94d | e9ff ff4d 
  0x000002292865bbd8: 8b57 484d | 8b5f 58f0 | 8344 24c0 | 0080 3900 | 0f84 9fef | ffff 4488 | 214d 85d2 | 7520 498b 
  0x000002292865bbf8: d7c5 f877 | 49ba 4012 | 8a87 fc7f | 0000 41ff 

  0x000002292865bc08: ;   {other}
  0x000002292865bc08: d20f 1f84 | 0000 0000 | 00e9 77ef | ffff 4b89 | 4c13 f849 | 83c2 f84d | 8957 48e9 | 65ef ffff 
  0x000002292865bc28: 4d8b 5748 | 4d8b 5f58 | f083 4424 | c000 4180 | 3800 0f84 | 72f1 ffff | 4588 204d | 85d2 7523 
  0x000002292865bc48: 498b c849 | 8bd7 c5f8 | 7749 ba40 | 128a 87fc | 7f00 0041 

  0x000002292865bc5c: ;   {other}
  0x000002292865bc5c: ffd2 0f1f | 8400 0000 | 0000 e947 | f1ff ff4f | 8944 13f8 | 4983 c2f8 | 4d89 5748 | e935 f1ff 
  0x000002292865bc7c: ff4d 8b57 | 484d 8b5f | 58f0 8344 | 24c0 0080 | 3900 0f84 | d8f0 ffff | 4488 214d | 85d2 7520 
  0x000002292865bc9c: 498b d7c5 | f877 49ba | 4012 8a87 | fc7f 0000 

  0x000002292865bcac: ;   {other}
  0x000002292865bcac: 41ff d20f | 1f84 0000 | 0000 00e9 | b0f0 ffff | 4b89 4c13 | f849 83c2 | f84d 8957 | 48e9 9ef0 
  0x000002292865bccc: ffff 4d8b | 5758 4d8b | 5f48 f083 | 4424 c000 | 8039 000f | 8489 efff | ff44 8821 | 4d85 db75 
  0x000002292865bcec: 2049 8bd7 | c5f8 7749 | ba40 128a | 87fc 7f00 | 0041 ffd2 

  0x000002292865bd00: ;   {other}
  0x000002292865bd00: 0f1f 8400 | 0000 0000 | e961 efff | ff4b 894c | 1af8 4983 | c3f8 4d89 | 5f48 e94f | efff ff44 
  0x000002292865bd20: 8b57 0c45 | 85d2 0f84 | 67f2 ffff | 4d8b 5f28 | 498b ca48 | c1e1 034d | 85db 0f84 | e813 0000 
  0x000002292865bd40: 4d8b 5738 | 4b89 4c1a | f849 83c3 | f84d 895f | 28e9 3df2 | ffff 448b | 5710 4585 | d20f 846a 
  0x000002292865bd60: f2ff ff4d | 8b5f 2849 | 8bca 48c1 | e103 4d85 | db0f 84d1 | 1300 004d | 8b57 384b | 894c 1af8 
  0x000002292865bd80: 4983 c3f8 | 4d89 5f28 | e940 f2ff | ff44 8b56 | 0c45 85d2 | 0f84 aef1 | ffff 4d8b | 5f28 498b 
  0x000002292865bda0: ca48 c1e1 | 034d 85db | 0f84 5a13 | 0000 4d8b | 5738 4b89 | 4c1a f849 | 83c3 f84d | 895f 28e9 
  0x000002292865bdc0: 84f1 ffff | 488b 7c24 | 2044 8b5f | 5445 85db | 0f84 e7f0 | ffff 4d8b | 5728 498b | cb48 c1e1 
  0x000002292865bde0: 034d 85d2 | 0f84 7e13 | 0000 4d8b | 5f38 4b89 | 4c13 f849 | 83c2 f84d | 8957 28e9 

  0x000002292865bdfc: ;   {no_reloc}
  0x000002292865bdfc: bdf0 ffff | 448b 574c | 4585 d20f | 84f2 f1ff | ff4d 8b5f | 2849 8bca | 48c1 e103 | 4d85 db0f 
  0x000002292865be1c: 8467 1300 | 004d 8b57 | 384b 894c | 1af8 4983 | c3f8 4d89 | 5f28 e9c8 | f1ff ff44 | 8b5d 5045 
  0x000002292865be3c: 85db 0f84 | 26f2 ffff | 4d8b 5728 | 498b cb48 | c1e1 034d | 85d2 0f84 | 5013 0000 | 4d8b 5f38 
  0x000002292865be5c: 4b89 4c13 | f849 83c2 | f84d 8957 | 28e9 fcf1 | ffff 4d8b | 5758 4d8b | 5f48 f083 | 4424 c000 
  0x000002292865be7c: 8039 000f | 84fd f0ff | ff44 8821 | 4d85 db75 | 2049 8bd7 | c5f8 7749 | ba40 128a | 87fc 7f00 
  0x000002292865be9c: 0041 ffd2 

  0x000002292865bea0: ;   {other}
  0x000002292865bea0: 0f1f 8400 | 0000 0000 | e9d5 f0ff | ff4b 894c | 1af8 4983 | c3f8 4d89 | 5f48 e9c3 | f0ff ff4d 
  0x000002292865bec0: 8b57 584d | 8b5f 48f0 | 8344 24c0 | 0080 3900 | 0f84 ecf0 | ffff 4488 | 214d 85db | 7520 498b 
  0x000002292865bee0: d7c5 f877 | 49ba 4012 | 8a87 fc7f | 0000 41ff 

  0x000002292865bef0: ;   {other}
  0x000002292865bef0: d20f 1f84 | 0000 0000 | 00e9 c4f0 | ffff 4b89 | 4c1a f849 | 83c3 f84d | 895f 48e9 | b2f0 ffff 
  0x000002292865bf10: 4d8b 5748 | 4d8b 5f58 | f083 4424 | c000 8039 | 000f 84da | efff ff44 | 8821 4d85 | d275 2049 
  0x000002292865bf30: 8bd7 c5f8 | 7749 ba40 | 128a 87fc | 7f00 0041 

  0x000002292865bf40: ;   {other}
  0x000002292865bf40: ffd2 0f1f | 8400 0000 | 0000 e9b2 | efff ff4b | 894c 13f8 | 4983 c2f8 | 4d89 5748 | e9a0 efff 
  0x000002292865bf60: ff4d 8b57 | 484d 8b5f | 58f0 8344 | 24c0 0080 | 3900 0f84 | bef0 ffff | 4488 214d | 85d2 7520 
  0x000002292865bf80: 498b d7c5 | f877 49ba | 4012 8a87 | fc7f 0000 

  0x000002292865bf90: ;   {other}
  0x000002292865bf90: 41ff d20f | 1f84 0000 | 0000 00e9 | 96f0 ffff | 4b89 4c13 | f849 83c2 | f84d 8957 | 48e9 84f0 
  0x000002292865bfb0: ffff 4d8b | 5758 4d8b | 5f48 f083 | 4424 c000 | 4180 3800 | 0f84 ddf0 | ffff 4588 | 204d 85db 
  0x000002292865bfd0: 7523 498b | c849 8bd7 | c5f8 7749 | ba40 128a | 87fc 7f00 | 0041 ffd2 

  0x000002292865bfe8: ;   {other}
  0x000002292865bfe8: 0f1f 8400 | 0000 0000 | e9b2 f0ff | ff4f 8944 | 1af8 4983 | c3f8 4d89 | 5f48 e9a0 | f0ff ff45 
  0x000002292865c008: 8b9a 7c01 | 0000 4585 | db0f 846d | e6ff ff4d | 8b57 2849 | 8bcb 48c1 | e103 4d85 | d20f 84c1 
  0x000002292865c028: 1100 004d | 8b5f 384b | 894c 13f8 | 4983 c2f8 | 4d89 5728 | e943 e6ff 

  0x000002292865c040: ;   {metadata('ui/dlg/c/c/j$b')}
  0x000002292865c040: ff48 ba00 | 809d 3b29 | 0200 0090 

  0x000002292865c04c: ;   {runtime_call _new_instance_Java}
  0x000002292865c04c: c5f8 77e8 

  0x000002292865c050: ; ImmutableOopMap {rbp=Oop [32]=Oop }
                      ;*new {reexecute=0 rethrow=0 return_oop=1}
                      ; - ui.views.v.e::getCellRenderer@0 (line 71)
  0x000002292865c050: acca f2fe 

  0x000002292865c054: ;   {other}
  0x000002292865c054: 0f1f 8400 | 4430 0020 | 4c8b c0e9 | c3d6 ffff | 4b8d 14dc | 6690 c5f8 | 7748 b8ff | ffff ffff 
  0x000002292865c074: ;   {virtual_call}
  0x000002292865c074: ffff ffe8 

  0x000002292865c078: ; ImmutableOopMap {[48]=Oop [56]=Oop [72]=Oop }
                      ;*invokevirtual getForeground {reexecute=0 rethrow=0 return_oop=1}
                      ; - java.awt.Component::getForeground@21 (line 1805)
                      ; - javax.swing.JComponent::setForeground@1 (line 2779)
                      ; - javax.swing.table.DefaultTableCellRenderer::setForeground@2 (line 141)
                      ; - javax.swing.table.DefaultTableCellRenderer::updateUI@6 (line 166)
                      ; - javax.swing.JLabel::<init>@83 (line 180)
                      ; - javax.swing.JLabel::<init>@6 (line 251)
                      ; - javax.swing.table.DefaultTableCellRenderer::<init>@1 (line 114)
                      ; - com.jidesoft.grid.TreeTableCellRenderer::<init>@1
                      ; - ui.utils.k.j.ad$b::<init>@1 (line 1433)
                      ; - ui.utils.k.j.ad::createCellRenderer@4 (line 349)
                      ; - ui.views.v.e::getCellRenderer@105 (line 81)
  0x000002292865c078: 042d cbfe 

  0x000002292865c07c: ;   {other}
  0x000002292865c07c: 0f1f 8400 | 6c30 0021 | 4c8b 5424 | 3841 8b5a | 4c48 8bf0 | e987 e6ff 

  0x000002292865c094: ;   {metadata('ui/utils/k/j/ad$b')}
  0x000002292865c094: ff48 bae0 | d79c 3b29 | 0200 0048 | 8b6c 2448 

  0x000002292865c0a4: ;   {runtime_call _new_instance_Java}
  0x000002292865c0a4: c5f8 77e8 

  0x000002292865c0a8: ; ImmutableOopMap {rbp=Oop [48]=Oop [72]=Oop }
                      ;*new {reexecute=0 rethrow=0 return_oop=1}
                      ; - ui.utils.k.j.ad::createCellRenderer@0 (line 349)
                      ; - ui.views.v.e::getCellRenderer@105 (line 81)
  0x000002292865c0a8: 54ca f2fe 

  0x000002292865c0ac: ;   {other}
  0x000002292865c0ac: 0f1f 8400 | 9c30 0022 | 488b e8e9 | 2ee3 ffff | 4489 5c24 | 244c 8b54 | 2438 4c89 | 5424 2845 
  0x000002292865c0cc: 8bc3 c5f8 | 7748 b8ff | ffff ffff 

  0x000002292865c0d8: ;   {virtual_call}
  0x000002292865c0d8: ffff ffe8 

  0x000002292865c0dc: ; ImmutableOopMap {[32]=NarrowOop [40]=Oop [48]=Oop [72]=Oop }
                      ;*invokevirtual toUpperCase {reexecute=0 rethrow=0 return_oop=0}
                      ; - java.lang.Character::toUpperCase@5 (line 11024)
                      ; - java.lang.Character::toUpperCase@1 (line 10995)
                      ; - javax.swing.SwingUtilities::findDisplayedMnemonicIndex@26 (line 2086)
                      ; - javax.swing.JLabel::setText@41 (line 344)
                      ; - javax.swing.JLabel::<init>@69 (line 177)
                      ; - javax.swing.JLabel::<init>@6 (line 251)
                      ; - javax.swing.table.DefaultTableCellRenderer::<init>@1 (line 114)
                      ; - com.jidesoft.grid.TreeTableCellRenderer::<init>@1
                      ; - ui.utils.k.j.ad$b::<init>@1 (line 1433)
                      ; - ui.utils.k.j.ad::createCellRenderer@4 (line 349)
                      ; - ui.views.v.e::getCellRenderer@105 (line 81)
  0x000002292865c0dc: a02c cbfe 

  0x000002292865c0e0: ;   {other}
  0x000002292865c0e0: 0f1f 8400 | d030 0023 | 4c8b 5424 | 284c 8954 | 2438 448b | 5c24 2444 | 8bd0 e92c 

  0x000002292865c0fc: ;   {metadata('ui/views/v/d$a')}
  0x000002292865c0fc: f2ff ff48 | ba90 d3aa | 3b29 0200 | 0066 6690 

  0x000002292865c10c: ;   {runtime_call _new_instance_Java}
  0x000002292865c10c: c5f8 77e8 

  0x000002292865c110: ; ImmutableOopMap {[40]=Oop }
                      ;*new {reexecute=0 rethrow=0 return_oop=1}
                      ; - ui.views.v.e::getCellRenderer@79 (line 77)
  0x000002292865c110: ecc9 f2fe 

  0x000002292865c114: ;   {other}
  0x000002292865c114: 0f1f 8400 | 0431 0024 | 4c8b d8e9 | 4ded ffff | 4889 7c24 

  0x000002292865c128: ;   {metadata('javax/swing/event/EventListenerList')}
  0x000002292865c128: 2048 ba68 | 6f06 3b29 | 0200 0090 

  0x000002292865c134: ;   {runtime_call _new_instance_Java}
  0x000002292865c134: c5f8 77e8 

  0x000002292865c138: ; ImmutableOopMap {rbp=Oop [32]=Oop [40]=Oop }
                      ;*new {reexecute=0 rethrow=0 return_oop=1}
                      ; - javax.swing.AbstractCellEditor::<init>@5 (line 59)
                      ; - com.jidesoft.grid.AbstractJideCellEditor::<init>@1
                      ; - com.jidesoft.grid.ContextSensitiveCellEditor::<init>@1
                      ; - com.jidesoft.grid.AbstractTableCellEditorRenderer::<init>@1
                      ; - com.jidesoft.grid.ButtonTableCellEditorRenderer::<init>@1
                      ; - com.jidesoft.grid.HyperlinkTableCellEditorRenderer::<init>@1
                      ; - ui.views.v.d$a::<init>@6 (line 456)
                      ; - ui.views.v.e::getCellRenderer@92 (line 77)
  0x000002292865c138: c4c9 f2fe 

  0x000002292865c13c: ;   {other}
  0x000002292865c13c: 0f1f 8400 | 2c31 0025 | 488b 7c24 | 2048 8bf0 | e9ec edff | ff49 8bd0 | 458b c344 | 894c 2424 
  0x000002292865c15c: 6690 c5f8 | 7748 b8ff | ffff ffff 

  0x000002292865c168: ;   {virtual_call}
  0x000002292865c168: ffff ffe8 

  0x000002292865c16c: ; ImmutableOopMap {[32]=NarrowOop [48]=Oop [56]=Oop [72]=Oop }
                      ;*invokevirtual toLowerCase {reexecute=0 rethrow=0 return_oop=0}
                      ; - java.lang.Character::toLowerCase@5 (line 10964)
                      ; - java.lang.Character::toLowerCase@1 (line 10935)
                      ; - javax.swing.SwingUtilities::findDisplayedMnemonicIndex@32 (line 2087)
                      ; - javax.swing.JLabel::setText@41 (line 344)
                      ; - javax.swing.JLabel::<init>@69 (line 177)
                      ; - javax.swing.JLabel::<init>@6 (line 251)
                      ; - javax.swing.table.DefaultTableCellRenderer::<init>@1 (line 114)
                      ; - com.jidesoft.grid.TreeTableCellRenderer::<init>@1
                      ; - ui.utils.k.j.ad$b::<init>@1 (line 1433)
                      ; - ui.utils.k.j.ad::createCellRenderer@4 (line 349)
                      ; - ui.views.v.e::getCellRenderer@105 (line 81)
  0x000002292865c16c: 102c cbfe 

  0x000002292865c170: ;   {other}
  0x000002292865c170: 0f1f 8400 | 6031 0026 | e9e1 e3ff 

  0x000002292865c17c: ;   {oop(a 'java/lang/CharacterData00'{0x00000006814513a0})}
  0x000002292865c17c: ff48 baa0 | 1345 8106 | 0000 00e9 | 4cf1 ffff 

  0x000002292865c18c: ;   {oop(a 'java/lang/CharacterData00'{0x00000006814513a0})}
  0x000002292865c18c: 49b8 a013 | 4581 0600 | 0000 e9ac | f1ff ff4c | 895c 2428 | 4889 5c24 

  0x000002292865c1a4: ;   {metadata('java/awt/Insets')}
  0x000002292865c1a4: 2048 ba58 | d904 3b29 | 0200 0090 

  0x000002292865c1b0: ;   {runtime_call _new_instance_Java}
  0x000002292865c1b0: c5f8 77e8 

  0x000002292865c1b4: ; ImmutableOopMap {[32]=Oop [40]=Oop [56]=Oop [72]=Oop [96]=NarrowOop }
                      ;*new {reexecute=0 rethrow=0 return_oop=1}
                      ; - javax.swing.border.AbstractBorder::getBorderInsets@2 (line 80)
                      ; - javax.swing.JComponent::setBorder@34 (line 1866)
                      ; - javax.swing.table.DefaultTableCellRenderer::<init>@14 (line 116)
                      ; - com.jidesoft.grid.TreeTableCellRenderer::<init>@1
                      ; - ui.utils.k.j.ad$b::<init>@1 (line 1433)
                      ; - ui.utils.k.j.ad::createCellRenderer@4 (line 349)
                      ; - ui.views.v.e::getCellRenderer@105 (line 81)
  0x000002292865c1b4: 48c9 f2fe 

  0x000002292865c1b8: ;   {other}
  0x000002292865c1b8: 0f1f 8400 | a831 0027 | 488b 5c24 | 204c 8b54 | 2428 4d8b | dae9 23f2 

  0x000002292865c1d0: ;   {metadata('java/awt/Insets')}
  0x000002292865c1d0: ffff 48ba | 58d9 043b | 2902 0000 | 4c89 5c24 | 6066 6690 

  0x000002292865c1e4: ;   {runtime_call _new_instance_Java}
  0x000002292865c1e4: c5f8 77e8 

  0x000002292865c1e8: ; ImmutableOopMap {rbp=Oop [56]=Oop [72]=Oop [96]=Oop }
                      ;*new {reexecute=0 rethrow=0 return_oop=1}
                      ; - javax.swing.border.AbstractBorder::getBorderInsets@2 (line 80)
                      ; - javax.swing.JComponent::setBorder@41 (line 1866)
                      ; - javax.swing.table.DefaultTableCellRenderer::<init>@14 (line 116)
                      ; - com.jidesoft.grid.TreeTableCellRenderer::<init>@1
                      ; - ui.utils.k.j.ad$b::<init>@1 (line 1433)
                      ; - ui.utils.k.j.ad::createCellRenderer@4 (line 349)
                      ; - ui.views.v.e::getCellRenderer@105 (line 81)
  0x000002292865c1e8: 14c9 f2fe 

  0x000002292865c1ec: ;   {other}
  0x000002292865c1ec: 0f1f 8400 | dc31 0028 | 4c8b c8e9 | 7df2 ffff | bae4 ffff | ff4c 8974 | 2420 448b | 5424 3844 
  0x000002292865c20c: 8954 2428 | 4c89 4424 | 3889 7c24 | 4066 6690 

  0x000002292865c21c: ;   {runtime_call UncommonTrapBlob}
  0x000002292865c21c: c5f8 77e8 

  0x000002292865c220: ; ImmutableOopMap {rbp=NarrowOop [32]=Oop [56]=Oop [72]=Oop }
                      ;*aaload {reexecute=0 rethrow=0 return_oop=0}
                      ; - java.util.Vector::elementData@5 (line 731)
                      ; - java.util.Vector::get@19 (line 752)
                      ; - com.jidesoft.grid.TreeTableModel::getRowAt@43
                      ; - ui.utils.k.j.ao::abq@2 (line 62)
                      ; - ui.views.v.e::aiN@40 (line 110)
                      ; - ui.views.v.e::getCellRenderer@14 (line 72)
  0x000002292865c220: dc83 cbfe 

  0x000002292865c224: ;   {other}
  0x000002292865c224: 0f1f 8400 | 1432 0029 | baf6 ffff | ff41 8be8 

  0x000002292865c234: ;   {runtime_call UncommonTrapBlob}
  0x000002292865c234: c5f8 77e8 

  0x000002292865c238: ; ImmutableOopMap {}
                      ;*invokevirtual elementAt {reexecute=0 rethrow=0 return_oop=0}
                      ; - javax.swing.table.DefaultTableColumnModel::getColumn@5 (line 298)
                      ; - sun.swing.SwingUtilities2::convertColumnIndexToModel@8 (line 2156)
                      ; - javax.swing.JTable::convertColumnIndexToModel@5 (line 2632)
                      ; - ui.views.v.e::fA@18 (line 99)
                      ; - ui.views.v.e::getCellRenderer@73 (line 76)
  0x000002292865c238: c483 cbfe 

  0x000002292865c23c: ;   {other}
  0x000002292865c23c: 0f1f 8400 | 2c32 002a | bae4 ffff | ff4c 894c | 2430 4489 | 4424 3c4c | 8b5c 2448 | 4c89 5c24 
  0x000002292865c25c: 4044 896c | 2448 4489 | 5424 4c90 

  0x000002292865c268: ;   {runtime_call UncommonTrapBlob}
  0x000002292865c268: c5f8 77e8 

  0x000002292865c26c: ; ImmutableOopMap {rbp=NarrowOop [48]=Oop [64]=Oop [72]=NarrowOop [76]=NarrowOop }
                      ;*aaload {reexecute=0 rethrow=0 return_oop=0}
                      ; - java.util.Vector::elementData@5 (line 731)
                      ; - java.util.Vector::elementAt@44 (line 469)
                      ; - javax.swing.table.DefaultTableColumnModel::getColumn@5 (line 298)
                      ; - sun.swing.SwingUtilities2::convertColumnIndexToModel@8 (line 2156)
                      ; - javax.swing.JTable::convertColumnIndexToModel@5 (line 2632)
                      ; - ui.views.v.e::fA@18 (line 99)
                      ; - ui.views.v.e::getCellRenderer@73 (line 76)
  0x000002292865c26c: 9083 cbfe 

  0x000002292865c270: ;   {other}
  0x000002292865c270: 0f1f 8400 | 6032 002b | bae4 ffff | ff4c 8b5c | 2428 4c89 | 5c24 2044 | 8b5c 2438 | 4489 5c24 
  0x000002292865c290: 2844 8b5c | 243c 4489 | 5c24 2c44 | 8b4c 2440 | 4489 4c24 | 384c 8944 | 2440 4489 | 5424 3c90 
  0x000002292865c2b0: ;   {runtime_call UncommonTrapBlob}
  0x000002292865c2b0: c5f8 77e8 

  0x000002292865c2b4: ; ImmutableOopMap {rbp=NarrowOop [32]=Oop [64]=Oop [72]=Oop }
                      ;*aaload {reexecute=0 rethrow=0 return_oop=0}
                      ; - java.util.Vector::elementData@5 (line 731)
                      ; - java.util.Vector::get@19 (line 752)
                      ; - com.jidesoft.grid.TreeTableModel::getRowAt@43
                      ; - ui.utils.k.j.ao::abq@2 (line 62)
                      ; - ui.views.v.e::aiN@40 (line 110)
                      ; - ui.views.v.e::fA@34 (line 100)
                      ; - ui.views.v.e::getCellRenderer@73 (line 76)
  0x000002292865c2b4: 4883 cbfe 

  0x000002292865c2b8: ;   {other}
  0x000002292865c2b8: 0f1f 8400 | a832 002c | bade ffff | ff49 8bee | 448b 4424 | 3844 8944 | 2420 448b | 5c24 2c44 
  0x000002292865c2d8: 895c 2424 | 4489 6c24 | 3089 4424 | 3844 8954 | 243c 6690 

  0x000002292865c2ec: ;   {runtime_call UncommonTrapBlob}
  0x000002292865c2ec: c5f8 77e8 

  0x000002292865c2f0: ; ImmutableOopMap {rbp=Oop [48]=NarrowOop [60]=NarrowOop [72]=Oop }
                      ;*invokeinterface size {reexecute=0 rethrow=0 return_oop=0}
                      ; - com.jidesoft.grid.TreeTableModel::getRowAt@24
                      ; - ui.utils.k.j.ao::abq@2 (line 62)
                      ; - ui.views.v.e::aiN@40 (line 110)
                      ; - ui.views.v.e::getCellRenderer@14 (line 72)
  0x000002292865c2f0: 0c83 cbfe 

  0x000002292865c2f4: ;   {other}
  0x000002292865c2f4: 0f1f 8400 | e432 002d | 4c89 5c24 | 4089 7c24 | 284b 8d2c | ec44 896c | 243c 498b | d34c 8d84 
  0x000002292865c314: 2490 0000 | 0066 6690 

  0x000002292865c31c: ;   {runtime_call _complete_monitor_locking_Java}
  0x000002292865c31c: c5f8 77e8 

  0x000002292865c320: ; ImmutableOopMap {rbp=Oop [32]=Oop [48]=Oop [60]=NarrowOop [64]=Oop [72]=Oop }
                      ;*synchronization entry
                      ; - java.util.Vector::size@-1 (line 305)
                      ; - com.jidesoft.grid.TreeTableModel::getRowAt@24
                      ; - ui.utils.k.j.ao::abq@2 (line 62)
                      ; - ui.views.v.e::aiN@40 (line 110)
                      ; - ui.views.v.e::getCellRenderer@14 (line 72)
  0x000002292865c320: dceb f2fe 

  0x000002292865c324: ;   {other}
  0x000002292865c324: 0f1f 8400 | 1433 002e | 4c8b 7424 | 208b 7c24 | 2844 8b6c | 243c 4c8b | 5c24 40e9 | e3d5 ffff 
  0x000002292865c344: 498b cb48 | 8d94 2490 | 0000 004d | 8bc7 c5f8 | 7749 ba70 | 2fcb 87fc | 7f00 0041 

  0x000002292865c360: ;   {other}
  0x000002292865c360: ffd2 0f1f | 8400 0000 | 0000 e957 | d6ff ffba | deff ffff | 498b ee44 | 8b54 242c | 4489 5424 
  0x000002292865c380: 2444 894c | 2430 897c | 2434 6690 

  0x000002292865c38c: ;   {runtime_call UncommonTrapBlob}
  0x000002292865c38c: c5f8 77e8 

  0x000002292865c390: ; ImmutableOopMap {rbp=Oop [48]=NarrowOop [72]=Oop }
                      ;*invokeinterface get {reexecute=0 rethrow=0 return_oop=0}
                      ; - com.jidesoft.grid.TreeTableModel::getRowAt@43
                      ; - ui.utils.k.j.ao::abq@2 (line 62)
                      ; - ui.views.v.e::aiN@40 (line 110)
                      ; - ui.views.v.e::getCellRenderer@14 (line 72)
  0x000002292865c390: 6c82 cbfe 

  0x000002292865c394: ;   {other}
  0x000002292865c394: 0f1f 8400 | 8433 002f | 4c89 4424 | 4089 7c24 | 2049 8bee | 498b d04c | 8d84 2490 | 0000 0090 
  0x000002292865c3b4: ;   {runtime_call _complete_monitor_locking_Java}
  0x000002292865c3b4: c5f8 77e8 

  0x000002292865c3b8: ; ImmutableOopMap {rbp=Oop [48]=Oop [64]=Oop [72]=Oop }
                      ;*synchronization entry
                      ; - java.util.Vector::get@-1 (line 749)
                      ; - com.jidesoft.grid.TreeTableModel::getRowAt@43
                      ; - ui.utils.k.j.ao::abq@2 (line 62)
                      ; - ui.views.v.e::aiN@40 (line 110)
                      ; - ui.views.v.e::getCellRenderer@14 (line 72)
  0x000002292865c3b8: 44eb f2fe 

  0x000002292865c3bc: ;   {other}
  0x000002292865c3bc: 0f1f 8400 | ac33 0030 | 4c8b f58b | 7c24 204c | 8b44 2440 | e998 d6ff | ff49 8bc8 | 488d 9424 
  0x000002292865c3dc: 9000 0000 | 4d8b c7c5 | f877 49ba | 702f cb87 | fc7f 0000 

  0x000002292865c3f0: ;   {other}
  0x000002292865c3f0: 41ff d20f | 1f84 0000 | 0000 00e9 | 2fd7 ffff | bade ffff | ff49 8be8 

  0x000002292865c408: ;   {runtime_call UncommonTrapBlob}
  0x000002292865c408: c5f8 77e8 

  0x000002292865c40c: ; ImmutableOopMap {rbp=Oop }
                      ;*checkcast {reexecute=0 rethrow=0 return_oop=0}
                      ; - ui.utils.k.j.ao::abq@5 (line 62)
                      ; - ui.views.v.e::aiN@40 (line 110)
                      ; - ui.views.v.e::getCellRenderer@14 (line 72)
  0x000002292865c40c: f081 cbfe 

  0x000002292865c410: ;   {other}
  0x000002292865c410: 0f1f 8400 | 0034 0031 | bade ffff | ff4c 8b54 | 2448 4c89 | 5424 4044 | 896c 2448 

  0x000002292865c42c: ;   {runtime_call UncommonTrapBlob}
  0x000002292865c42c: c5f8 77e8 

  0x000002292865c430: ; ImmutableOopMap {rbp=NarrowOop [32]=Oop [64]=Oop [72]=NarrowOop }
                      ;*invokeinterface getColumn {reexecute=0 rethrow=0 return_oop=0}
                      ; - sun.swing.SwingUtilities2::convertColumnIndexToModel@8 (line 2156)
                      ; - javax.swing.JTable::convertColumnIndexToModel@5 (line 2632)
                      ; - ui.views.v.e::fA@18 (line 99)
                      ; - ui.views.v.e::getCellRenderer@73 (line 76)
  0x000002292865c430: cc81 cbfe 

  0x000002292865c434: ;   {other}
  0x000002292865c434: 0f1f 8400 | 2434 0032 | 4889 7c24 | 4044 8954 | 2428 4489 | 6c24 2444 | 8944 2420 | 498b e948 
  0x000002292865c454: 8bd7 4c8d | 8424 9000 | 0000 6690 

  0x000002292865c460: ;   {runtime_call _complete_monitor_locking_Java}
  0x000002292865c460: c5f8 77e8 

  0x000002292865c464: ; ImmutableOopMap {rbp=Oop [36]=NarrowOop [40]=NarrowOop [48]=Oop [64]=Oop [72]=Oop }
                      ;*synchronization entry
                      ; - java.util.Vector::elementAt@-1 (line 465)
                      ; - javax.swing.table.DefaultTableColumnModel::getColumn@5 (line 298)
                      ; - sun.swing.SwingUtilities2::convertColumnIndexToModel@8 (line 2156)
                      ; - javax.swing.JTable::convertColumnIndexToModel@5 (line 2632)
                      ; - ui.views.v.e::fA@18 (line 99)
                      ; - ui.views.v.e::getCellRenderer@73 (line 76)
  0x000002292865c464: 98ea f2fe 

  0x000002292865c468: ;   {other}
  0x000002292865c468: 0f1f 8400 | 5834 0033 | 4c8b cd44 | 8b44 2420 | 448b 6c24 | 2444 8b54 | 2428 488b | 7c24 40e9 
  0x000002292865c488: 27d8 ffff | 8bf1 4c8b | d741 8bf8 | 498b d949 | 8bca 488d | 9424 9000 | 0000 4d8b | c7c5 f877 
  0x000002292865c4a8: 49ba 702f | cb87 fc7f | 0000 41ff 

  0x000002292865c4b4: ;   {other}
  0x000002292865c4b4: d20f 1f84 | 0000 0000 | 004c 8bcb | 448b c78b | cee9 aed8 | ffff bade | ffff ff48 | 8b6c 2428 
  0x000002292865c4d4: 8b4c 2438 | 894c 2420 | 448b 5c24 | 3c44 895c | 2424 8b4c | 2440 894c | 2430 4489 | 4424 3489 
  0x000002292865c4f4: 4424 3c44 | 894c 2440 

  0x000002292865c4fc: ;   {runtime_call UncommonTrapBlob}
  0x000002292865c4fc: c5f8 77e8 

  0x000002292865c500: ; ImmutableOopMap {rbp=Oop [52]=NarrowOop [64]=NarrowOop [72]=Oop }
                      ;*invokeinterface size {reexecute=0 rethrow=0 return_oop=0}
                      ; - com.jidesoft.grid.TreeTableModel::getRowAt@24
                      ; - ui.utils.k.j.ao::abq@2 (line 62)
                      ; - ui.views.v.e::aiN@40 (line 110)
                      ; - ui.views.v.e::fA@34 (line 100)
                      ; - ui.views.v.e::getCellRenderer@73 (line 76)
  0x000002292865c500: fc80 cbfe 

  0x000002292865c504: ;   {other}
  0x000002292865c504: 0f1f 8400 | f434 0034 | 418b f841 | 8bf2 498b | c948 8d94 | 2490 0000 | 004d 8bc7 | c5f8 7749 
  0x000002292865c524: ba70 2fcb | 87fc 7f00 | 0041 ffd2 

  0x000002292865c530: ;   {other}
  0x000002292865c530: 0f1f 8400 | 0000 0000 | 448b d644 | 8bc7 e9fa | dbff ff4c | 894c 2458 | 4489 5424 | 444c 8b54 
  0x000002292865c550: 2428 4c89 | 5424 204b | 8d2c c444 | 8944 2450 | 498b d14c | 8d84 2490 | 0000 0090 

  0x000002292865c56c: ;   {runtime_call _complete_monitor_locking_Java}
  0x000002292865c56c: c5f8 77e8 

  0x000002292865c570: ; ImmutableOopMap {rbp=Oop [32]=Oop [48]=Oop [72]=Oop [80]=NarrowOop [88]=Oop }
                      ;*synchronization entry
                      ; - java.util.Vector::size@-1 (line 305)
                      ; - com.jidesoft.grid.TreeTableModel::getRowAt@24
                      ; - ui.utils.k.j.ao::abq@2 (line 62)
                      ; - ui.views.v.e::aiN@40 (line 110)
                      ; - ui.views.v.e::fA@34 (line 100)
                      ; - ui.views.v.e::getCellRenderer@73 (line 76)
  0x000002292865c570: 8ce9 f2fe 

  0x000002292865c574: ;   {other}
  0x000002292865c574: 0f1f 8400 | 6435 0035 | 4c8b 5424 | 204c 8954 | 2428 448b | 5424 4444 | 8b44 2450 | 4c8b 4c24 
  0x000002292865c594: 58e9 04db | ffff bade | ffff ff48 | 8b6c 2428 | 448b 4424 | 3844 8944 | 2420 894c | 2434 4489 
  0x000002292865c5b4: 5424 3890 

  0x000002292865c5b8: ;   {runtime_call UncommonTrapBlob}
  0x000002292865c5b8: c5f8 77e8 

  0x000002292865c5bc: ; ImmutableOopMap {rbp=Oop [52]=NarrowOop [72]=Oop }
                      ;*invokeinterface get {reexecute=0 rethrow=0 return_oop=0}
                      ; - com.jidesoft.grid.TreeTableModel::getRowAt@43
                      ; - ui.utils.k.j.ao::abq@2 (line 62)
                      ; - ui.views.v.e::aiN@40 (line 110)
                      ; - ui.views.v.e::fA@34 (line 100)
                      ; - ui.views.v.e::getCellRenderer@73 (line 76)
  0x000002292865c5bc: 4080 cbfe 

  0x000002292865c5c0: ;   {other}
  0x000002292865c5c0: 0f1f 8400 | b035 0036 | 4c89 4424 | 5044 8954 | 2420 488b | 6c24 2849 | 8bd0 4c8d | 8424 9000 
  0x000002292865c5e0: 0000 6690 

  0x000002292865c5e4: ;   {runtime_call _complete_monitor_locking_Java}
  0x000002292865c5e4: c5f8 77e8 

  0x000002292865c5e8: ; ImmutableOopMap {rbp=Oop [48]=Oop [72]=Oop [80]=Oop }
                      ;*synchronization entry
                      ; - java.util.Vector::get@-1 (line 749)
                      ; - com.jidesoft.grid.TreeTableModel::getRowAt@43
                      ; - ui.utils.k.j.ao::abq@2 (line 62)
                      ; - ui.views.v.e::aiN@40 (line 110)
                      ; - ui.views.v.e::fA@34 (line 100)
                      ; - ui.views.v.e::getCellRenderer@73 (line 76)
  0x000002292865c5e8: 14e9 f2fe 

  0x000002292865c5ec: ;   {other}
  0x000002292865c5ec: 0f1f 8400 | dc35 0037 | 4889 6c24 | 2844 8b54 | 2420 4c8b | 4424 50e9 | dddb ffff | 498b c848 
  0x000002292865c60c: 8d94 2490 | 0000 004d | 8bc7 c5f8 | 7749 ba70 | 2fcb 87fc | 7f00 0041 

  0x000002292865c624: ;   {other}
  0x000002292865c624: ffd2 0f1f | 8400 0000 | 0000 e975 | dcff ffba | deff ffff 

  0x000002292865c638: ;   {runtime_call UncommonTrapBlob}
  0x000002292865c638: c5f8 77e8 

  0x000002292865c63c: ; ImmutableOopMap {rbp=Oop }
                      ;*checkcast {reexecute=0 rethrow=0 return_oop=0}
                      ; - ui.utils.k.j.ao::abq@5 (line 62)
                      ; - ui.views.v.e::aiN@40 (line 110)
                      ; - ui.views.v.e::fA@34 (line 100)
                      ; - ui.views.v.e::getCellRenderer@73 (line 76)
  0x000002292865c63c: c07f cbfe 

  0x000002292865c640: ;   {other}
  0x000002292865c640: 0f1f 8400 | 3036 0038 | 4489 4424 | 244c 8b54 | 2438 4c89 

  0x000002292865c654: ;   {metadata('java/lang/Integer')}
  0x000002292865c654: 5424 2848 | ba48 5902 | 3a29 0200 | 0066 6690 

  0x000002292865c664: ;   {runtime_call _new_instance_Java}
  0x000002292865c664: c5f8 77e8 

  0x000002292865c668: ; ImmutableOopMap {[32]=NarrowOop [36]=NarrowOop [40]=Oop [48]=Oop [72]=Oop }
                      ;*new {reexecute=0 rethrow=0 return_oop=1}
                      ; - java.lang.Integer::valueOf@23 (line 1073)
                      ; - java.beans.PropertyChangeSupport::firePropertyChange@8 (line 289)
                      ; - java.awt.Component::firePropertyChange@22 (line 8757)
                      ; - javax.swing.JComponent::firePropertyChange@4 (line 4608)
                      ; - javax.swing.JLabel::setDisplayedMnemonicIndex@72 (line 572)
                      ; - javax.swing.JLabel::setText@44 (line 343)
                      ; - javax.swing.JLabel::<init>@69 (line 177)
                      ; - javax.swing.JLabel::<init>@6 (line 251)
                      ; - javax.swing.table.DefaultTableCellRenderer::<init>@1 (line 114)
                      ; - com.jidesoft.grid.TreeTableCellRenderer::<init>@1
                      ; - ui.utils.k.j.ad$b::<init>@1 (line 1433)
                      ; - ui.utils.k.j.ad::createCellRenderer@4 (line 349)
                      ; - ui.views.v.e::getCellRenderer@105 (line 81)
  0x000002292865c668: 94c4 f2fe 

  0x000002292865c66c: ;   {other}
  0x000002292865c66c: 0f1f 8400 | 5c36 0039 | 4c8b c84c | 8b54 2428 | 4c89 5424 | 3844 8b44 | 2424 e950 | dfff ffba 
  0x000002292865c68c: 45ff ffff | 8b5c 2438 | 4489 4424 | 244c 894c | 2428 448b | c344 8944 | 2430 4489 | 6c24 3444 
  0x000002292865c6ac: 895c 2440 | 4489 5424 | 4466 6690 

  0x000002292865c6b8: ;   {runtime_call UncommonTrapBlob}
  0x000002292865c6b8: c5f8 77e8 

  0x000002292865c6bc: ; ImmutableOopMap {[40]=Oop [52]=NarrowOop [68]=NarrowOop [72]=Oop }
                      ;*ifeq {reexecute=1 rethrow=0 return_oop=0}
                      ; - (reexecute) com.jidesoft.grid.TableModelWrapperUtils::getActualColumnAt@23
                      ; - ui.views.v.e::fA@28 (line 99)
                      ; - ui.views.v.e::getCellRenderer@73 (line 76)
  0x000002292865c6bc: 407f cbfe 

  0x000002292865c6c0: ;   {other}
  0x000002292865c6c0: 0f1f 8400 | b036 003a | ba45 ffff | ff44 8b5c | 2438 4489 | 5c24 2044 | 8b44 242c | 4489 4424 
  0x000002292865c6e0: 244c 894c | 2428 4889 | 5c24 3089 | 7c24 3844 | 8954 243c 

  0x000002292865c6f4: ;   {runtime_call UncommonTrapBlob}
  0x000002292865c6f4: c5f8 77e8 

  0x000002292865c6f8: ; ImmutableOopMap {[40]=Oop [48]=Oop [56]=NarrowOop [60]=NarrowOop }
                      ;*ifnonnull {reexecute=1 rethrow=0 return_oop=0}
                      ; - (reexecute) com.jidesoft.grid.JideTable::convertRowIndexToModel@8
                      ; - ui.views.v.e::aiN@18 (line 109)
                      ; - ui.views.v.e::getCellRenderer@14 (line 72)
  0x000002292865c6f8: 047f cbfe 

  0x000002292865c6fc: ;   {other}
  0x000002292865c6fc: 0f1f 8400 | ec36 003b | 498b d7c5 | f877 49ba | 6012 8a87 | fc7f 0000 

  0x000002292865c714: ;   {other}
  0x000002292865c714: 41ff d20f | 1f84 0000 | 0000 00e9 | 54d0 ffff | ba45 ffff | ff44 8b54 | 2438 4489 | 5424 2844 
  0x000002292865c734: 896c 2438 | 8944 2440 

  0x000002292865c73c: ;   {runtime_call UncommonTrapBlob}
  0x000002292865c73c: c5f8 77e8 

  0x000002292865c740: ; ImmutableOopMap {rbp=NarrowOop [32]=Oop [56]=NarrowOop [72]=Oop }
                      ;*ifnonnull {reexecute=1 rethrow=0 return_oop=0}
                      ; - (reexecute) com.jidesoft.grid.TreeTableModel::getRowAt@6
                      ; - ui.utils.k.j.ao::abq@2 (line 62)
                      ; - ui.views.v.e::aiN@40 (line 110)
                      ; - ui.views.v.e::getCellRenderer@14 (line 72)
  0x000002292865c740: bc7e cbfe 

  0x000002292865c744: ;   {other}
  0x000002292865c744: 0f1f 8400 | 3437 003c | ba45 ffff | ff49 8bee | 448b 5c24 | 2c44 895c | 2424 8944 | 2430 6690 
  0x000002292865c764: ;   {runtime_call UncommonTrapBlob}
  0x000002292865c764: c5f8 77e8 

  0x000002292865c768: ; ImmutableOopMap {rbp=Oop [72]=Oop }
                      ;*iflt {reexecute=1 rethrow=0 return_oop=0}
                      ; - (reexecute) com.jidesoft.grid.TreeTableModel::getRowAt@9
                      ; - ui.utils.k.j.ao::abq@2 (line 62)
                      ; - ui.views.v.e::aiN@40 (line 110)
                      ; - ui.views.v.e::getCellRenderer@14 (line 72)
  0x000002292865c768: 947e cbfe 

  0x000002292865c76c: ;   {other}
  0x000002292865c76c: 0f1f 8400 | 5c37 003d | ba45 ffff | ff4c 8974 | 2420 448b | 5424 3844 | 8954 2428 | 897c 2438 
  0x000002292865c78c: 4489 4c24 | 3c66 6690 

  0x000002292865c794: ;   {runtime_call UncommonTrapBlob}
  0x000002292865c794: c5f8 77e8 

  0x000002292865c798: ; ImmutableOopMap {rbp=NarrowOop [32]=Oop [60]=NarrowOop [72]=Oop }
                      ;*ifnonnull {reexecute=1 rethrow=0 return_oop=0}
                      ; - (reexecute) com.jidesoft.grid.TreeTableModel::getRows@9
                      ; - com.jidesoft.grid.TreeTableModel::getRowAt@39
                      ; - ui.utils.k.j.ao::abq@2 (line 62)
                      ; - ui.views.v.e::aiN@40 (line 110)
                      ; - ui.views.v.e::getCellRenderer@14 (line 72)
  0x000002292865c798: 647e cbfe 

  0x000002292865c79c: ;   {other}
  0x000002292865c79c: 0f1f 8400 | 8c37 003e | ba45 ffff | ff44 8944 | 242c 4c89 | 4c24 304c | 8b44 2448 | 4c89 4424 
  0x000002292865c7bc: 4044 896c | 243c 4489 | 5c24 4844 | 8954 2450 

  0x000002292865c7cc: ;   {runtime_call UncommonTrapBlob}
  0x000002292865c7cc: c5f8 77e8 

  0x000002292865c7d0: ; ImmutableOopMap {rbp=NarrowOop [48]=Oop [60]=NarrowOop [64]=Oop [80]=NarrowOop }
                      ;*ifnonnull {reexecute=1 rethrow=0 return_oop=0}
                      ; - (reexecute) com.jidesoft.grid.TableModelWrapperUtils::getActualColumnAt@6
                      ; - ui.views.v.e::fA@28 (line 99)
                      ; - ui.views.v.e::getCellRenderer@73 (line 76)
  0x000002292865c7d0: 2c7e cbfe 

  0x000002292865c7d4: ;   {other}
  0x000002292865c7d4: 0f1f 8400 | c437 003f | ba45 ffff | ff8b 5c24 | 3889 5c24 | 2044 8944 | 2424 4c89 | 4c24 2844 
  0x000002292865c7f4: 8b5c 2440 | 4489 5c24 | 3889 4c24 | 3c44 8954 | 2440 6690 

  0x000002292865c808: ;   {runtime_call UncommonTrapBlob}
  0x000002292865c808: c5f8 77e8 

  0x000002292865c80c: ; ImmutableOopMap {[40]=Oop [60]=NarrowOop [64]=NarrowOop [72]=Oop }
                      ;*ifnonnull {reexecute=1 rethrow=0 return_oop=0}
                      ; - (reexecute) com.jidesoft.grid.JideTable::convertRowIndexToModel@8
                      ; - ui.views.v.e::aiN@18 (line 109)
                      ; - ui.views.v.e::fA@34 (line 100)
                      ; - ui.views.v.e::getCellRenderer@73 (line 76)
  0x000002292865c80c: f07d cbfe 

  0x000002292865c810: ;   {other}
  0x000002292865c810: 0f1f 8400 | 0038 0040 | ba45 ffff | ff4c 8b54 | 2428 4c89 | 5424 2044 | 8b54 2438 | 4489 5424 
  0x000002292865c830: 2844 8b54 | 243c 4489 | 5424 2c44 | 8b5c 2440 | 4489 5c24 | 3844 8944 | 243c 8944 | 2444 6690 
  0x000002292865c850: ;   {runtime_call UncommonTrapBlob}
  0x000002292865c850: c5f8 77e8 

  0x000002292865c854: ; ImmutableOopMap {rbp=NarrowOop [32]=Oop [60]=NarrowOop [72]=Oop }
                      ;*ifnonnull {reexecute=1 rethrow=0 return_oop=0}
                      ; - (reexecute) com.jidesoft.grid.TreeTableModel::getRowAt@6
                      ; - ui.utils.k.j.ao::abq@2 (line 62)
                      ; - ui.views.v.e::aiN@40 (line 110)
                      ; - ui.views.v.e::fA@34 (line 100)
                      ; - ui.views.v.e::getCellRenderer@73 (line 76)
  0x000002292865c854: a87d cbfe 

  0x000002292865c858: ;   {other}
  0x000002292865c858: 0f1f 8400 | 4838 0041 | ba45 ffff | ff48 8b6c | 2428 8944 | 2434 6690 

  0x000002292865c870: ;   {runtime_call UncommonTrapBlob}
  0x000002292865c870: c5f8 77e8 

  0x000002292865c874: ; ImmutableOopMap {rbp=Oop [72]=Oop }
                      ;*iflt {reexecute=1 rethrow=0 return_oop=0}
                      ; - (reexecute) com.jidesoft.grid.TreeTableModel::getRowAt@9
                      ; - ui.utils.k.j.ao::abq@2 (line 62)
                      ; - ui.views.v.e::aiN@40 (line 110)
                      ; - ui.views.v.e::fA@34 (line 100)
                      ; - ui.views.v.e::getCellRenderer@73 (line 76)
  0x000002292865c874: 887d cbfe 

  0x000002292865c878: ;   {other}
  0x000002292865c878: 0f1f 8400 | 6838 0042 | ba45 ffff | ff4c 8b5c | 2428 4c89 | 5c24 2044 | 8b5c 2438 | 4489 5c24 
  0x000002292865c898: 2844 8b5c | 243c 4489 | 5c24 2c44 | 8b44 2440 | 4489 4424 | 3844 8954 | 243c 894c | 2440 6690 
  0x000002292865c8b8: ;   {runtime_call UncommonTrapBlob}
  0x000002292865c8b8: c5f8 77e8 

  0x000002292865c8bc: ; ImmutableOopMap {rbp=NarrowOop [32]=Oop [64]=NarrowOop [72]=Oop }
                      ;*ifnonnull {reexecute=1 rethrow=0 return_oop=0}
                      ; - (reexecute) com.jidesoft.grid.TreeTableModel::getRows@9
                      ; - com.jidesoft.grid.TreeTableModel::getRowAt@39
                      ; - ui.utils.k.j.ao::abq@2 (line 62)
                      ; - ui.views.v.e::aiN@40 (line 110)
                      ; - ui.views.v.e::fA@34 (line 100)
                      ; - ui.views.v.e::getCellRenderer@73 (line 76)
  0x000002292865c8bc: 407d cbfe 

  0x000002292865c8c0: ;   {other}
  0x000002292865c8c0: 0f1f 8400 | b038 0043 

  0x000002292865c8c8: ;   {section_word}
  0x000002292865c8c8: c5f9 2e05 | 50cd ffff | bdff ffff | ff0f 8a0e | 0000 000f | 8208 0000 | 0040 0f95 | c540 0fb6 
  0x000002292865c8e8: edba 45ff | ffff 4889 | 5c24 4089 | 7c24 3c44 | 8944 2448 | 4489 5424 | 4c44 895c | 2450 6690 
  0x000002292865c908: ;   {runtime_call UncommonTrapBlob}
  0x000002292865c908: c5f8 77e8 

  0x000002292865c90c: ; ImmutableOopMap {[32]=Oop [60]=NarrowOop [64]=Oop [72]=NarrowOop [76]=NarrowOop [80]=NarrowOop }
                      ;*ifeq {reexecute=1 rethrow=0 return_oop=0}
                      ; - (reexecute) com.jidesoft.utils.SystemInfo$JavaVersion::compareVersion@12
                      ; - com.jidesoft.utils.SystemInfo::isJdk6Above@11
                      ; - com.jidesoft.grid.JideTable::convertRowIndexToModel@4
                      ; - ui.views.v.e::aiN@18 (line 109)
                      ; - ui.views.v.e::getCellRenderer@14 (line 72)
  0x000002292865c90c: f07c cbfe 

  0x000002292865c910: ;   {other}
  0x000002292865c910: 0f1f 8400 | 0039 0044 | c5f9 2ec8 | bdff ffff | ff0f 8a0e | 0000 000f | 8208 0000 | 0040 0f95 
  0x000002292865c930: c540 0fb6 | edf7 ddba | 45ff ffff | 4889 5c24 | 4089 7c24 | 3c44 8944 | 2448 4489 | 5424 4c90 
  0x000002292865c950: ;   {runtime_call UncommonTrapBlob}
  0x000002292865c950: c5f8 77e8 

  0x000002292865c954: ; ImmutableOopMap {[32]=Oop [60]=NarrowOop [64]=Oop [72]=NarrowOop [76]=NarrowOop }
                      ;*ifge {reexecute=1 rethrow=0 return_oop=0}
                      ; - (reexecute) com.jidesoft.utils.SystemInfo$JavaVersion::compareVersion@19
                      ; - com.jidesoft.utils.SystemInfo::isJdk6Above@11
                      ; - com.jidesoft.grid.JideTable::convertRowIndexToModel@4
                      ; - ui.views.v.e::aiN@18 (line 109)
                      ; - ui.views.v.e::getCellRenderer@14 (line 72)
  0x000002292865c954: a87c cbfe 

  0x000002292865c958: ;   {other}
  0x000002292865c958: 0f1f 8400 | 4839 0045 | ba45 ffff | ff4c 8974 | 2420 448b | 5424 3844 | 8954 2428 | 897c 2438 
  0x000002292865c978: ;   {runtime_call UncommonTrapBlob}
  0x000002292865c978: c5f8 77e8 

  0x000002292865c97c: ; ImmutableOopMap {[32]=Oop [72]=Oop }
                      ;*if_icmplt {reexecute=1 rethrow=0 return_oop=0}
                      ; - (reexecute) com.jidesoft.grid.TreeTableModel::getRowAt@29
                      ; - ui.utils.k.j.ao::abq@2 (line 62)
                      ; - ui.views.v.e::aiN@40 (line 110)
                      ; - ui.views.v.e::getCellRenderer@14 (line 72)
  0x000002292865c97c: 807c cbfe 

  0x000002292865c980: ;   {other}
  0x000002292865c980: 0f1f 8400 | 7039 0046 | ba45 ffff | ff4c 8974 | 2420 448b | 5c24 3844 | 895c 2428 | 897c 243c 
  0x000002292865c9a0: 4c89 4424 | 4066 6690 

  0x000002292865c9a8: ;   {runtime_call UncommonTrapBlob}
  0x000002292865c9a8: c5f8 77e8 

  0x000002292865c9ac: ; ImmutableOopMap {[32]=Oop [64]=Oop [72]=Oop }
                      ;*if_icmplt {reexecute=1 rethrow=0 return_oop=0}
                      ; - (reexecute) java.util.Vector::get@5 (line 749)
                      ; - com.jidesoft.grid.TreeTableModel::getRowAt@43
                      ; - ui.utils.k.j.ao::abq@2 (line 62)
                      ; - ui.views.v.e::aiN@40 (line 110)
                      ; - ui.views.v.e::getCellRenderer@14 (line 72)
  0x000002292865c9ac: 507c cbfe 

  0x000002292865c9b0: ;   {other}
  0x000002292865c9b0: 0f1f 8400 | a039 0047 | 4533 d249 | 3bc2 bdff | ffff ff7c | 0840 0f95 | c540 0fb6 | edba 45ff 
  0x000002292865c9d0: ffff 448b | 5424 3844 | 8954 2428 

  0x000002292865c9dc: ;   {runtime_call UncommonTrapBlob}
  0x000002292865c9dc: c5f8 77e8 

  0x000002292865c9e0: ; ImmutableOopMap {[32]=Oop [64]=Oop [72]=Oop }
                      ;*ifeq {reexecute=1 rethrow=0 return_oop=0}
                      ; - (reexecute) ui.views.v.i::dPB@7 (line 121)
                      ; - ui.views.v.e::getCellRenderer@26 (line 73)
  0x000002292865c9e0: 1c7c cbfe 

  0x000002292865c9e4: ;   {other}
  0x000002292865c9e4: 0f1f 8400 | d439 0048 | ba45 ffff | ff66 6690 

  0x000002292865c9f4: ;   {runtime_call UncommonTrapBlob}
  0x000002292865c9f4: c5f8 77e8 

  0x000002292865c9f8: ; ImmutableOopMap {rbp=NarrowOop [32]=Oop [72]=Oop }
                      ;*ifnull {reexecute=1 rethrow=0 return_oop=0}
                      ; - (reexecute) ui.views.v.i::cjJ@4 (line 128)
                      ; - ui.views.v.e::getCellRenderer@34 (line 73)
  0x000002292865c9f8: 047c cbfe 

  0x000002292865c9fc: ;   {other}
  0x000002292865c9fc: 0f1f 8400 | ec39 0049 | ba45 ffff | ff44 8b5c | 2438 4c89 | 4c24 2844 | 895c 2430 | 4489 4424 
  0x000002292865ca1c: 3444 8944 | 2438 4489 | 6c24 3c90 

  0x000002292865ca28: ;   {runtime_call UncommonTrapBlob}
  0x000002292865ca28: c5f8 77e8 

  0x000002292865ca2c: ; ImmutableOopMap {[40]=Oop [60]=NarrowOop [72]=Oop }
                      ;*ifge {reexecute=1 rethrow=0 return_oop=0}
                      ; - (reexecute) sun.swing.SwingUtilities2::convertColumnIndexToModel@1 (line 2153)
                      ; - javax.swing.JTable::convertColumnIndexToModel@5 (line 2632)
                      ; - ui.views.v.e::fA@18 (line 99)
                      ; - ui.views.v.e::getCellRenderer@73 (line 76)
  0x000002292865ca2c: d07b cbfe 

  0x000002292865ca30: ;   {other}
  0x000002292865ca30: 0f1f 8400 | 203a 004a | ba45 ffff | ff4c 894c | 2430 4489 | 4424 3c44 | 8944 2440 | 4489 6c24 
  0x000002292865ca50: 4444 8954 | 2454 6690 

  0x000002292865ca58: ;   {runtime_call UncommonTrapBlob}
  0x000002292865ca58: c5f8 77e8 

  0x000002292865ca5c: ; ImmutableOopMap {[48]=Oop [68]=NarrowOop [72]=Oop [84]=NarrowOop }
                      ;*if_icmplt {reexecute=1 rethrow=0 return_oop=0}
                      ; - (reexecute) java.util.Vector::elementAt@5 (line 465)
                      ; - javax.swing.table.DefaultTableColumnModel::getColumn@5 (line 298)
                      ; - sun.swing.SwingUtilities2::convertColumnIndexToModel@8 (line 2156)
                      ; - javax.swing.JTable::convertColumnIndexToModel@5 (line 2632)
                      ; - ui.views.v.e::fA@18 (line 99)
                      ; - ui.views.v.e::getCellRenderer@73 (line 76)
  0x000002292865ca5c: a07b cbfe 

  0x000002292865ca60: ;   {other}
  0x000002292865ca60: 0f1f 8400 | 503a 004b 

  0x000002292865ca68: ;   {section_word}
  0x000002292865ca68: c5f9 2e05 | b0cb ffff | bdff ffff | ff0f 8a0e | 0000 000f | 8208 0000 | 0040 0f95 | c540 0fb6 
  0x000002292865ca88: edba 45ff | ffff 4489 | 4424 2c4c | 894c 2430 | 448b 4424 | 4044 8944 | 243c 894c | 2440 4489 
  0x000002292865caa8: 5c24 4444 | 8954 2450 | 897c 2454 

  0x000002292865cab4: ;   {runtime_call UncommonTrapBlob}
  0x000002292865cab4: c5f8 77e8 

  0x000002292865cab8: ; ImmutableOopMap {[48]=Oop [64]=NarrowOop [68]=NarrowOop [72]=Oop [80]=NarrowOop [84]=NarrowOop }
                      ;*ifeq {reexecute=1 rethrow=0 return_oop=0}
                      ; - (reexecute) com.jidesoft.utils.SystemInfo$JavaVersion::compareVersion@12
                      ; - com.jidesoft.utils.SystemInfo::isJdk6Above@11
                      ; - com.jidesoft.grid.JideTable::convertRowIndexToModel@4
                      ; - ui.views.v.e::aiN@18 (line 109)
                      ; - ui.views.v.e::fA@34 (line 100)
                      ; - ui.views.v.e::getCellRenderer@73 (line 76)
  0x000002292865cab8: 447b cbfe 

  0x000002292865cabc: ;   {other}
  0x000002292865cabc: 0f1f 8400 | ac3a 004c | c5f9 2ec8 | bdff ffff | ff0f 8a0e | 0000 000f | 8208 0000 | 0040 0f95 
  0x000002292865cadc: c540 0fb6 | edf7 ddba | 45ff ffff | 4489 4424 | 2c4c 894c | 2430 448b | 4c24 4044 | 894c 243c 
  0x000002292865cafc: 894c 2440 | 4489 5c24 | 4444 8954 | 2450 6690 

  0x000002292865cb0c: ;   {runtime_call UncommonTrapBlob}
  0x000002292865cb0c: c5f8 77e8 

  0x000002292865cb10: ; ImmutableOopMap {[48]=Oop [64]=NarrowOop [68]=NarrowOop [72]=Oop [80]=NarrowOop }
                      ;*ifge {reexecute=1 rethrow=0 return_oop=0}
                      ; - (reexecute) com.jidesoft.utils.SystemInfo$JavaVersion::compareVersion@19
                      ; - com.jidesoft.utils.SystemInfo::isJdk6Above@11
                      ; - com.jidesoft.grid.JideTable::convertRowIndexToModel@4
                      ; - ui.views.v.e::aiN@18 (line 109)
                      ; - ui.views.v.e::fA@34 (line 100)
                      ; - ui.views.v.e::getCellRenderer@73 (line 76)
  0x000002292865cb10: ec7a cbfe 

  0x000002292865cb14: ;   {other}
  0x000002292865cb14: 0f1f 8400 | 043b 004d | ba45 ffff | ff4c 8b5c | 2428 4c89 | 5c24 2044 | 8b5c 2438 | 4489 5c24 
  0x000002292865cb34: 2844 8b44 | 243c 4489 | 4424 2c44 | 8954 243c 

  0x000002292865cb44: ;   {runtime_call UncommonTrapBlob}
  0x000002292865cb44: c5f8 77e8 

  0x000002292865cb48: ; ImmutableOopMap {[32]=Oop [72]=Oop }
                      ;*if_icmplt {reexecute=1 rethrow=0 return_oop=0}
                      ; - (reexecute) com.jidesoft.grid.TreeTableModel::getRowAt@29
                      ; - ui.utils.k.j.ao::abq@2 (line 62)
                      ; - ui.views.v.e::aiN@40 (line 110)
                      ; - ui.views.v.e::fA@34 (line 100)
                      ; - ui.views.v.e::getCellRenderer@73 (line 76)
  0x000002292865cb48: b47a cbfe 

  0x000002292865cb4c: ;   {other}
  0x000002292865cb4c: 0f1f 8400 | 3c3b 004e | ba45 ffff | ff4c 8b5c | 2428 4c89 | 5c24 2044 | 8b4c 2438 | 4489 4c24 
  0x000002292865cb6c: 2844 8b4c | 243c 4489 | 4c24 2c4c | 8b5c 2448 | 4c89 5c24 | 3044 8b5c | 2440 4489 | 5c24 3844 
  0x000002292865cb8c: 8954 2440 | 4c89 4424 | 4866 6690 

  0x000002292865cb98: ;   {runtime_call UncommonTrapBlob}
  0x000002292865cb98: c5f8 77e8 

  0x000002292865cb9c: ; ImmutableOopMap {[32]=Oop [48]=Oop [72]=Oop }
                      ;*if_icmplt {reexecute=1 rethrow=0 return_oop=0}
                      ; - (reexecute) java.util.Vector::get@5 (line 749)
                      ; - com.jidesoft.grid.TreeTableModel::getRowAt@43
                      ; - ui.utils.k.j.ao::abq@2 (line 62)
                      ; - ui.views.v.e::aiN@40 (line 110)
                      ; - ui.views.v.e::fA@34 (line 100)
                      ; - ui.views.v.e::getCellRenderer@73 (line 76)
  0x000002292865cb9c: 607a cbfe 

  0x000002292865cba0: ;   {other}
  0x000002292865cba0: 0f1f 8400 | 903b 004f | ba45 ffff | ff4c 8b54 | 2428 4c89 | 5424 2044 | 895c 242c 

  0x000002292865cbbc: ;   {runtime_call UncommonTrapBlob}
  0x000002292865cbbc: c5f8 77e8 

  0x000002292865cbc0: ; ImmutableOopMap {rbp=NarrowOop [32]=Oop [72]=Oop }
                      ;*ifnonnull {reexecute=1 rethrow=0 return_oop=0}
                      ; - (reexecute) com.jidesoft.grid.TreeTable::getExpandableColumnViewIndex@9
                      ; - ui.views.v.e::getCellRenderer@98 (line 80)
  0x000002292865cbc0: 3c7a cbfe 

  0x000002292865cbc4: ;   {other}
  0x000002292865cbc4: 0f1f 8400 | b43b 0050 | ba45 ffff | ff44 895c | 2424 6690 

  0x000002292865cbd8: ;   {runtime_call UncommonTrapBlob}
  0x000002292865cbd8: c5f8 77e8 

  0x000002292865cbdc: ; ImmutableOopMap {[40]=Oop [72]=Oop }
                      ;*ifne {reexecute=1 rethrow=0 return_oop=0}
                      ; - (reexecute) com.jidesoft.grid.TreeTable::getExpandableColumnViewIndex@12
                      ; - ui.views.v.e::getCellRenderer@98 (line 80)
  0x000002292865cbdc: 207a cbfe 

  0x000002292865cbe0: ;   {other}
  0x000002292865cbe0: 0f1f 8400 | d03b 0051 | ba45 ffff | ff48 8b6c | 2420 448b | 5c24 2c44 | 895c 2424 | 8944 2430 
  0x000002292865cc00: ;   {runtime_call UncommonTrapBlob}
  0x000002292865cc00: c5f8 77e8 

  0x000002292865cc04: ; ImmutableOopMap {rbp=Oop [72]=Oop }
                      ;*ifne {reexecute=1 rethrow=0 return_oop=0}
                      ; - (reexecute) ui.views.v.e::getCellRenderer@29 (line 73)
  0x000002292865cc04: f879 cbfe 

  0x000002292865cc08: ;   {other}
  0x000002292865cc08: 0f1f 8400 | f83b 0052 | ba45 ffff | ff44 8944 | 242c 4c89 | 4c24 304c | 8b44 2448 | 4c89 4424 
  0x000002292865cc28: 4044 895c | 243c 4489 | 5424 4890 

  0x000002292865cc34: ;   {runtime_call UncommonTrapBlob}
  0x000002292865cc34: c5f8 77e8 

  0x000002292865cc38: ; ImmutableOopMap {rbp=NarrowOop [48]=Oop [64]=Oop [72]=NarrowOop }
                      ;*ifeq {reexecute=1 rethrow=0 return_oop=0}
                      ; - (reexecute) com.jidesoft.grid.TableModelWrapperUtils::getActualColumnAt@23
                      ; - com.jidesoft.grid.TableModelWrapperUtils::getActualColumnAt@78
                      ; - ui.views.v.e::fA@28 (line 99)
                      ; - ui.views.v.e::getCellRenderer@73 (line 76)
  0x000002292865cc38: c479 cbfe 

  0x000002292865cc3c: ;   {other}
  0x000002292865cc3c: 0f1f 8400 | 2c3c 0053 | baf6 ffff | ff66 6690 

  0x000002292865cc4c: ;   {runtime_call UncommonTrapBlob}
  0x000002292865cc4c: c5f8 77e8 

  0x000002292865cc50: ; ImmutableOopMap {}
                      ;*getfield fIS {reexecute=1 rethrow=0 return_oop=0}
                      ; - (reexecute) ui.views.v.d::h@1 (line 38)
                      ; - ui.views.v.e::aiN@4 (line 109)
                      ; - ui.views.v.e::fA@34 (line 100)
                      ; - ui.views.v.e::getCellRenderer@73 (line 76)
  0x000002292865cc50: ac79 cbfe 

  0x000002292865cc54: ;   {other}
  0x000002292865cc54: 0f1f 8400 | 443c 0054 | bac6 ffff | ff44 8944 | 242c 4c89 | 4c24 304c | 8b44 2448 | 4c89 4424 
  0x000002292865cc74: 4044 895c | 243c 4489 | 5424 4890 

  0x000002292865cc80: ;   {runtime_call UncommonTrapBlob}
  0x000002292865cc80: c5f8 77e8 

  0x000002292865cc84: ; ImmutableOopMap {rbp=Oop [48]=Oop [64]=Oop [72]=NarrowOop }
                      ;*invokeinterface getActualModel {reexecute=0 rethrow=0 return_oop=0}
                      ; - com.jidesoft.grid.TableModelWrapperUtils::getActualColumnAt@69
                      ; - ui.views.v.e::fA@28 (line 99)
                      ; - ui.views.v.e::getCellRenderer@73 (line 76)
  0x000002292865cc84: 7879 cbfe 

  0x000002292865cc88: ;   {other}
  0x000002292865cc88: 0f1f 8400 | 783c 0055 | baf6 ffff | ff48 8b6c | 2448 6690 

  0x000002292865cc9c: ;   {runtime_call UncommonTrapBlob}
  0x000002292865cc9c: c5f8 77e8 

  0x000002292865cca0: ; ImmutableOopMap {rbp=Oop [56]=Oop }
                      ;*monitorenter {reexecute=0 rethrow=0 return_oop=0}
                      ; - java.awt.Component::setName@6 (line 1053)
                      ; - javax.swing.table.DefaultTableCellRenderer::<init>@20 (line 117)
                      ; - com.jidesoft.grid.TreeTableCellRenderer::<init>@1
                      ; - ui.utils.k.j.ad$b::<init>@1 (line 1433)
                      ; - ui.utils.k.j.ad::createCellRenderer@4 (line 349)
                      ; - ui.views.v.e::getCellRenderer@105 (line 81)
  0x000002292865cca0: 5c79 cbfe 

  0x000002292865cca4: ;   {other}
  0x000002292865cca4: 0f1f 8400 | 943c 0056 | 8974 2420 

  0x000002292865ccb0: ;   {oop(a 'java/lang/Class'{0x00000006804b0168} = 'sun/swing/DefaultLookup')}
  0x000002292865ccb0: 48ba 6801 | 4b80 0600 | 0000 4c8d | 8424 9000 | 0000 6690 

  0x000002292865ccc4: ;   {runtime_call _complete_monitor_locking_Java}
  0x000002292865ccc4: c5f8 77e8 

  0x000002292865ccc8: ; ImmutableOopMap {[32]=NarrowOop [48]=Oop [56]=Oop [72]=Oop }
                      ;*monitorenter {reexecute=0 rethrow=0 return_oop=0}
                      ; - sun.swing.DefaultLookup::get@5 (line 94)
                      ; - sun.swing.DefaultLookup::getBorder@3 (line 202)
                      ; - sun.swing.DefaultLookup::getBorder@4 (line 210)
                      ; - javax.swing.table.DefaultTableCellRenderer::getNoFocusBorder@7 (line 122)
                      ; - javax.swing.table.DefaultTableCellRenderer::<init>@11 (line 116)
                      ; - com.jidesoft.grid.TreeTableCellRenderer::<init>@1
                      ; - ui.utils.k.j.ad$b::<init>@1 (line 1433)
                      ; - ui.utils.k.j.ad::createCellRenderer@4 (line 349)
                      ; - ui.views.v.e::getCellRenderer@105 (line 81)
  0x000002292865ccc8: 34e2 f2fe 

  0x000002292865cccc: ;   {other}
  0x000002292865cccc: 0f1f 8400 | bc3c 0057 | 8b74 2420 | e9d6 dbff 

  0x000002292865ccdc: ;   {oop(a 'java/lang/Class'{0x00000006804b0168} = 'sun/swing/DefaultLookup')}
  0x000002292865ccdc: ff48 b968 | 014b 8006 | 0000 0048 | 8d94 2490 | 0000 004d | 8bc7 c5f8 | 7749 ba70 | 2fcb 87fc 
  0x000002292865ccfc: 7f00 0041 

  0x000002292865cd00: ;   {other}
  0x000002292865cd00: ffd2 0f1f | 8400 0000 | 0000 e958 | dcff ff89 

  0x000002292865cd10: ;   {oop(a 'java/lang/Class'{0x00000006804b0168} = 'sun/swing/DefaultLookup')}
  0x000002292865cd10: 7424 2048 | ba68 014b | 8006 0000 | 004c 8d84 | 2490 0000 | 0066 6690 

  0x000002292865cd28: ;   {runtime_call _complete_monitor_locking_Java}
  0x000002292865cd28: c5f8 77e8 

  0x000002292865cd2c: ; ImmutableOopMap {[32]=NarrowOop [48]=Oop [56]=Oop [72]=Oop }
                      ;*monitorenter {reexecute=0 rethrow=0 return_oop=0}
                      ; - sun.swing.DefaultLookup::get@47 (line 103)
                      ; - sun.swing.DefaultLookup::getBorder@3 (line 202)
                      ; - sun.swing.DefaultLookup::getBorder@4 (line 210)
                      ; - javax.swing.table.DefaultTableCellRenderer::getNoFocusBorder@7 (line 122)
                      ; - javax.swing.table.DefaultTableCellRenderer::<init>@11 (line 116)
                      ; - com.jidesoft.grid.TreeTableCellRenderer::<init>@1
                      ; - ui.utils.k.j.ad$b::<init>@1 (line 1433)
                      ; - ui.utils.k.j.ad::createCellRenderer@4 (line 349)
                      ; - ui.views.v.e::getCellRenderer@105 (line 81)
  0x000002292865cd2c: d0e1 f2fe 

  0x000002292865cd30: ;   {other}
  0x000002292865cd30: 0f1f 8400 | 203d 0058 | 8b74 2420 | e9a3 dcff 

  0x000002292865cd40: ;   {oop(a 'java/lang/Class'{0x00000006804b0168} = 'sun/swing/DefaultLookup')}
  0x000002292865cd40: ff48 b968 | 014b 8006 | 0000 0048 | 8d94 2490 | 0000 004d | 8bc7 c5f8 | 7749 ba70 | 2fcb 87fc 
  0x000002292865cd60: 7f00 0041 

  0x000002292865cd64: ;   {other}
  0x000002292865cd64: ffd2 0f1f | 8400 0000 | 0000 e947 | ddff ffba | deff ffff | 4c8b 5424 | 484c 8954 | 2420 8974 
  0x000002292865cd84: 2450 6690 

  0x000002292865cd88: ;   {runtime_call UncommonTrapBlob}
  0x000002292865cd88: c5f8 77e8 

  0x000002292865cd8c: ; ImmutableOopMap {rbp=NarrowOop [32]=Oop [56]=Oop [80]=NarrowOop }
                      ;*invokevirtual getDefault {reexecute=0 rethrow=0 return_oop=0}
                      ; - sun.swing.DefaultLookup::get@133 (line 125)
                      ; - sun.swing.DefaultLookup::getBorder@3 (line 202)
                      ; - sun.swing.DefaultLookup::getBorder@4 (line 210)
                      ; - javax.swing.table.DefaultTableCellRenderer::getNoFocusBorder@7 (line 122)
                      ; - javax.swing.table.DefaultTableCellRenderer::<init>@11 (line 116)
                      ; - com.jidesoft.grid.TreeTableCellRenderer::<init>@1
                      ; - ui.utils.k.j.ad$b::<init>@1 (line 1433)
                      ; - ui.utils.k.j.ad::createCellRenderer@4 (line 349)
                      ; - ui.views.v.e::getCellRenderer@105 (line 81)
  0x000002292865cd8c: 7078 cbfe 

  0x000002292865cd90: ;   {other}
  0x000002292865cd90: 0f1f 8400 | 803d 0059 | 488b cd48 | 8d94 2490 | 0000 004d | 8bc7 c5f8 | 7749 ba70 | 2fcb 87fc 
  0x000002292865cdb0: 7f00 0041 

  0x000002292865cdb4: ;   {other}
  0x000002292865cdb4: ffd2 0f1f | 8400 0000 | 0000 e952 | dfff ff48 | 8bd5 4c8d | 8424 9000 | 0000 6690 

  0x000002292865cdd0: ;   {runtime_call _complete_monitor_locking_Java}
  0x000002292865cdd0: c5f8 77e8 

  0x000002292865cdd4: ; ImmutableOopMap {rbp=Oop [56]=Oop [72]=Oop }
                      ;*monitorenter {reexecute=0 rethrow=0 return_oop=0}
                      ; - java.awt.Component::setName@6 (line 1053)
                      ; - javax.swing.table.DefaultTableCellRenderer::<init>@20 (line 117)
                      ; - com.jidesoft.grid.TreeTableCellRenderer::<init>@1
                      ; - ui.utils.k.j.ad$b::<init>@1 (line 1433)
                      ; - ui.utils.k.j.ad::createCellRenderer@4 (line 349)
                      ; - ui.views.v.e::getCellRenderer@105 (line 81)
  0x000002292865cdd4: 28e1 f2fe 

  0x000002292865cdd8: ;   {other}
  0x000002292865cdd8: 0f1f 8400 | c83d 005a | e941 deff | ffba c6ff | ffff 4489 | 4424 2c4c | 894c 2430 | 4c8b 4424 
  0x000002292865cdf8: 484c 8944 | 2440 4489 | 5c24 3c44 | 8954 2448 

  0x000002292865ce08: ;   {runtime_call UncommonTrapBlob}
  0x000002292865ce08: c5f8 77e8 

  0x000002292865ce0c: ; ImmutableOopMap {rbp=Oop [48]=Oop [64]=Oop [72]=NarrowOop }
                      ;*invokeinterface getActualModel {reexecute=0 rethrow=0 return_oop=0}
                      ; - com.jidesoft.grid.TableModelWrapperUtils::getActualColumnAt@69
                      ; - com.jidesoft.grid.TableModelWrapperUtils::getActualColumnAt@78
                      ; - ui.views.v.e::fA@28 (line 99)
                      ; - ui.views.v.e::getCellRenderer@73 (line 76)
  0x000002292865ce0c: f077 cbfe 

  0x000002292865ce10: ;   {other}
  0x000002292865ce10: 0f1f 8400 | 003e 005b | 498b d7c5 | f877 49ba | 6012 8a87 | fc7f 0000 

  0x000002292865ce28: ;   {other}
  0x000002292865ce28: 41ff d20f | 1f84 0000 | 0000 00e9 | 32d6 ffff | 498b d7c5 | f877 49ba | 6012 8a87 | fc7f 0000 
  0x000002292865ce48: ;   {other}
  0x000002292865ce48: 41ff d20f | 1f84 0000 | 0000 00e9 | 1dd6 ffff | 498b d7c5 | f877 49ba | 6012 8a87 | fc7f 0000 
  0x000002292865ce68: ;   {other}
  0x000002292865ce68: 41ff d20f | 1f84 0000 | 0000 00e9 | 08d6 ffff | 498b d7c5 | f877 49ba | 6012 8a87 | fc7f 0000 
  0x000002292865ce88: ;   {other}
  0x000002292865ce88: 41ff d20f | 1f84 0000 | 0000 00e9 | 76d5 ffff | 498b d7c5 | f877 49ba | 6012 8a87 | fc7f 0000 
  0x000002292865cea8: ;   {other}
  0x000002292865cea8: 41ff d20f | 1f84 0000 | 0000 00e9 | 29d6 ffff | 498b d7c5 | f877 49ba | 6012 8a87 | fc7f 0000 
  0x000002292865cec8: ;   {other}
  0x000002292865cec8: 41ff d20f | 1f84 0000 | 0000 00e9 | 79d7 ffff | ba45 ffff | ff4c 8b54 | 2448 4c89 | 5424 2090 
  0x000002292865cee8: ;   {runtime_call UncommonTrapBlob}
  0x000002292865cee8: c5f8 77e8 

  0x000002292865ceec: ; ImmutableOopMap {[32]=Oop [56]=Oop }
                      ;*ifne {reexecute=1 rethrow=0 return_oop=0}
                      ; - (reexecute) javax.swing.JLabel::setUI@9 (line 276)
                      ; - javax.swing.JLabel::updateUI@8 (line 288)
                      ; - javax.swing.table.DefaultTableCellRenderer::updateUI@1 (line 165)
                      ; - javax.swing.JLabel::<init>@83 (line 180)
                      ; - javax.swing.JLabel::<init>@6 (line 251)
                      ; - javax.swing.table.DefaultTableCellRenderer::<init>@1 (line 114)
                      ; - com.jidesoft.grid.TreeTableCellRenderer::<init>@1
                      ; - ui.utils.k.j.ad$b::<init>@1 (line 1433)
                      ; - ui.utils.k.j.ad::createCellRenderer@4 (line 349)
                      ; - ui.views.v.e::getCellRenderer@105 (line 81)
  0x000002292865ceec: 1077 cbfe 

  0x000002292865cef0: ;   {other}
  0x000002292865cef0: 0f1f 8400 | e03e 005c | ba45 ffff | ff4c 895c | 2428 4c8b | 5424 484c | 8954 2430 | 8974 2460 
  0x000002292865cf10: ;   {runtime_call UncommonTrapBlob}
  0x000002292865cf10: c5f8 77e8 

  0x000002292865cf14: ; ImmutableOopMap {rbp=NarrowOop [40]=Oop [48]=Oop [56]=Oop [96]=NarrowOop }
                      ;*if_acmpne {reexecute=1 rethrow=0 return_oop=0}
                      ; - (reexecute) sun.swing.DefaultLookup::get@53 (line 106)
                      ; - sun.swing.DefaultLookup::getBorder@3 (line 202)
                      ; - sun.swing.DefaultLookup::getBorder@4 (line 210)
                      ; - javax.swing.table.DefaultTableCellRenderer::getNoFocusBorder@7 (line 122)
                      ; - javax.swing.table.DefaultTableCellRenderer::<init>@11 (line 116)
                      ; - com.jidesoft.grid.TreeTableCellRenderer::<init>@1
                      ; - ui.utils.k.j.ad$b::<init>@1 (line 1433)
                      ; - ui.utils.k.j.ad::createCellRenderer@4 (line 349)
                      ; - ui.views.v.e::getCellRenderer@105 (line 81)
  0x000002292865cf14: e876 cbfe 

  0x000002292865cf18: ;   {other}
  0x000002292865cf18: 0f1f 8400 | 083f 005d | 498b d7c5 | f877 49ba | 6012 8a87 | fc7f 0000 

  0x000002292865cf30: ;   {other}
  0x000002292865cf30: 41ff d20f | 1f84 0000 | 0000 00e9 | f0d7 ffff | ba45 ffff | ff66 6690 

  0x000002292865cf48: ;   {runtime_call UncommonTrapBlob}
  0x000002292865cf48: c5f8 77e8 

  0x000002292865cf4c: ; ImmutableOopMap {rbp=NarrowOop [56]=Oop [72]=Oop }
                      ;*if_acmpne {reexecute=1 rethrow=0 return_oop=0}
                      ; - (reexecute) javax.swing.table.DefaultTableCellRenderer::getNoFocusBorder@43 (line 127)
                      ; - javax.swing.table.DefaultTableCellRenderer::<init>@11 (line 116)
                      ; - com.jidesoft.grid.TreeTableCellRenderer::<init>@1
                      ; - ui.utils.k.j.ad$b::<init>@1 (line 1433)
                      ; - ui.utils.k.j.ad::createCellRenderer@4 (line 349)
                      ; - ui.views.v.e::getCellRenderer@105 (line 81)
  0x000002292865cf4c: b076 cbfe 

  0x000002292865cf50: ;   {other}
  0x000002292865cf50: 0f1f 8400 | 403f 005e | 498b d7c5 | f877 49ba | 6012 8a87 | fc7f 0000 

  0x000002292865cf68: ;   {other}
  0x000002292865cf68: 41ff d20f | 1f84 0000 | 0000 00e9 | 3fd8 ffff | 498b d7c5 | f877 49ba | 6012 8a87 | fc7f 0000 
  0x000002292865cf88: ;   {other}
  0x000002292865cf88: 41ff d20f | 1f84 0000 | 0000 00e9 | 4fd8 ffff | 498b d7c5 | f877 49ba | 6012 8a87 | fc7f 0000 
  0x000002292865cfa8: ;   {other}
  0x000002292865cfa8: 41ff d20f | 1f84 0000 | 0000 00e9 | 4bd8 ffff | 498b d7c5 | f877 49ba | 6012 8a87 | fc7f 0000 
  0x000002292865cfc8: ;   {other}
  0x000002292865cfc8: 41ff d20f | 1f84 0000 | 0000 00e9 | 61db ffff | 498b d7c5 | f877 49ba | 6012 8a87 | fc7f 0000 
  0x000002292865cfe8: ;   {other}
  0x000002292865cfe8: 41ff d20f | 1f84 0000 | 0000 00e9 | 28dd ffff | 498b d7c5 | f877 49ba | 6012 8a87 | fc7f 0000 
  0x000002292865d008: ;   {other}
  0x000002292865d008: 41ff d20f | 1f84 0000 | 0000 00e9 | 19dc ffff | 498b d7c5 | f877 49ba | 6012 8a87 | fc7f 0000 
  0x000002292865d028: ;   {other}
  0x000002292865d028: 41ff d20f | 1f84 0000 | 0000 00e9 | 3fdd ffff | ba45 ffff | ff4c 8b54 | 2448 4c89 | 5424 2048 
  0x000002292865d048: 8974 2430 | 4889 7424 | 3866 6690 

  0x000002292865d054: ;   {runtime_call UncommonTrapBlob}
  0x000002292865d054: c5f8 77e8 

  0x000002292865d058: ; ImmutableOopMap {rbp=NarrowOop [32]=Oop [48]=Oop [56]=Oop }
                      ;*ifnull {reexecute=1 rethrow=0 return_oop=0}
                      ; - (reexecute) javax.swing.JLabel::setText@6 (line 335)
                      ; - javax.swing.JLabel::<init>@69 (line 177)
                      ; - javax.swing.JLabel::<init>@6 (line 251)
                      ; - javax.swing.table.DefaultTableCellRenderer::<init>@1 (line 114)
                      ; - com.jidesoft.grid.TreeTableCellRenderer::<init>@1
                      ; - ui.utils.k.j.ad$b::<init>@1 (line 1433)
                      ; - ui.utils.k.j.ad::createCellRenderer@4 (line 349)
                      ; - ui.views.v.e::getCellRenderer@105 (line 81)
  0x000002292865d058: a475 cbfe 

  0x000002292865d05c: ;   {other}
  0x000002292865d05c: 0f1f 8400 | 4c40 005f | ba45 ffff | ff4c 8b54 | 2448 4c89 | 5424 2890 

  0x000002292865d074: ;   {runtime_call UncommonTrapBlob}
  0x000002292865d074: c5f8 77e8 

  0x000002292865d078: ; ImmutableOopMap {rbp=NarrowOop [32]=NarrowOop [40]=Oop [56]=Oop }
                      ;*ifnull {reexecute=1 rethrow=0 return_oop=0}
                      ; - (reexecute) javax.swing.JLabel::setText@51 (line 347)
                      ; - javax.swing.JLabel::<init>@69 (line 177)
                      ; - javax.swing.JLabel::<init>@6 (line 251)
                      ; - javax.swing.table.DefaultTableCellRenderer::<init>@1 (line 114)
                      ; - com.jidesoft.grid.TreeTableCellRenderer::<init>@1
                      ; - ui.utils.k.j.ad$b::<init>@1 (line 1433)
                      ; - ui.utils.k.j.ad::createCellRenderer@4 (line 349)
                      ; - ui.views.v.e::getCellRenderer@105 (line 81)
  0x000002292865d078: 8475 cbfe 

  0x000002292865d07c: ;   {other}
  0x000002292865d07c: 0f1f 8400 | 6c40 0060 | ba45 ffff | ff48 8b6c | 2448 4489 | 5424 4c90 

  0x000002292865d094: ;   {runtime_call UncommonTrapBlob}
  0x000002292865d094: c5f8 77e8 

  0x000002292865d098: ; ImmutableOopMap {rbp=Oop [56]=Oop [76]=NarrowOop }
                      ;*ifnull {reexecute=1 rethrow=0 return_oop=0}
                      ; - (reexecute) javax.swing.JLabel::setText@87 (line 354)
                      ; - javax.swing.JLabel::<init>@69 (line 177)
                      ; - javax.swing.JLabel::<init>@6 (line 251)
                      ; - javax.swing.table.DefaultTableCellRenderer::<init>@1 (line 114)
                      ; - com.jidesoft.grid.TreeTableCellRenderer::<init>@1
                      ; - ui.utils.k.j.ad$b::<init>@1 (line 1433)
                      ; - ui.utils.k.j.ad::createCellRenderer@4 (line 349)
                      ; - ui.views.v.e::getCellRenderer@105 (line 81)
  0x000002292865d098: 6475 cbfe 

  0x000002292865d09c: ;   {other}
  0x000002292865d09c: 0f1f 8400 | 8c40 0061 | ba45 ffff | ff4c 8b54 | 2448 4c89 | 5424 2090 

  0x000002292865d0b4: ;   {runtime_call UncommonTrapBlob}
  0x000002292865d0b4: c5f8 77e8 

  0x000002292865d0b8: ; ImmutableOopMap {rbp=NarrowOop [32]=Oop [56]=Oop }
                      ;*ifnull {reexecute=1 rethrow=0 return_oop=0}
                      ; - (reexecute) javax.swing.JLabel::setUI@16 (line 276)
                      ; - javax.swing.JLabel::updateUI@8 (line 288)
                      ; - javax.swing.table.DefaultTableCellRenderer::updateUI@1 (line 165)
                      ; - javax.swing.JLabel::<init>@83 (line 180)
                      ; - javax.swing.JLabel::<init>@6 (line 251)
                      ; - javax.swing.table.DefaultTableCellRenderer::<init>@1 (line 114)
                      ; - com.jidesoft.grid.TreeTableCellRenderer::<init>@1
                      ; - ui.utils.k.j.ad$b::<init>@1 (line 1433)
                      ; - ui.utils.k.j.ad::createCellRenderer@4 (line 349)
                      ; - ui.views.v.e::getCellRenderer@105 (line 81)
  0x000002292865d0b8: 4475 cbfe 

  0x000002292865d0bc: ;   {other}
  0x000002292865d0bc: 0f1f 8400 | ac40 0062 | ba45 ffff | ff4c 8b54 | 2448 4c89 | 5424 2090 

  0x000002292865d0d4: ;   {runtime_call UncommonTrapBlob}
  0x000002292865d0d4: c5f8 77e8 

  0x000002292865d0d8: ; ImmutableOopMap {[32]=Oop [56]=Oop }
                      ;*ifne {reexecute=1 rethrow=0 return_oop=0}
                      ; - (reexecute) sun.swing.DefaultLookup::get@25 (line 97)
                      ; - sun.swing.DefaultLookup::getBorder@3 (line 202)
                      ; - sun.swing.DefaultLookup::getBorder@4 (line 210)
                      ; - javax.swing.table.DefaultTableCellRenderer::getNoFocusBorder@7 (line 122)
                      ; - javax.swing.table.DefaultTableCellRenderer::<init>@11 (line 116)
                      ; - com.jidesoft.grid.TreeTableCellRenderer::<init>@1
                      ; - ui.utils.k.j.ad$b::<init>@1 (line 1433)
                      ; - ui.utils.k.j.ad::createCellRenderer@4 (line 349)
                      ; - ui.views.v.e::getCellRenderer@105 (line 81)
  0x000002292865d0d8: 2475 cbfe 

  0x000002292865d0dc: ;   {other}
  0x000002292865d0dc: 0f1f 8400 | cc40 0063 | ba45 ffff | ff4c 8b54 | 2448 4c89 | 5424 2048 | 895c 2448 

  0x000002292865d0f8: ;   {runtime_call UncommonTrapBlob}
  0x000002292865d0f8: c5f8 77e8 

  0x000002292865d0fc: ; ImmutableOopMap {rbp=NarrowOop [32]=Oop [56]=Oop [72]=Oop }
                      ;*ifnull {reexecute=1 rethrow=0 return_oop=0}
                      ; - (reexecute) javax.swing.table.DefaultTableCellRenderer::getNoFocusBorder@34 (line 127)
                      ; - javax.swing.table.DefaultTableCellRenderer::<init>@11 (line 116)
                      ; - com.jidesoft.grid.TreeTableCellRenderer::<init>@1
                      ; - ui.utils.k.j.ad$b::<init>@1 (line 1433)
                      ; - ui.utils.k.j.ad::createCellRenderer@4 (line 349)
                      ; - ui.views.v.e::getCellRenderer@105 (line 81)
  0x000002292865d0fc: 0075 cbfe 

  0x000002292865d100: ;   {other}
  0x000002292865d100: 0f1f 8400 | f040 0064 | 498b d7c5 | f877 49ba | 6012 8a87 | fc7f 0000 

  0x000002292865d118: ;   {other}
  0x000002292865d118: 41ff d20f | 1f84 0000 | 0000 00e9 | 20de ffff | 498b d7c5 | f877 49ba | 6012 8a87 | fc7f 0000 
  0x000002292865d138: ;   {other}
  0x000002292865d138: 41ff d20f | 1f84 0000 | 0000 00e9 | 4bde ffff | 498b d7c5 | f877 49ba | 6012 8a87 | fc7f 0000 
  0x000002292865d158: ;   {other}
  0x000002292865d158: 41ff d20f | 1f84 0000 | 0000 00e9 | 65de ffff | 498b d7c5 | f877 49ba | 6012 8a87 | fc7f 0000 
  0x000002292865d178: ;   {other}
  0x000002292865d178: 41ff d20f | 1f84 0000 | 0000 00e9 | 35dd ffff | 498b d7c5 | f877 49ba | 6012 8a87 | fc7f 0000 
  0x000002292865d198: ;   {other}
  0x000002292865d198: 41ff d20f | 1f84 0000 | 0000 00e9 | 57de ffff | 498b d7c5 | f877 49ba | 6012 8a87 | fc7f 0000 
  0x000002292865d1b8: ;   {other}
  0x000002292865d1b8: 41ff d20f | 1f84 0000 | 0000 00e9 | a2de ffff | ba45 ffff | ff4c 8b54 | 2448 4c89 | 5424 2044 
  0x000002292865d1d8: 8944 2450 

  0x000002292865d1dc: ;   {runtime_call UncommonTrapBlob}
  0x000002292865d1dc: c5f8 77e8 

  0x000002292865d1e0: ; ImmutableOopMap {[32]=Oop [56]=Oop [80]=NarrowOop }
                      ;*ifne {reexecute=1 rethrow=0 return_oop=0}
                      ; - (reexecute) javax.swing.JLabel::setIcon@22 (line 395)
                      ; - javax.swing.JLabel::<init>@74 (line 178)
                      ; - javax.swing.JLabel::<init>@6 (line 251)
                      ; - javax.swing.table.DefaultTableCellRenderer::<init>@1 (line 114)
                      ; - com.jidesoft.grid.TreeTableCellRenderer::<init>@1
                      ; - ui.utils.k.j.ad$b::<init>@1 (line 1433)
                      ; - ui.utils.k.j.ad::createCellRenderer@4 (line 349)
                      ; - ui.views.v.e::getCellRenderer@105 (line 81)
  0x000002292865d1e0: 1c74 cbfe 

  0x000002292865d1e4: ;   {other}
  0x000002292865d1e4: 0f1f 8400 | d441 0065 | 498b d7c5 | f877 49ba | 6012 8a87 | fc7f 0000 

  0x000002292865d1fc: ;   {other}
  0x000002292865d1fc: 41ff d20f | 1f84 0000 | 0000 00e9 | 78d4 ffff | 4533 d2eb | 164c 8b5c | 2420 4c89 | 5c24 388b 
  0x000002292865d21c: 5c24 284c | 8bd0 488b | 7424 40ba | 45ff ffff | 488b 6c24 | 4848 8974 | 2458 895c | 2470 4c89 
  0x000002292865d23c: 5424 7890 

  0x000002292865d240: ;   {runtime_call UncommonTrapBlob}
  0x000002292865d240: c5f8 77e8 

  0x000002292865d244: ; ImmutableOopMap {rbp=Oop [56]=Oop [88]=Oop [112]=NarrowOop [120]=Oop }
                      ;*ifnull {reexecute=1 rethrow=0 return_oop=0}
                      ; - (reexecute) java.awt.Component::setForeground@25 (line 1823)
                      ; - javax.swing.JComponent::setForeground@7 (line 2780)
                      ; - javax.swing.table.DefaultTableCellRenderer::setForeground@2 (line 141)
                      ; - javax.swing.table.DefaultTableCellRenderer::updateUI@6 (line 166)
                      ; - javax.swing.JLabel::<init>@83 (line 180)
                      ; - javax.swing.JLabel::<init>@6 (line 251)
                      ; - javax.swing.table.DefaultTableCellRenderer::<init>@1 (line 114)
                      ; - com.jidesoft.grid.TreeTableCellRenderer::<init>@1
                      ; - ui.utils.k.j.ad$b::<init>@1 (line 1433)
                      ; - ui.utils.k.j.ad::createCellRenderer@4 (line 349)
                      ; - ui.views.v.e::getCellRenderer@105 (line 81)
  0x000002292865d244: b873 cbfe 

  0x000002292865d248: ;   {other}
  0x000002292865d248: 0f1f 8400 | 3842 0066 | bade ffff | ff48 8b6c | 2448 4c8b | 4424 204c | 8944 2438 | 4889 4424 
  0x000002292865d268: 7866 6690 

  0x000002292865d26c: ;   {runtime_call UncommonTrapBlob}
  0x000002292865d26c: c5f8 77e8 

  0x000002292865d270: ; ImmutableOopMap {rbp=Oop [40]=NarrowOop [44]=NarrowOop [56]=Oop [64]=Oop [120]=Oop }
                      ;*invokeinterface setForeground {reexecute=0 rethrow=0 return_oop=0}
                      ; - java.awt.Component::setForeground@30 (line 1824)
                      ; - javax.swing.JComponent::setForeground@7 (line 2780)
                      ; - javax.swing.table.DefaultTableCellRenderer::setForeground@2 (line 141)
                      ; - javax.swing.table.DefaultTableCellRenderer::updateUI@6 (line 166)
                      ; - javax.swing.JLabel::<init>@83 (line 180)
                      ; - javax.swing.JLabel::<init>@6 (line 251)
                      ; - javax.swing.table.DefaultTableCellRenderer::<init>@1 (line 114)
                      ; - com.jidesoft.grid.TreeTableCellRenderer::<init>@1
                      ; - ui.utils.k.j.ad$b::<init>@1 (line 1433)
                      ; - ui.utils.k.j.ad::createCellRenderer@4 (line 349)
                      ; - ui.views.v.e::getCellRenderer@105 (line 81)
  0x000002292865d270: 8c73 cbfe 

  0x000002292865d274: ;   {other}
  0x000002292865d274: 0f1f 8400 | 6442 0067 | 4c89 4c24 | 4044 8944 | 2428 4c8b | 5424 384c | 8954 2420 

  0x000002292865d290: ;   {metadata('java/lang/Integer')}
  0x000002292865d290: 48ba 4859 | 023a 2902 | 0000 6690 

  0x000002292865d29c: ;   {runtime_call _new_instance_Java}
  0x000002292865d29c: c5f8 77e8 

  0x000002292865d2a0: ; ImmutableOopMap {rbp=NarrowOop [32]=Oop [48]=Oop [64]=Oop [72]=Oop }
                      ;*new {reexecute=0 rethrow=0 return_oop=1}
                      ; - java.lang.Integer::valueOf@23 (line 1073)
                      ; - java.beans.PropertyChangeSupport::firePropertyChange@12 (line 289)
                      ; - java.awt.Component::firePropertyChange@22 (line 8757)
                      ; - javax.swing.JComponent::firePropertyChange@4 (line 4608)
                      ; - javax.swing.JLabel::setHorizontalAlignment@33 (line 768)
                      ; - javax.swing.JLabel::<init>@79 (line 179)
                      ; - javax.swing.JLabel::<init>@6 (line 251)
                      ; - javax.swing.table.DefaultTableCellRenderer::<init>@1 (line 114)
                      ; - com.jidesoft.grid.TreeTableCellRenderer::<init>@1
                      ; - ui.utils.k.j.ad$b::<init>@1 (line 1433)
                      ; - ui.utils.k.j.ad::createCellRenderer@4 (line 349)
                      ; - ui.views.v.e::getCellRenderer@105 (line 81)
  0x000002292865d2a0: 5cb8 f2fe 

  0x000002292865d2a4: ;   {other}
  0x000002292865d2a4: 0f1f 8400 | 9442 0068 | 4c8b 5424 | 204c 8954 | 2438 448b | 4424 284c | 8b4c 2440 | e907 e3ff 
  0x000002292865d2c4: ff44 8944 | 242c 894c | 2428 4c8b | 5424 384c | 8954 2420 

  0x000002292865d2d8: ;   {metadata('java/lang/Integer')}
  0x000002292865d2d8: 48ba 4859 | 023a 2902 | 0000 6690 

  0x000002292865d2e4: ;   {runtime_call _new_instance_Java}
  0x000002292865d2e4: c5f8 77e8 

  0x000002292865d2e8: ; ImmutableOopMap {rbp=NarrowOop [32]=Oop [48]=Oop [72]=Oop }
                      ;*new {reexecute=0 rethrow=0 return_oop=1}
                      ; - java.lang.Integer::valueOf@23 (line 1073)
                      ; - java.beans.PropertyChangeSupport::firePropertyChange@8 (line 289)
                      ; - java.awt.Component::firePropertyChange@22 (line 8757)
                      ; - javax.swing.JComponent::firePropertyChange@4 (line 4608)
                      ; - javax.swing.JLabel::setHorizontalAlignment@33 (line 768)
                      ; - javax.swing.JLabel::<init>@79 (line 179)
                      ; - javax.swing.JLabel::<init>@6 (line 251)
                      ; - javax.swing.table.DefaultTableCellRenderer::<init>@1 (line 114)
                      ; - com.jidesoft.grid.TreeTableCellRenderer::<init>@1
                      ; - ui.utils.k.j.ad$b::<init>@1 (line 1433)
                      ; - ui.utils.k.j.ad::createCellRenderer@4 (line 349)
                      ; - ui.views.v.e::getCellRenderer@105 (line 81)
  0x000002292865d2e8: 14b8 f2fe 

  0x000002292865d2ec: ;   {other}
  0x000002292865d2ec: 0f1f 8400 | dc42 0069 | 4c8b 5424 | 204c 8954 | 2438 8b4c | 2428 448b | 4424 2ce9 | 52e2 ffff 
  0x000002292865d30c: ba45 ffff | ff4c 8b54 | 2448 4c89 | 5424 2890 

  0x000002292865d31c: ;   {runtime_call UncommonTrapBlob}
  0x000002292865d31c: c5f8 77e8 

  0x000002292865d320: ; ImmutableOopMap {[32]=NarrowOop [40]=Oop [56]=Oop }
                      ;*if_icmplt {reexecute=1 rethrow=0 return_oop=0}
                      ; - (reexecute) javax.swing.SwingUtilities::findDisplayedMnemonicIndex@13 (line 2082)
                      ; - javax.swing.JLabel::setText@41 (line 344)
                      ; - javax.swing.JLabel::<init>@69 (line 177)
                      ; - javax.swing.JLabel::<init>@6 (line 251)
                      ; - javax.swing.table.DefaultTableCellRenderer::<init>@1 (line 114)
                      ; - com.jidesoft.grid.TreeTableCellRenderer::<init>@1
                      ; - ui.utils.k.j.ad$b::<init>@1 (line 1433)
                      ; - ui.utils.k.j.ad::createCellRenderer@4 (line 349)
                      ; - ui.views.v.e::getCellRenderer@105 (line 81)
  0x000002292865d320: dc72 cbfe 

  0x000002292865d324: ;   {other}
  0x000002292865d324: 0f1f 8400 | 1443 006a | bade ffff | ff48 8b6c | 2448 4c8b | 4424 204c | 8944 2438 | 4489 5424 
  0x000002292865d344: 4448 8944 | 2470 6690 

  0x000002292865d34c: ;   {runtime_call UncommonTrapBlob}
  0x000002292865d34c: c5f8 77e8 

  0x000002292865d350: ; ImmutableOopMap {rbp=Oop [40]=Oop [56]=Oop [64]=NarrowOop [68]=NarrowOop [112]=Oop }
                      ;*invokeinterface setBackground {reexecute=0 rethrow=0 return_oop=0}
                      ; - java.awt.Component::setBackground@30 (line 1883)
                      ; - javax.swing.JComponent::setBackground@7 (line 2806)
                      ; - javax.swing.table.DefaultTableCellRenderer::setBackground@2 (line 152)
                      ; - javax.swing.table.DefaultTableCellRenderer::updateUI@11 (line 167)
                      ; - javax.swing.JLabel::<init>@83 (line 180)
                      ; - javax.swing.JLabel::<init>@6 (line 251)
                      ; - javax.swing.table.DefaultTableCellRenderer::<init>@1 (line 114)
                      ; - com.jidesoft.grid.TreeTableCellRenderer::<init>@1
                      ; - ui.utils.k.j.ad$b::<init>@1 (line 1433)
                      ; - ui.utils.k.j.ad::createCellRenderer@4 (line 349)
                      ; - ui.views.v.e::getCellRenderer@105 (line 81)
  0x000002292865d350: ac72 cbfe 

  0x000002292865d354: ;   {other}
  0x000002292865d354: 0f1f 8400 | 4443 006b | ba45 ffff | ff48 8b6c | 2448 4c8b | 5424 204c | 8954 2438 | 4889 4424 
  0x000002292865d374: 7066 6690 

  0x000002292865d378: ;   {runtime_call UncommonTrapBlob}
  0x000002292865d378: c5f8 77e8 

  0x000002292865d37c: ; ImmutableOopMap {rbp=Oop [40]=Oop [56]=Oop [64]=NarrowOop [112]=Oop }
                      ;*ifnull {reexecute=1 rethrow=0 return_oop=0}
                      ; - (reexecute) java.awt.Component::setBackground@25 (line 1882)
                      ; - javax.swing.JComponent::setBackground@7 (line 2806)
                      ; - javax.swing.table.DefaultTableCellRenderer::setBackground@2 (line 152)
                      ; - javax.swing.table.DefaultTableCellRenderer::updateUI@11 (line 167)
                      ; - javax.swing.JLabel::<init>@83 (line 180)
                      ; - javax.swing.JLabel::<init>@6 (line 251)
                      ; - javax.swing.table.DefaultTableCellRenderer::<init>@1 (line 114)
                      ; - com.jidesoft.grid.TreeTableCellRenderer::<init>@1
                      ; - ui.utils.k.j.ad$b::<init>@1 (line 1433)
                      ; - ui.utils.k.j.ad::createCellRenderer@4 (line 349)
                      ; - ui.views.v.e::getCellRenderer@105 (line 81)
  0x000002292865d37c: 8072 cbfe 

  0x000002292865d380: ;   {other}
  0x000002292865d380: 0f1f 8400 | 7043 006c | bade ffff | ff49 8bee | 448b 5424 | 2c44 8954 | 2424 4c89 | 4424 3090 
  0x000002292865d3a0: ;   {runtime_call UncommonTrapBlob}
  0x000002292865d3a0: c5f8 77e8 

  0x000002292865d3a4: ; ImmutableOopMap {rbp=Oop [48]=Oop [72]=Oop }
                      ;*checkcast {reexecute=0 rethrow=0 return_oop=0}
                      ; - ui.views.v.e::aiN@43 (line 110)
                      ; - ui.views.v.e::getCellRenderer@14 (line 72)
  0x000002292865d3a4: 5872 cbfe 

  0x000002292865d3a8: ;   {other}
  0x000002292865d3a8: 0f1f 8400 | 9843 006d | bade ffff | ff44 8b54 | 2438 4489 | 4424 244c | 894c 2428 | 4489 5424 
  0x000002292865d3c8: 3044 896c | 2434 894c | 2440 6690 

  0x000002292865d3d4: ;   {runtime_call UncommonTrapBlob}
  0x000002292865d3d4: c5f8 77e8 

  0x000002292865d3d8: ; ImmutableOopMap {[40]=Oop [52]=NarrowOop [64]=NarrowOop [72]=Oop }
                      ;*checkcast {reexecute=0 rethrow=0 return_oop=0}
                      ; - javax.swing.table.DefaultTableColumnModel::getColumn@8 (line 298)
                      ; - sun.swing.SwingUtilities2::convertColumnIndexToModel@8 (line 2156)
                      ; - javax.swing.JTable::convertColumnIndexToModel@5 (line 2632)
                      ; - ui.views.v.e::fA@18 (line 99)
                      ; - ui.views.v.e::getCellRenderer@73 (line 76)
  0x000002292865d3d8: 2472 cbfe 

  0x000002292865d3dc: ;   {other}
  0x000002292865d3dc: 0f1f 8400 | cc43 006e | bade ffff | ff4c 8b54 | 2428 4c89 | 5424 2044 | 8b5c 2438 | 4489 5c24 
  0x000002292865d3fc: 2866 6690 

  0x000002292865d400: ;   {runtime_call UncommonTrapBlob}
  0x000002292865d400: c5f8 77e8 

  0x000002292865d404: ; ImmutableOopMap {rbp=Oop [32]=Oop [72]=Oop }
                      ;*checkcast {reexecute=0 rethrow=0 return_oop=0}
                      ; - ui.views.v.e::aiN@43 (line 110)
                      ; - ui.views.v.e::fA@34 (line 100)
                      ; - ui.views.v.e::getCellRenderer@73 (line 76)
  0x000002292865d404: f871 cbfe 

  0x000002292865d408: ;   {other}
  0x000002292865d408: 0f1f 8400 | f843 006f | bade ffff | ff48 8b6c | 2448 4889 | 4424 5090 

  0x000002292865d420: ;   {runtime_call UncommonTrapBlob}
  0x000002292865d420: c5f8 77e8 

  0x000002292865d424: ; ImmutableOopMap {rbp=Oop [56]=Oop [80]=Oop }
                      ;*checkcast {reexecute=0 rethrow=0 return_oop=0}
                      ; - javax.swing.JLabel::updateUI@5 (line 288)
                      ; - javax.swing.table.DefaultTableCellRenderer::updateUI@1 (line 165)
                      ; - javax.swing.JLabel::<init>@83 (line 180)
                      ; - javax.swing.JLabel::<init>@6 (line 251)
                      ; - javax.swing.table.DefaultTableCellRenderer::<init>@1 (line 114)
                      ; - com.jidesoft.grid.TreeTableCellRenderer::<init>@1
                      ; - ui.utils.k.j.ad$b::<init>@1 (line 1433)
                      ; - ui.utils.k.j.ad::createCellRenderer@4 (line 349)
                      ; - ui.views.v.e::getCellRenderer@105 (line 81)
  0x000002292865d424: d871 cbfe 

  0x000002292865d428: ;   {other}
  0x000002292865d428: 0f1f 8400 | 1844 0070 | bade ffff | ff48 8b6c | 2448 4889 | 4424 4890 

  0x000002292865d440: ;   {runtime_call UncommonTrapBlob}
  0x000002292865d440: c5f8 77e8 

  0x000002292865d444: ; ImmutableOopMap {rbp=Oop [56]=Oop [72]=Oop }
                      ;*instanceof {reexecute=0 rethrow=0 return_oop=0}
                      ; - sun.swing.DefaultLookup::getBorder@10 (line 203)
                      ; - sun.swing.DefaultLookup::getBorder@4 (line 210)
                      ; - javax.swing.table.DefaultTableCellRenderer::getNoFocusBorder@7 (line 122)
                      ; - javax.swing.table.DefaultTableCellRenderer::<init>@11 (line 116)
                      ; - com.jidesoft.grid.TreeTableCellRenderer::<init>@1
                      ; - ui.utils.k.j.ad$b::<init>@1 (line 1433)
                      ; - ui.utils.k.j.ad::createCellRenderer@4 (line 349)
                      ; - ui.views.v.e::getCellRenderer@105 (line 81)
  0x000002292865d444: b871 cbfe 

  0x000002292865d448: ;   {other}
  0x000002292865d448: 0f1f 8400 | 3844 0071 | baf6 ffff | ff66 6690 

  0x000002292865d458: ;   {runtime_call UncommonTrapBlob}
  0x000002292865d458: c5f8 77e8 

  0x000002292865d45c: ; ImmutableOopMap {}
                      ;*getfield fIS {reexecute=1 rethrow=0 return_oop=0}
                      ; - (reexecute) ui.views.v.d::h@1 (line 38)
                      ; - ui.views.v.e::aiN@4 (line 109)
                      ; - ui.views.v.e::getCellRenderer@14 (line 72)
  0x000002292865d45c: a071 cbfe 

  0x000002292865d460: ;   {other}
  0x000002292865d460: 0f1f 8400 | 5044 0072 | baf6 ffff | ff66 6690 

  0x000002292865d470: ;   {runtime_call UncommonTrapBlob}
  0x000002292865d470: c5f8 77e8 

  0x000002292865d474: ; ImmutableOopMap {}
                      ;*invokevirtual getModel {reexecute=0 rethrow=0 return_oop=0}
                      ; - ui.views.v.e::aiN@7 (line 109)
                      ; - ui.views.v.e::getCellRenderer@14 (line 72)
  0x000002292865d474: 8871 cbfe 

  0x000002292865d478: ;   {other}
  0x000002292865d478: 0f1f 8400 | 6844 0073 | baf6 ffff | ff66 6690 

  0x000002292865d488: ;   {runtime_call UncommonTrapBlob}
  0x000002292865d488: c5f8 77e8 

  0x000002292865d48c: ; ImmutableOopMap {}
                      ;*getfield kiB {reexecute=1 rethrow=0 return_oop=0}
                      ; - (reexecute) ui.views.v.d::k@1 (line 38)
                      ; - ui.views.v.e::aiN@36 (line 110)
                      ; - ui.views.v.e::getCellRenderer@14 (line 72)
  0x000002292865d48c: 7071 cbfe 

  0x000002292865d490: ;   {other}
  0x000002292865d490: 0f1f 8400 | 8044 0074 | baf6 ffff | ff8b e890 

  0x000002292865d4a0: ;   {runtime_call UncommonTrapBlob}
  0x000002292865d4a0: c5f8 77e8 

  0x000002292865d4a4: ; ImmutableOopMap {}
                      ;*invokevirtual abq {reexecute=0 rethrow=0 return_oop=0}
                      ; - ui.views.v.e::aiN@40 (line 110)
                      ; - ui.views.v.e::getCellRenderer@14 (line 72)
  0x000002292865d4a4: 5871 cbfe 

  0x000002292865d4a8: ;   {other}
  0x000002292865d4a8: 0f1f 8400 | 9844 0075 | baf6 ffff | ff49 8bee | 448b 5c24 | 3844 895c | 2420 448b | 5424 2c44 
  0x000002292865d4c8: 8954 2424 | 4c89 4424 | 3089 7c24 | 3866 6690 

  0x000002292865d4d8: ;   {runtime_call UncommonTrapBlob}
  0x000002292865d4d8: c5f8 77e8 

  0x000002292865d4dc: ; ImmutableOopMap {rbp=Oop [48]=Oop [72]=Oop }
                      ;*aaload {reexecute=0 rethrow=0 return_oop=0}
                      ; - java.util.Vector::elementData@5 (line 731)
                      ; - java.util.Vector::get@19 (line 752)
                      ; - com.jidesoft.grid.TreeTableModel::getRowAt@43
                      ; - ui.utils.k.j.ao::abq@2 (line 62)
                      ; - ui.views.v.e::aiN@40 (line 110)
                      ; - ui.views.v.e::getCellRenderer@14 (line 72)
  0x000002292865d4dc: 2071 cbfe 

  0x000002292865d4e0: ;   {other}
  0x000002292865d4e0: 0f1f 8400 | d044 0076 | baf4 ffff | ff49 8bee | 448b 5c24 | 2c44 895c | 2424 6690 

  0x000002292865d4fc: ;   {runtime_call UncommonTrapBlob}
  0x000002292865d4fc: c5f8 77e8 

  0x000002292865d500: ; ImmutableOopMap {rbp=Oop [72]=Oop }
                      ;*checkcast {reexecute=0 rethrow=0 return_oop=0}
                      ; - com.jidesoft.grid.TreeTableModel::getRowAt@48
                      ; - ui.utils.k.j.ao::abq@2 (line 62)
                      ; - ui.views.v.e::aiN@40 (line 110)
                      ; - ui.views.v.e::getCellRenderer@14 (line 72)
  0x000002292865d500: fc70 cbfe 

  0x000002292865d504: ;   {other}
  0x000002292865d504: 0f1f 8400 | f444 0077 | baf6 ffff | ff66 6690 

  0x000002292865d514: ;   {runtime_call UncommonTrapBlob}
  0x000002292865d514: c5f8 77e8 

  0x000002292865d518: ; ImmutableOopMap {}
                      ;*getfield fIS {reexecute=1 rethrow=0 return_oop=0}
                      ; - (reexecute) ui.views.v.d::e@1 (line 38)
                      ; - ui.views.v.e::fA@4 (line 99)
                      ; - ui.views.v.e::getCellRenderer@73 (line 76)
  0x000002292865d518: e470 cbfe 

  0x000002292865d51c: ;   {other}
  0x000002292865d51c: 0f1f 8400 | 0c45 0078 | baf6 ffff | ff66 6690 

  0x000002292865d52c: ;   {runtime_call UncommonTrapBlob}
  0x000002292865d52c: c5f8 77e8 

  0x000002292865d530: ; ImmutableOopMap {}
                      ;*invokevirtual getModel {reexecute=0 rethrow=0 return_oop=0}
                      ; - ui.views.v.e::fA@7 (line 99)
                      ; - ui.views.v.e::getCellRenderer@73 (line 76)
  0x000002292865d530: cc70 cbfe 

  0x000002292865d534: ;   {other}
  0x000002292865d534: 0f1f 8400 | 2445 0079 | baf6 ffff | ff41 8be8 

  0x000002292865d544: ;   {runtime_call UncommonTrapBlob}
  0x000002292865d544: c5f8 77e8 

  0x000002292865d548: ; ImmutableOopMap {}
                      ;*invokeinterface getColumn {reexecute=0 rethrow=0 return_oop=0}
                      ; - sun.swing.SwingUtilities2::convertColumnIndexToModel@8 (line 2156)
                      ; - javax.swing.JTable::convertColumnIndexToModel@5 (line 2632)
                      ; - ui.views.v.e::fA@18 (line 99)
                      ; - ui.views.v.e::getCellRenderer@73 (line 76)
  0x000002292865d548: b470 cbfe 

  0x000002292865d54c: ;   {other}
  0x000002292865d54c: 0f1f 8400 | 3c45 007a | baf6 ffff | ff41 8be8 | 4489 5424 | 2066 6690 

  0x000002292865d564: ;   {runtime_call UncommonTrapBlob}
  0x000002292865d564: c5f8 77e8 

  0x000002292865d568: ; ImmutableOopMap {[32]=NarrowOop }
                      ;*aaload {reexecute=0 rethrow=0 return_oop=0}
                      ; - java.util.Vector::elementData@5 (line 731)
                      ; - java.util.Vector::elementAt@44 (line 469)
                      ; - javax.swing.table.DefaultTableColumnModel::getColumn@5 (line 298)
                      ; - sun.swing.SwingUtilities2::convertColumnIndexToModel@8 (line 2156)
                      ; - javax.swing.JTable::convertColumnIndexToModel@5 (line 2632)
                      ; - ui.views.v.e::fA@18 (line 99)
                      ; - ui.views.v.e::getCellRenderer@73 (line 76)
  0x000002292865d568: 9470 cbfe 

  0x000002292865d56c: ;   {other}
  0x000002292865d56c: 0f1f 8400 | 5c45 007b | baf4 ffff | ff44 8b54 | 2438 4489 | 4424 244c | 894c 2428 | 4489 5424 
  0x000002292865d58c: 3044 896c | 2434 6690 

  0x000002292865d594: ;   {runtime_call UncommonTrapBlob}
  0x000002292865d594: c5f8 77e8 

  0x000002292865d598: ; ImmutableOopMap {[40]=Oop [52]=NarrowOop [72]=Oop }
                      ;*checkcast {reexecute=0 rethrow=0 return_oop=0}
                      ; - javax.swing.table.DefaultTableColumnModel::getColumn@8 (line 298)
                      ; - sun.swing.SwingUtilities2::convertColumnIndexToModel@8 (line 2156)
                      ; - javax.swing.JTable::convertColumnIndexToModel@5 (line 2632)
                      ; - ui.views.v.e::fA@18 (line 99)
                      ; - ui.views.v.e::getCellRenderer@73 (line 76)
  0x000002292865d598: 6470 cbfe 

  0x000002292865d59c: ;   {other}
  0x000002292865d59c: 0f1f 8400 | 8c45 007c | baf6 ffff | ff66 6690 

  0x000002292865d5ac: ;   {runtime_call UncommonTrapBlob}
  0x000002292865d5ac: c5f8 77e8 

  0x000002292865d5b0: ; ImmutableOopMap {}
                      ;*getfield kiB {reexecute=1 rethrow=0 return_oop=0}
                      ; - (reexecute) ui.views.v.d::g@1 (line 38)
                      ; - ui.views.v.e::fA@25 (line 99)
                      ; - ui.views.v.e::getCellRenderer@73 (line 76)
  0x000002292865d5b0: 4c70 cbfe 

  0x000002292865d5b4: ;   {other}
  0x000002292865d5b4: 0f1f 8400 | a445 007d | baf6 ffff | ff66 6690 

  0x000002292865d5c4: ;   {runtime_call UncommonTrapBlob}
  0x000002292865d5c4: c5f8 77e8 

  0x000002292865d5c8: ; ImmutableOopMap {}
                      ;*invokevirtual getModel {reexecute=0 rethrow=0 return_oop=0}
                      ; - ui.views.v.e::aiN@7 (line 109)
                      ; - ui.views.v.e::fA@34 (line 100)
                      ; - ui.views.v.e::getCellRenderer@73 (line 76)
  0x000002292865d5c8: 3470 cbfe 

  0x000002292865d5cc: ;   {other}
  0x000002292865d5cc: 0f1f 8400 | bc45 007e | baf6 ffff | ff66 6690 

  0x000002292865d5dc: ;   {runtime_call UncommonTrapBlob}
  0x000002292865d5dc: c5f8 77e8 

  0x000002292865d5e0: ; ImmutableOopMap {}
                      ;*getfield kiB {reexecute=1 rethrow=0 return_oop=0}
                      ; - (reexecute) ui.views.v.d::k@1 (line 38)
                      ; - ui.views.v.e::aiN@36 (line 110)
                      ; - ui.views.v.e::fA@34 (line 100)
                      ; - ui.views.v.e::getCellRenderer@73 (line 76)
  0x000002292865d5e0: 1c70 cbfe 

  0x000002292865d5e4: ;   {other}
  0x000002292865d5e4: 0f1f 8400 | d445 007f | baf6 ffff | ff8b e890 

  0x000002292865d5f4: ;   {runtime_call UncommonTrapBlob}
  0x000002292865d5f4: c5f8 77e8 

  0x000002292865d5f8: ; ImmutableOopMap {}
                      ;*invokevirtual abq {reexecute=0 rethrow=0 return_oop=0}
                      ; - ui.views.v.e::aiN@40 (line 110)
                      ; - ui.views.v.e::fA@34 (line 100)
                      ; - ui.views.v.e::getCellRenderer@73 (line 76)
  0x000002292865d5f8: 0470 cbfe 

  0x000002292865d5fc: ;   {other}
  0x000002292865d5fc: 0f1f 8400 | ec45 0080 | baf6 ffff | ff48 8b6c | 2428 448b | 5c24 3844 | 895c 2420 | 448b 4c24 
  0x000002292865d61c: 3c44 894c | 2424 4c89 | 4424 3844 | 8954 2434 

  0x000002292865d62c: ;   {runtime_call UncommonTrapBlob}
  0x000002292865d62c: c5f8 77e8 

  0x000002292865d630: ; ImmutableOopMap {rbp=Oop [56]=Oop [72]=Oop }
                      ;*aaload {reexecute=0 rethrow=0 return_oop=0}
                      ; - java.util.Vector::elementData@5 (line 731)
                      ; - java.util.Vector::get@19 (line 752)
                      ; - com.jidesoft.grid.TreeTableModel::getRowAt@43
                      ; - ui.utils.k.j.ao::abq@2 (line 62)
                      ; - ui.views.v.e::aiN@40 (line 110)
                      ; - ui.views.v.e::fA@34 (line 100)
                      ; - ui.views.v.e::getCellRenderer@73 (line 76)
  0x000002292865d630: cc6f cbfe 

  0x000002292865d634: ;   {other}
  0x000002292865d634: 0f1f 8400 | 2446 0081 | baf4 ffff | ff48 8b6c | 2428 6690 

  0x000002292865d648: ;   {runtime_call UncommonTrapBlob}
  0x000002292865d648: c5f8 77e8 

  0x000002292865d64c: ; ImmutableOopMap {rbp=Oop [72]=Oop }
                      ;*checkcast {reexecute=0 rethrow=0 return_oop=0}
                      ; - com.jidesoft.grid.TreeTableModel::getRowAt@48
                      ; - ui.utils.k.j.ao::abq@2 (line 62)
                      ; - ui.views.v.e::aiN@40 (line 110)
                      ; - ui.views.v.e::fA@34 (line 100)
                      ; - ui.views.v.e::getCellRenderer@73 (line 76)
  0x000002292865d64c: b06f cbfe 

  0x000002292865d650: ;   {other}
  0x000002292865d650: 0f1f 8400 | 4046 0082 | baf4 ffff | ff8b 5c24 | 3844 8944 | 2424 4c89 | 4c24 2844 | 8bc3 4489 
  0x000002292865d670: 4424 3044 | 895c 2434 | 4489 5424 | 4066 6690 

  0x000002292865d680: ;   {runtime_call UncommonTrapBlob}
  0x000002292865d680: c5f8 77e8 

  0x000002292865d684: ; ImmutableOopMap {[40]=Oop [64]=NarrowOop [72]=Oop }
                      ;*instanceof {reexecute=0 rethrow=0 return_oop=0}
                      ; - com.jidesoft.grid.TableModelWrapperUtils::getActualColumnAt@16
                      ; - ui.views.v.e::fA@28 (line 99)
                      ; - ui.views.v.e::getCellRenderer@73 (line 76)
  0x000002292865d684: 786f cbfe 

  0x000002292865d688: ;   {other}
  0x000002292865d688: 0f1f 8400 | 7846 0083 | ba45 ffff | ff8b 4c24 | 388b 7424 | 2c89 7424 | 244c 894c | 2428 894c 
  0x000002292865d6a8: 2430 4889 | 5c24 3889 | 7c24 3444 | 8944 2440 | 4489 5424 | 4444 895c | 2448 6690 

  0x000002292865d6c4: ;   {runtime_call UncommonTrapBlob}
  0x000002292865d6c4: c5f8 77e8 

  0x000002292865d6c8: ; ImmutableOopMap {[40]=Oop [52]=NarrowOop [56]=Oop [64]=NarrowOop [68]=NarrowOop [72]=NarrowOop }
                      ;*ifnonnull {reexecute=1 rethrow=0 return_oop=0}
                      ; - (reexecute) com.jidesoft.utils.SystemInfo::checkJdkVersion@3
                      ; - com.jidesoft.utils.SystemInfo::isJdk6Above@0
                      ; - com.jidesoft.grid.JideTable::convertRowIndexToModel@4
                      ; - ui.views.v.e::aiN@18 (line 109)
                      ; - ui.views.v.e::getCellRenderer@14 (line 72)
  0x000002292865d6c8: 346f cbfe 

  0x000002292865d6cc: ;   {other}
  0x000002292865d6cc: 0f1f 8400 | bc46 0084 | ba45 ffff | ff49 8bee | 448b 4424 | 3844 8944 | 2420 448b | 5c24 2c44 
  0x000002292865d6ec: 895c 2424 | 4489 6c24 | 3089 4424 | 3844 8954 | 243c 6690 

  0x000002292865d700: ;   {runtime_call UncommonTrapBlob}
  0x000002292865d700: c5f8 77e8 

  0x000002292865d704: ; ImmutableOopMap {rbp=Oop [48]=NarrowOop [60]=NarrowOop [72]=Oop }
                      ;*ifnonnull {reexecute=1 rethrow=0 return_oop=0}
                      ; - (reexecute) com.jidesoft.grid.TreeTableModel::getRows@12
                      ; - com.jidesoft.grid.TreeTableModel::getRowAt@21
                      ; - ui.utils.k.j.ao::abq@2 (line 62)
                      ; - ui.views.v.e::aiN@40 (line 110)
                      ; - ui.views.v.e::getCellRenderer@14 (line 72)
  0x000002292865d704: f86e cbfe 

  0x000002292865d708: ;   {other}
  0x000002292865d708: 0f1f 8400 | f846 0085 | ba45 ffff | ff49 8bee | 448b 5c24 | 2c44 895c | 2424 897c | 2430 4489 
  0x000002292865d728: 4c24 3490 

  0x000002292865d72c: ;   {runtime_call UncommonTrapBlob}
  0x000002292865d72c: c5f8 77e8 

  0x000002292865d730: ; ImmutableOopMap {rbp=Oop [52]=NarrowOop [72]=Oop }
                      ;*ifnonnull {reexecute=1 rethrow=0 return_oop=0}
                      ; - (reexecute) com.jidesoft.grid.TreeTableModel::getRows@12
                      ; - com.jidesoft.grid.TreeTableModel::getRowAt@39
                      ; - ui.utils.k.j.ao::abq@2 (line 62)
                      ; - ui.views.v.e::aiN@40 (line 110)
                      ; - ui.views.v.e::getCellRenderer@14 (line 72)
  0x000002292865d730: cc6e cbfe 

  0x000002292865d734: ;   {other}
  0x000002292865d734: 0f1f 8400 | 2447 0086 | ba45 ffff | ff8b 7424 | 3844 8944 | 2424 4c89 | 4c24 2844 | 8bc6 4489 
  0x000002292865d754: 4424 304c | 8b44 2448 | 4c89 4424 | 3844 8b4c | 2440 4489 | 4c24 3489 | 4c24 4044 | 895c 2444 
  0x000002292865d774: 4489 5424 | 4889 7c24 | 4c66 6690 

  0x000002292865d780: ;   {runtime_call UncommonTrapBlob}
  0x000002292865d780: c5f8 77e8 

  0x000002292865d784: ; ImmutableOopMap {[40]=Oop [56]=Oop [64]=NarrowOop [68]=NarrowOop [72]=NarrowOop [76]=NarrowOop }
                      ;*ifnonnull {reexecute=1 rethrow=0 return_oop=0}
                      ; - (reexecute) com.jidesoft.utils.SystemInfo::checkJdkVersion@3
                      ; - com.jidesoft.utils.SystemInfo::isJdk6Above@0
                      ; - com.jidesoft.grid.JideTable::convertRowIndexToModel@4
                      ; - ui.views.v.e::aiN@18 (line 109)
                      ; - ui.views.v.e::fA@34 (line 100)
                      ; - ui.views.v.e::getCellRenderer@73 (line 76)
  0x000002292865d784: 786e cbfe 

  0x000002292865d788: ;   {other}
  0x000002292865d788: 0f1f 8400 | 7847 0087 | ba45 ffff | ff48 8b6c | 2428 448b | 5c24 3844 | 895c 2420 | 8b4c 243c 
  0x000002292865d7a8: 894c 2424 | 448b 5c24 | 4044 895c | 2430 4489 | 4424 3489 | 4424 3c44 | 894c 2440 

  0x000002292865d7c4: ;   {runtime_call UncommonTrapBlob}
  0x000002292865d7c4: c5f8 77e8 

  0x000002292865d7c8: ; ImmutableOopMap {rbp=Oop [52]=NarrowOop [64]=NarrowOop [72]=Oop }
                      ;*ifnonnull {reexecute=1 rethrow=0 return_oop=0}
                      ; - (reexecute) com.jidesoft.grid.TreeTableModel::getRows@12
                      ; - com.jidesoft.grid.TreeTableModel::getRowAt@21
                      ; - ui.utils.k.j.ao::abq@2 (line 62)
                      ; - ui.views.v.e::aiN@40 (line 110)
                      ; - ui.views.v.e::fA@34 (line 100)
                      ; - ui.views.v.e::getCellRenderer@73 (line 76)
  0x000002292865d7c8: 346e cbfe 

  0x000002292865d7cc: ;   {other}
  0x000002292865d7cc: 0f1f 8400 | bc47 0088 | ba45 ffff | ff48 8b6c | 2428 448b | 4424 3844 | 8944 2420 | 4489 5424 
  0x000002292865d7ec: 3489 4c24 | 3866 6690 

  0x000002292865d7f4: ;   {runtime_call UncommonTrapBlob}
  0x000002292865d7f4: c5f8 77e8 

  0x000002292865d7f8: ; ImmutableOopMap {rbp=Oop [56]=NarrowOop [72]=Oop }
                      ;*ifnonnull {reexecute=1 rethrow=0 return_oop=0}
                      ; - (reexecute) com.jidesoft.grid.TreeTableModel::getRows@12
                      ; - com.jidesoft.grid.TreeTableModel::getRowAt@39
                      ; - ui.utils.k.j.ao::abq@2 (line 62)
                      ; - ui.views.v.e::aiN@40 (line 110)
                      ; - ui.views.v.e::fA@34 (line 100)
                      ; - ui.views.v.e::getCellRenderer@73 (line 76)
  0x000002292865d7f8: 046e cbfe 

  0x000002292865d7fc: ;   {other}
  0x000002292865d7fc: 0f1f 8400 | ec47 0089 | baf4 ffff | ff8b 4c24 | 3844 8944 | 2424 4c89 | 4c24 2889 | 4c24 3044 
  0x000002292865d81c: 895c 2434 | 4489 5424 | 4066 6690 

  0x000002292865d828: ;   {runtime_call UncommonTrapBlob}
  0x000002292865d828: c5f8 77e8 

  0x000002292865d82c: ; ImmutableOopMap {[40]=Oop [64]=NarrowOop [72]=Oop }
                      ;*instanceof {reexecute=0 rethrow=0 return_oop=0}
                      ; - com.jidesoft.grid.TableModelWrapperUtils::getActualColumnAt@16
                      ; - com.jidesoft.grid.TableModelWrapperUtils::getActualColumnAt@78
                      ; - ui.views.v.e::fA@28 (line 99)
                      ; - ui.views.v.e::getCellRenderer@73 (line 76)
  0x000002292865d82c: d06d cbfe 

  0x000002292865d830: ;   {other}
  0x000002292865d830: 0f1f 8400 | 2048 008a | baf4 ffff | ff48 8b6c | 2448 6690 

  0x000002292865d844: ;   {runtime_call UncommonTrapBlob}
  0x000002292865d844: c5f8 77e8 

  0x000002292865d848: ; ImmutableOopMap {rbp=Oop [56]=Oop }
                      ;*checkcast {reexecute=0 rethrow=0 return_oop=0}
                      ; - javax.swing.JLabel::updateUI@5 (line 288)
                      ; - javax.swing.table.DefaultTableCellRenderer::updateUI@1 (line 165)
                      ; - javax.swing.JLabel::<init>@83 (line 180)
                      ; - javax.swing.JLabel::<init>@6 (line 251)
                      ; - javax.swing.table.DefaultTableCellRenderer::<init>@1 (line 114)
                      ; - com.jidesoft.grid.TreeTableCellRenderer::<init>@1
                      ; - ui.utils.k.j.ad$b::<init>@1 (line 1433)
                      ; - ui.utils.k.j.ad::createCellRenderer@4 (line 349)
                      ; - ui.views.v.e::getCellRenderer@105 (line 81)
  0x000002292865d848: b46d cbfe 

  0x000002292865d84c: ;   {other}
  0x000002292865d84c: 0f1f 8400 | 3c48 008b | baf6 ffff | ff48 8b6c | 2448 8974 | 2448 6690 

  0x000002292865d864: ;   {runtime_call UncommonTrapBlob}
  0x000002292865d864: c5f8 77e8 

  0x000002292865d868: ; ImmutableOopMap {rbp=Oop [56]=Oop [72]=NarrowOop }
                      ;*invokevirtual getDefault {reexecute=0 rethrow=0 return_oop=0}
                      ; - sun.swing.DefaultLookup::get@133 (line 125)
                      ; - sun.swing.DefaultLookup::getBorder@3 (line 202)
                      ; - sun.swing.DefaultLookup::getBorder@4 (line 210)
                      ; - javax.swing.table.DefaultTableCellRenderer::getNoFocusBorder@7 (line 122)
                      ; - javax.swing.table.DefaultTableCellRenderer::<init>@11 (line 116)
                      ; - com.jidesoft.grid.TreeTableCellRenderer::<init>@1
                      ; - ui.utils.k.j.ad$b::<init>@1 (line 1433)
                      ; - ui.utils.k.j.ad::createCellRenderer@4 (line 349)
                      ; - ui.views.v.e::getCellRenderer@105 (line 81)
  0x000002292865d868: 946d cbfe 

  0x000002292865d86c: ;   {other}
  0x000002292865d86c: 0f1f 8400 | 5c48 008c | ba45 ffff | ff48 8b6c | 2448 6690 

  0x000002292865d880: ;   {runtime_call UncommonTrapBlob}
  0x000002292865d880: c5f8 77e8 

  0x000002292865d884: ; ImmutableOopMap {rbp=Oop [56]=Oop }
                      ;*ifnull {reexecute=1 rethrow=0 return_oop=0}
                      ; - (reexecute) javax.swing.table.DefaultTableCellRenderer::getNoFocusBorder@28 (line 126)
                      ; - javax.swing.table.DefaultTableCellRenderer::<init>@11 (line 116)
                      ; - com.jidesoft.grid.TreeTableCellRenderer::<init>@1
                      ; - ui.utils.k.j.ad$b::<init>@1 (line 1433)
                      ; - ui.utils.k.j.ad::createCellRenderer@4 (line 349)
                      ; - ui.views.v.e::getCellRenderer@105 (line 81)
  0x000002292865d884: 786d cbfe 

  0x000002292865d888: ;   {other}
  0x000002292865d888: 0f1f 8400 | 7848 008d | baf6 ffff | ff66 6690 

  0x000002292865d898: ;   {runtime_call UncommonTrapBlob}
  0x000002292865d898: c5f8 77e8 

  0x000002292865d89c: ; ImmutableOopMap {}
                      ;*invokevirtual getFileName {reexecute=0 rethrow=0 return_oop=0}
                      ; - ui.views.v.d$a::<init>@11 (line 457)
                      ; - ui.views.v.e::getCellRenderer@92 (line 77)
  0x000002292865d89c: 606d cbfe 

  0x000002292865d8a0: ;   {other}
  0x000002292865d8a0: 0f1f 8400 | 9048 008e | baf6 ffff | ff66 6690 

  0x000002292865d8b0: ;   {runtime_call UncommonTrapBlob}
  0x000002292865d8b0: c5f8 77e8 

  0x000002292865d8b4: ; ImmutableOopMap {}
                      ;*invokevirtual intValue {reexecute=0 rethrow=0 return_oop=0}
                      ; - ui.views.v.d$a::<init>@22 (line 458)
                      ; - ui.views.v.e::getCellRenderer@92 (line 77)
  0x000002292865d8b4: 486d cbfe 

  0x000002292865d8b8: ;   {other}
  0x000002292865d8b8: 0f1f 8400 | a848 008f | 488b d0e9 | a200 0000 | 488b d0e9 | 9a00 0000 | 488b d0e9 | 9200 0000 
  0x000002292865d8d8: eb3d eb3b | 488b d0e9 | 8600 0000 | eb4a 488b | d0eb 7f48 | 8bd0 eb7a | 488b d0eb | 7548 8bd0 
  0x000002292865d8f8: eb70 488b | d0eb 6b48 | 8bd0 eb66 | eb11 488b | d0eb 5f48 | 8bd0 eb5a | 488b d0eb | 55eb 0048 
  0x000002292865d918: 8bd0 eb4e | 488b d0eb | 4948 8bd0 | eb44 488b | d0eb 3f48 | 8bd0 eb3a | 488b d0eb | 3548 8bd0 
  0x000002292865d938: eb30 488b | d0eb 2b48 | 8bd0 eb26 | 488b d0eb | 2148 8bd0 | eb1c 488b | d0eb 1748 | 8bd0 eb12 
  0x000002292865d958: 488b d0eb | 0d48 8bd0 | eb08 488b | d0eb 0348 | 8bd0 c5f8 | 7748 81c4 | a000 0000 

  0x000002292865d974: ;   {runtime_call _rethrow_Java}
  0x000002292865d974: 5de9 86de 

  0x000002292865d978: ;   {internal_word}
  0x000002292865d978: f2fe 49ba | c9ad 6528 | 2902 0000 | 4d89 9760 

  0x000002292865d988: ;   {runtime_call SafepointBlob}
  0x000002292865d988: 0400 00e9 | 707d cbfe 

  0x000002292865d990: ;   {runtime_call StubRoutines (final stubs)}
  0x000002292865d990: e8cb 73c9 | fee9 e4bc | ffff f4f4 | f4f4 f4f4 
[Stub Code]
  0x000002292865d9a0: ;   {no_reloc}
  0x000002292865d9a0: 48bb 0000 | 0000 0000 

  0x000002292865d9a8: ;   {runtime_call nmethod}
  0x000002292865d9a8: 0000 e9fb 

  0x000002292865d9ac: ;   {static_stub}
  0x000002292865d9ac: ffff ff48 | bb00 0000 | 0000 0000 

  0x000002292865d9b8: ;   {runtime_call nmethod}
  0x000002292865d9b8: 00e9 fbff 

  0x000002292865d9bc: ;   {static_stub}
  0x000002292865d9bc: ffff 48bb | 0000 0000 | 0000 0000 

  0x000002292865d9c8: ;   {runtime_call nmethod}
  0x000002292865d9c8: e9fb ffff 

  0x000002292865d9cc: ;   {static_stub}
  0x000002292865d9cc: ff48 bb00 | 0000 0000 

  0x000002292865d9d4: ;   {runtime_call nmethod}
  0x000002292865d9d4: 0000 00e9 | fbff ffff 

  0x000002292865d9dc: ;   {static_stub}
  0x000002292865d9dc: 48bb 0000 | 0000 0000 

  0x000002292865d9e4: ;   {runtime_call nmethod}
  0x000002292865d9e4: 0000 e9fb 

  0x000002292865d9e8: ;   {static_stub}
  0x000002292865d9e8: ffff ff48 | bb00 0000 | 0000 0000 

  0x000002292865d9f4: ;   {runtime_call nmethod}
  0x000002292865d9f4: 00e9 fbff 

  0x000002292865d9f8: ;   {static_stub}
  0x000002292865d9f8: ffff 48bb | 0000 0000 | 0000 0000 

  0x000002292865da04: ;   {runtime_call nmethod}
  0x000002292865da04: e9fb ffff 

  0x000002292865da08: ;   {static_stub}
  0x000002292865da08: ff48 bb00 | 0000 0000 

  0x000002292865da10: ;   {runtime_call nmethod}
  0x000002292865da10: 0000 00e9 | fbff ffff 

  0x000002292865da18: ;   {static_stub}
  0x000002292865da18: 48bb 0000 | 0000 0000 

  0x000002292865da20: ;   {runtime_call nmethod}
  0x000002292865da20: 0000 e9fb 

  0x000002292865da24: ;   {static_stub}
  0x000002292865da24: ffff ff48 | bb00 0000 | 0000 0000 

  0x000002292865da30: ;   {runtime_call nmethod}
  0x000002292865da30: 00e9 fbff 

  0x000002292865da34: ;   {static_stub}
  0x000002292865da34: ffff 48bb | 0000 0000 | 0000 0000 

  0x000002292865da40: ;   {runtime_call nmethod}
  0x000002292865da40: e9fb ffff 

  0x000002292865da44: ;   {static_stub}
  0x000002292865da44: ff48 bb00 | 0000 0000 

  0x000002292865da4c: ;   {runtime_call nmethod}
  0x000002292865da4c: 0000 00e9 | fbff ffff 

  0x000002292865da54: ;   {static_stub}
  0x000002292865da54: 48bb 0000 | 0000 0000 

  0x000002292865da5c: ;   {runtime_call nmethod}
  0x000002292865da5c: 0000 e9fb 

  0x000002292865da60: ;   {static_stub}
  0x000002292865da60: ffff ff48 | bb00 0000 | 0000 0000 

  0x000002292865da6c: ;   {runtime_call nmethod}
  0x000002292865da6c: 00e9 fbff 

  0x000002292865da70: ;   {static_stub}
  0x000002292865da70: ffff 48bb | 0000 0000 | 0000 0000 

  0x000002292865da7c: ;   {runtime_call nmethod}
  0x000002292865da7c: e9fb ffff 

  0x000002292865da80: ;   {static_stub}
  0x000002292865da80: ff48 bb00 | 0000 0000 

  0x000002292865da88: ;   {runtime_call nmethod}
  0x000002292865da88: 0000 00e9 | fbff ffff 

  0x000002292865da90: ;   {static_stub}
  0x000002292865da90: 48bb 0000 | 0000 0000 

  0x000002292865da98: ;   {runtime_call nmethod}
  0x000002292865da98: 0000 e9fb 

  0x000002292865da9c: ;   {static_stub}
  0x000002292865da9c: ffff ff48 | bb00 0000 | 0000 0000 

  0x000002292865daa8: ;   {runtime_call nmethod}
  0x000002292865daa8: 00e9 fbff 

  0x000002292865daac: ;   {static_stub}
  0x000002292865daac: ffff 48bb | 0000 0000 | 0000 0000 

  0x000002292865dab8: ;   {runtime_call nmethod}
  0x000002292865dab8: e9fb ffff 

  0x000002292865dabc: ;   {runtime_call ExceptionBlob}
  0x000002292865dabc: ffe9 bef1 | d7fe e800 | 0000 0048 | 832c 2405 

  0x000002292865dacc: ;   {runtime_call DeoptimizationBlob}
  0x000002292865dacc: e9cf 6ecb | fef4 f4f4 | f4f4 f4f4 
[/MachCode]


Compiled method (c2) 1122417 16340       4       com.jidesoft.plaf.basic.BasicJideTableUIDelegate::paintCell (322 bytes)
 total in heap  [0x0000022928574090,0x0000022928578c00] = 19312
 relocation     [0x00000229285741f0,0x0000022928574558] = 872
 constants      [0x0000022928574560,0x0000022928574580] = 32
 main code      [0x0000022928574580,0x0000022928577300] = 11648
 stub code      [0x0000022928577300,0x0000022928577418] = 280
 oops           [0x0000022928577418,0x0000022928577430] = 24
 metadata       [0x0000022928577430,0x00000229285775e8] = 440
 scopes data    [0x00000229285775e8,0x00000229285781b8] = 3024
 scopes pcs     [0x00000229285781b8,0x0000022928578828] = 1648
 dependencies   [0x0000022928578828,0x0000022928578898] = 112
 handler table  [0x0000022928578898,0x0000022928578b20] = 648
 nul chk table  [0x0000022928578b20,0x0000022928578c00] = 224


[Constant Pool]
             Address          hex4                    hex8      
  0x0000022928574560:   0x40000000      0xf4f4f4f440000000      
  0x0000022928574564:   0xf4f4f4f4                              
  0x0000022928574568:   0xf4f4f4f4      0xf4f4f4f4f4f4f4f4      
  0x000002292857456c:   0xf4f4f4f4                              
  0x0000022928574570:   0xf4f4f4f4      0xf4f4f4f4f4f4f4f4      
  0x0000022928574574:   0xf4f4f4f4                              
  0x0000022928574578:   0xf4f4f4f4      0xf4f4f4f4f4f4f4f4      
  0x000002292857457c:   0xf4f4f4f4                              

[MachCode]
[Entry Point]
  # {method} {0x000002297e8451e8} 'paintCell' '(Ljava/awt/Graphics;Ljava/awt/Rectangle;II)V' in 'com/jidesoft/plaf/basic/BasicJideTableUIDelegate'
  # this:     rdx:rdx   = 'com/jidesoft/plaf/basic/BasicJideTableUIDelegate'
  # parm0:    r8:r8     = 'java/awt/Graphics'
  # parm1:    r9:r9     = 'java/awt/Rectangle'
  # parm2:    rdi       = int
  # parm3:    rsi       = int
  #           [sp+0xb0]  (sp of caller)
  0x0000022928574580: ;   {no_reloc}
  0x0000022928574580: 448b 5208 | 49bb 0000 | 003a 2902 | 0000 4d03 | d349 3bc2 

  0x0000022928574594: ;   {runtime_call ic_miss_stub}
  0x0000022928574594: 0f85 e6a1 | d9fe 6690 | 0f1f 4000 
[Verified Entry Point]
  0x00000229285745a0: 8984 2400 | 80ff ff55 | 4881 eca0 | 0000 0090 | 4181 7f20 | 2400 0000 | 0f85 382d | 0000 8974 
  0x00000229285745c0: 243c 897c | 2438 4c89 | 4424 284c 

  0x00000229285745cc: ;   {oop(a 'java/lang/Class'{0x00000006845b56f0} = 'com/jidesoft/plaf/basic/BasicCellStyleTableHeaderUIDelegate')}
  0x00000229285745cc: 8bc2 49ba | f056 5b84 | 0600 0000 | 410f b66a | 7085 ed0f | 858b 1e00 | 008b 4a0c 

  0x00000229285745e8: ; implicit exception: dispatches to 0x0000022928576c98
  0x00000229285745e8: 418b accc | 9801 0000 | 85ed 0f85 | 6021 0000 | 4d85 c90f | 8473 2100 | 0045 8b5c | cc08 498d 
  0x0000022928574608: ;   {metadata('ui/views/v/e')}
  0x0000022928574608: 14cc 4181 | fb00 809f | 010f 8537 | 0c00 004c | 894c 2440 | 4c89 4424 | 3044 8bc7 

  0x0000022928574624: ;   {optimized virtual_call}
  0x0000022928574624: 448b cee8 

  0x0000022928574628: ; ImmutableOopMap {[40]=Oop [48]=Oop [64]=Oop }
                      ;*invokevirtual getCellRenderer {reexecute=0 rethrow=0 return_oop=1}
                      ; - com.jidesoft.plaf.basic.BasicJideTableUIDelegate::paintCell@104
  0x0000022928574628: 3450 0e00 

  0x000002292857462c: ;   {other}
  0x000002292857462c: 0f1f 8400 | 9c05 0000 | 4889 4424 | 4848 85c0 | 0f84 4a21 | 0000 4c8b | 5424 3041 | 8b6a 0c45 
  0x000002292857464c: 8b5c ec08 | 498d 14ec 

  0x0000022928574654: ;   {metadata('ui/views/v/e')}
  0x0000022928574654: 4181 fb00 | 809f 010f | 8560 0c00 | 004c 8bc0 | 448b 4c24 | 388b 7c24 

  0x000002292857466c: ;   {optimized virtual_call}
  0x000002292857466c: 3c66 90e8 

  0x0000022928574670: ; ImmutableOopMap {[40]=Oop [48]=Oop [64]=Oop [72]=Oop }
                      ;*invokevirtual prepareRenderer {reexecute=0 rethrow=0 return_oop=1}
                      ; - com.jidesoft.plaf.basic.BasicJideTableUIDelegate::paintCell@124
  0x0000022928574670: 6c7e f8ff 

  0x0000022928574674: ;   {other}
  0x0000022928574674: 0f1f 8400 | e405 0001 | 4885 c00f | 841f 2100 | 0048 8b6c | 2430 448b | 550c 478b | 9cd4 8c00 
  0x0000022928574694: 0000 4889 | 4424 204d | 8bc3 49c1 | e003 488b | d048 b8ff | ffff ffff 

  0x00000229285746ac: ;   {virtual_call}
  0x00000229285746ac: ffff ffe8 

  0x00000229285746b0: ; ImmutableOopMap {rbp=Oop [32]=Oop [40]=Oop [48]=Oop [64]=Oop [72]=Oop }
                      ;*invokevirtual setComponentOrientation {reexecute=0 rethrow=0 return_oop=0}
                      ; - com.jidesoft.plaf.basic.BasicJideTableUIDelegate::paintCell@148
  0x00000229285746b0: 243e f9fe 

  0x00000229285746b4: ;   {other}
  0x00000229285746b4: 0f1f 8400 | 2406 0002 | 4c8b 7424 | 3044 8b5d | 0c47 8b54 | dc08 49bb | 0000 003a | 2902 0000 
  0x00000229285746d4: 4d03 da4d 

  0x00000229285746d8: ;   {metadata('com/jidesoft/grid/JideTable')}
  0x00000229285746d8: 8b53 5849 | bba0 2219 | 3b29 0200 | 004d 3bd3 | 0f85 0a1c | 0000 488b | 5c24 2844 

  0x00000229285746f4: ;   {metadata('sun/java2d/SunGraphics2D')}
  0x00000229285746f4: 8b5b 0841 | 81fb 00cf | 2401 0f85 | 201c 0000 | 4d8b afb8 | 0100 004d | 8bd5 4981 | c2d0 0000 
  0x0000022928574714: 004d 3b97 | c801 0000 | 0f83 2419 | 0000 4d89 | 97b8 0100 | 0041 0f18 | 8200 0100 | 0049 c745 
  0x0000022928574734: 0001 0000 

  0x0000022928574738: ;   {metadata('sun/java2d/SunGraphics2D')}
  0x0000022928574738: 0041 c745 | 0800 cf24 | 0148 8bfb | 4883 c708 | 498b d548 | 83c2 0848 | 8bcf 41b8 | 1900 0000 
  0x0000022928574758: 49ba 6033 | 2f27 2902 | 0000 41ff 

  0x0000022928574764: ;   {other}
  0x0000022928574764: d20f 1f84 | 0000 0000 | 004d 8b97 | b801 0000 | 4d8b da49 | 83c3 484d | 3b9f c801 | 0000 0f83 
  0x0000022928574784: 7a18 0000 | 4d89 9fb8 | 0100 0041 | 0f18 8300 | 0100 0049 | c702 0100 

  0x000002292857479c: ;   {metadata('java/awt/geom/AffineTransform')}
  0x000002292857479c: 0000 41c7 | 4208 7850 | 0601 4589 | 620c 4d89 | 6210 4d89 | 6218 4d89 | 6220 4d89 | 6228 4d89 
  0x00000229285747bc: 6230 4d89 | 6238 4d89 | 6240 8bab | 8c00 0000 

  0x00000229285747cc: ; implicit exception: dispatches to 0x0000022928576d18
  0x00000229285747cc: 418b 74ec | 0c41 807f | 4000 0f85 | 350f 0000 | 4189 720c | c4c1 7b10 | 44ec 10c4 | c17b 1142 
  0x00000229285747ec: 10c4 c17b | 1044 ec18 | c4c1 7b11 | 4218 c4c1 | 7b10 44ec | 20c4 c17b | 1142 20c4 | c17b 1044 
  0x000002292857480c: ec28 c4c1 | 7b11 4228 | c4c1 7b10 | 44ec 30c4 | c17b 1142 | 30c4 c17b | 1044 ec38 | c4c1 7b11 
  0x000002292857482c: 4238 458b | 5cec 4045 | 895a 404d | 8bdd 4d8b | ca4d 33cb | 4d8b c249 | c1e8 0345 | 8985 8c00 
  0x000002292857484c: 0000 49c1 | e916 4d85 | c974 1a49 | c1eb 0948 | b900 00c9 | 2c29 0200 | 0049 03cb | 8039 020f 
  0x000002292857486c: 8516 1200 | 0044 8b93 | a400 0000 | 4585 d20f | 85f8 0b00 | 008b abb8 | 0000 0085 | ed0f 852d 
  0x000002292857488c: 1f00 008b | abbc 0000 | 0085 ed0f | 8543 1f00 

  0x000002292857489c: ;   {no_reloc}
  0x000002292857489c: 0045 8b5e | 0c47 8b44 | dc08 49ba | 0000 003a | 2902 0000 | 4d03 d04d 

  0x00000229285748b4: ;   {metadata('com/jidesoft/grid/JideTable')}
  0x00000229285748b4: 8b52 5849 | b8a0 2219 | 3b29 0200 | 004d 3bd0 | 0f85 921a 

  0x00000229285748c8: ;   {oop(a 'java/lang/Class'{0x00000006809be180} = 'com/jidesoft/grid/JideTable')}
  0x00000229285748c8: 0000 49ba | 80e1 9b80 | 0600 0000 | 418b aaa8 | 0000 004f | 8d14 dc45 

  0x00000229285748e0: ;   {metadata('ui/views/v/e')}
  0x00000229285748e0: 8b42 0841 | 81f8 0080 | 9f01 0f85 | b10a 0000 | 418b b2dc | 0200 0085 | ed0f 85ee | 1d00 0041 
  0x0000022928574900: 8b6c f450 | 85ed 0f85 | 681f 0000 | 4d85 ed0f | 8452 1900 | 0041 807f | 4000 0f85 | 3e0f 0000 
  0x0000022928574920: ;   {oop(a 'sun/java2d/NullSurfaceData'{0x00000006807142d8})}
  0x0000022928574920: 41c7 4560 | 5b28 0ed0 

  0x0000022928574928: ;   {oop(a 'sun/java2d/NullSurfaceData'{0x00000006807142d8})}
  0x0000022928574928: 4d8b d549 | bbd8 4271 | 8006 0000 | 004d 33da | 49c1 eb16 | 4d85 db74 | 1a49 c1ea | 0948 b900 
  0x0000022928574948: 00c9 2c29 | 0200 0049 | 03ca 8039 | 020f 857a | 1100 0041 | 807f 4000 | 0f85 2f0f 

  0x0000022928574964: ;   {oop(a 'java/lang/Class'{0x0000000680aa0138} = 'sun/java2d/SunGraphics2D')}
  0x0000022928574964: 0000 49ba | 3801 aa80 | 0600 0000 | 458b 427c | 4589 4564 | 4d8b d54d | 8bd8 49c1 | e303 4d33 
  0x0000022928574984: da49 c1eb | 164d 85db | 741f 4585 | c074 1a49 | c1ea 0948 | b900 00c9 | 2c29 0200 | 0049 03ca 
  0x00000229285749a4: 8039 020f | 8578 1200 | 0041 807f | 4000 0f85 | 6f0e 0000 

  0x00000229285749b8: ;   {oop(a 'java/lang/Class'{0x0000000680aa0138} = 'sun/java2d/SunGraphics2D')}
  0x00000229285749b8: 49ba 3801 | aa80 0600 | 0000 458b | 4a7c 4589 | 4d68 4d8b | d54d 8bd9 | 49c1 e303 | 4d33 da49 
  0x00000229285749d8: c1eb 164d | 85db 741f | 4585 c974 | 1a49 c1ea | 0948 b900 | 00c9 2c29 | 0200 0049 | 03ca 8039 
  0x00000229285749f8: 020f 8534 | 1300 0041 | 807f 4000 | 0f85 410d 

  0x0000022928574a08: ;   {oop(a 'java/lang/Class'{0x0000000680aa0138} = 'sun/java2d/SunGraphics2D')}
  0x0000022928574a08: 0000 49ba | 3801 aa80 | 0600 0000 | 458b 427c | 4589 4570 | 4d8b d54d | 8bd8 49c1 | e303 4d33 
  0x0000022928574a28: da49 c1eb | 164d 85db | 741f 4585 | c074 1a49 | c1ea 0948 | b900 00c9 | 2c29 0200 | 0049 03ca 
  0x0000022928574a48: 8039 020f | 8588 1200 | 0041 807f | 4000 0f85 | 5d0d 0000 

  0x0000022928574a5c: ;   {oop(a 'java/lang/Class'{0x0000000680aa0138} = 'sun/java2d/SunGraphics2D')}
  0x0000022928574a5c: 49ba 3801 | aa80 0600 | 0000 458b | 4a7c 4589 | 4d74 4d8b | d54d 8bd9 | 49c1 e303 | 4d33 da49 
  0x0000022928574a7c: c1eb 164d | 85db 741f | 4585 c974 | 1a49 c1ea | 0948 b900 | 00c9 2c29 | 0200 0049 | 03ca 8039 
  0x0000022928574a9c: 020f 85dc | 1100 0041 | 807f 4000 | 0f85 d40c 

  0x0000022928574aac: ;   {oop(a 'java/lang/Class'{0x0000000680aa0138} = 'sun/java2d/SunGraphics2D')}
  0x0000022928574aac: 0000 49ba | 3801 aa80 | 0600 0000 | 458b 427c | 4589 456c | 4d8b d54d | 8bd8 49c1 | e303 4d33 
  0x0000022928574acc: da49 c1eb | 164d 85db | 741f 4585 | c074 1a49 | c1ea 0948 | b900 00c9 | 2c29 0200 | 0049 03ca 
  0x0000022928574aec: 8039 020f | 85d6 1000 | 0041 807f | 4000 0f85 | f00c 0000 | 4589 657c | 458b 4610 | 418b 6e0c 
  0x0000022928574b0c: 4c8b 4c24 | 4045 8b51 | 1845 8b59 | 0c41 8b49 | 1041 8b41 | 1445 85c0 | 0f84 5217 | 0000 4889 
  0x0000022928574b2c: 7c24 3048 | 895c 2450 | 4c89 7424 | 2848 8bfd | 48c1 e703 | 4b8d 14c4 | 4c8b c34c | 8b4c 2420 
  0x0000022928574b4c: 418b f389 | 0424 4489 | 5424 0841 | bb01 0000 | 0044 895c 

  0x0000022928574b60: ;   {optimized virtual_call}
  0x0000022928574b60: 2410 90e8 

  0x0000022928574b64: ; ImmutableOopMap {[32]=Oop [40]=Oop [64]=Oop [72]=Oop [80]=Oop [48]=Derived_oop_[80] }
                      ;*invokevirtual paintComponent {reexecute=0 rethrow=0 return_oop=0}
                      ; - com.jidesoft.plaf.basic.BasicJideTableUIDelegate::paintCell@228
  0x0000022928574b64: d8be 8fff 

  0x0000022928574b68: ;   {other}
  0x0000022928574b68: 0f1f 8400 | d80a 0003 | 4c8b 5c24 | 2845 8b4b | 1045 85c9 | 0f84 2617 | 0000 4b8d 

  0x0000022928574b84: ;   {oop(a 'java/awt/Component$AWTTreeLock'{0x0000000680713eb0})}
  0x0000022928574b84: 3ccc 49b8 | b03e 7180 | 0600 0000 | 488d 9c24 | 9000 0000 | 498b 00a8 | 020f 8523 | 0000 0048 
  0x0000022928574ba4: 83c8 0148 | 8903 f049 | 0fb1 180f | 8437 0000 | 0048 2bc4 | 4825 07f0 | ffff 4889 | 03e9 2400 
  0x0000022928574bc4: 0000 4c8b | d048 33c0 | f04d 0fb1 | 7a3e 48c7 | 0303 0000 | 0074 114c | 3bf8 7515 | 49ff 8286 
  0x0000022928574be4: 0000 0048 | 33c0 7509 | 49ff 8748 | 0500 0033 | c00f 8579 | 1700 0048 | 8b4c 2420 | 8b69 4441 
  0x0000022928574c04: 3be9 0f85 | b718 0000 | 438b accc | e800 0000 

  0x0000022928574c14: ; implicit exception: dispatches to 0x0000022928576d94
  0x0000022928574c14: 458b 44ec 

  0x0000022928574c18: ;   {metadata('java/util/ArrayList')}
  0x0000022928574c18: 0841 81f8 | 30a5 0b00 | 0f85 8c17 | 0000 4d8d | 04ec 458b | 5010 4585 | d20f 8e9c | 1700 0041 
  0x0000022928574c38: 8b68 1441 | 8b5c ec0c | 85db 0f86 | 7816 0000 | 4d63 c248 | 63db 49ff | c84c 3bc3 | 0f83 6616 
  0x0000022928574c58: 0000 498d | 34ec 4533 | c9ba e803 | 0000 4533 | c048 b800 | 00c9 2c29 | 0200 0041 | 8bda 412b 
  0x0000022928574c78: d845 3bd0 | 410f 4cd9 | 81fb e803 | 0000 0f47 | da41 03d8 | 498b eb48 | 8944 2460 | 4889 4c24 
  0x0000022928574c98: 200f 1f80 | 0000 0000 | 468b 5c86 | 1049 c1e3 | 0348 8b4c | 2420 493b | cb0f 856b | 0500 0048 
  0x0000022928574cb8: ;   {optimized virtual_call}
  0x0000022928574cb8: 8bd7 90e8 

  0x0000022928574cbc: ; ImmutableOopMap {rbp=Oop [32]=Oop [64]=Oop [72]=Oop [80]=Oop [48]=Derived_oop_[80] }
                      ;*invokevirtual remove {reexecute=0 rethrow=0 return_oop=0}
                      ; - java.awt.Container::remove@32 (line 1293)
                      ; - com.jidesoft.plaf.basic.BasicJideTableUIDelegate::paintCell@242
  0x0000022928574cbc: a0c2 f3ff 

  0x0000022928574cc0: ;   {other}
  0x0000022928574cc0: 0f1f 8400 | 300c 0004 

  0x0000022928574cc8: ;   {oop(a 'java/awt/Component$AWTTreeLock'{0x0000000680713eb0})}
  0x0000022928574cc8: 49bb b03e | 7180 0600 | 0000 488d | 8424 9000 | 0000 4883 | 3800 0f84 | 7900 0000 | 4d8b 1341 
  0x0000022928574ce8: f6c2 020f | 8462 0000 | 0049 83ba | 8600 0000 | 0074 0949 | ff8a 8600 | 0000 eb4b | 498b 8296 
  0x0000022928574d08: 0000 0049 | 0b82 8e00 | 0000 750a | 49c7 423e | 0000 0000 | eb3d 4983 | ba9e 0000 | 0000 7422 
  0x0000022928574d28: 4833 c049 | c742 3e00 | 0000 00f0 | 8304 2400 | 4983 ba9e | 0000 0000 | 750d f04d | 0fb1 7a3e 
  0x0000022928574d48: 7505 83c8 | 01eb 0ca8 | 00eb 084c | 8b10 f04d | 0fb1 1375 | 0a49 ff8f | 4805 0000 | 4533 d20f 
  0x0000022928574d68: 858b 1600 | 0048 8bdd | 448b 530c 

  0x0000022928574d74: ; implicit exception: dispatches to 0x0000022928576dc0
  0x0000022928574d74: 478b 5cd4 | 0849 ba00 | 0000 3a29 | 0200 004d | 03d3 4d8b 

  0x0000022928574d88: ;   {metadata('com/jidesoft/grid/JideTable')}
  0x0000022928574d88: 5258 49bb | a022 193b | 2902 0000 | 4d3b d30f | 858a 1600 | 004d 8baf | b801 0000 | 4d8b d549 
  0x0000022928574da8: 81c2 d000 | 0000 4d3b | 97c8 0100 | 000f 83ed | 1200 004d | 8997 b801 | 0000 410f | 1882 0001 
  0x0000022928574dc8: 0000 49c7 | 4500 0100 

  0x0000022928574dd0: ;   {metadata('sun/java2d/SunGraphics2D')}
  0x0000022928574dd0: 0000 41c7 | 4508 00cf | 2401 498b | d548 83c2 | 0848 8b4c | 2430 41b8 | 1900 0000 | 49ba 6033 
  0x0000022928574df0: 2f27 2902 | 0000 41ff 

  0x0000022928574df8: ;   {other}
  0x0000022928574df8: d20f 1f84 | 0000 0000 | 004d 8b87 | b801 0000 | 4d8b d049 | 83c2 484d | 3b97 c801 | 0000 0f83 
  0x0000022928574e18: 5c12 0000 | 4d89 97b8 | 0100 0041 | 0f18 8200 | 0100 0049 | c700 0100 

  0x0000022928574e30: ;   {metadata('java/awt/geom/AffineTransform')}
  0x0000022928574e30: 0000 41c7 | 4008 7850 | 0601 4589 | 600c 4d89 | 6010 4d89 | 6018 4d89 | 6020 4d89 | 6028 4d89 
  0x0000022928574e50: 6030 4d89 | 6038 4d89 | 6040 488b | 7c24 508b | af8c 0000 | 0041 8b74 | ec0c 4180 | 7f40 000f 
  0x0000022928574e70: 8557 0a00 | 0041 8970 | 0c45 8b5c | ec40 4589 | 5840 c4c1 | 7b10 44ec | 10c4 c17b | 1140 10c4 
  0x0000022928574e90: c17b 1044 | ec18 c4c1 | 7b11 4018 | c4c1 7b10 | 44ec 20c4 | c17b 1140 | 20c4 c17b | 1044 ec28 
  0x0000022928574eb0: c4c1 7b11 | 4028 c4c1 | 7b10 44ec | 30c4 c17b | 104c ec38 | c4c1 7b11 | 4030 c4c1 | 7b11 4838 
  0x0000022928574ed0: 4d8b d049 | c1ea 0345 | 8995 8c00 | 0000 4d8b | d04d 8bdd | 4d33 d349 | c1ea 164d | 85d2 741a 
  0x0000022928574ef0: 49c1 eb09 | 48b9 0000 | c92c 2902 | 0000 4903 | cb80 3902 | 0f85 250c | 0000 448b | 9fa4 0000 
  0x0000022928574f10: 0045 85db | 0f85 fa05 | 0000 8baf | b800 0000 | 85ed 0f85 | dc18 0000 | 8baf bc00 | 0000 85ed 
  0x0000022928574f30: ;   {no_reloc}
  0x0000022928574f30: 0f85 0619 | 0000 448b | 530c 478b | 5cd4 0849 | b800 0000 | 3a29 0200 | 004d 03c3 | 4d8b 5858 
  0x0000022928574f50: ;   {metadata('com/jidesoft/grid/JideTable')}
  0x0000022928574f50: 49b8 a022 | 193b 2902 | 0000 4d3b | d80f 85e1 

  0x0000022928574f60: ;   {oop(a 'java/lang/Class'{0x00000006809be180} = 'com/jidesoft/grid/JideTable')}
  0x0000022928574f60: 1400 0049 | bb80 e19b | 8006 0000 | 0045 8b9b | a800 0000 | 4f8d 04d4 | 458b 5008 

  0x0000022928574f7c: ;   {metadata('ui/views/v/e')}
  0x0000022928574f7c: 4181 fa00 | 809f 010f | 8567 0400 | 0045 8b88 | dc02 0000 | 4585 db0f | 8583 1700 | 0043 8b6c 
  0x0000022928574f9c: cc48 85ed | 0f85 f618 | 0000 438b | 6ccc 4c85 | ed0f 850d | 1900 004d | 85ed 0f84 | 2813 0000 
  0x0000022928574fbc: 4180 7f40 | 000f 851b 

  0x0000022928574fc4: ;   {oop(a 'sun/java2d/NullSurfaceData'{0x00000006807142d8})}
  0x0000022928574fc4: 0a00 0041 | c745 605b 

  0x0000022928574fcc: ;   {oop(a 'sun/java2d/NullSurfaceData'{0x00000006807142d8})}
  0x0000022928574fcc: 280e d049 | bad8 4271 | 8006 0000 | 004d 8bdd | 4d33 d349 | c1ea 164d | 85d2 741a | 49c1 eb09 
  0x0000022928574fec: 48b9 0000 | c92c 2902 | 0000 4903 | cb80 3902 | 0f85 7b0b | 0000 4180 | 7f40 000f | 8543 0a00 
  0x000002292857500c: ;   {oop(a 'java/lang/Class'{0x0000000680aa0138} = 'sun/java2d/SunGraphics2D')}
  0x000002292857500c: 0049 ba38 | 01aa 8006 | 0000 0045 | 8b52 7c45 | 8955 644d | 8bdd 4d8b | c249 c1e0 | 034d 33c3 
  0x000002292857502c: 49c1 e816 | 4d85 c074 | 1f45 85d2 | 741a 49c1 | eb09 48b9 | 0000 c92c | 2902 0000 | 4903 cb80 
  0x000002292857504c: 3902 0f85 | 270e 0000 | 4180 7f40 | 000f 8515 

  0x000002292857505c: ;   {oop(a 'java/lang/Class'{0x0000000680aa0138} = 'sun/java2d/SunGraphics2D')}
  0x000002292857505c: 0900 0049 | ba38 01aa | 8006 0000 | 0045 8b5a | 7c45 895d | 684d 8bd5 | 4d8b c349 | c1e0 034d 
  0x000002292857507c: 33c2 49c1 | e816 4d85 | c074 1f45 | 85db 741a | 49c1 ea09 | 48b9 0000 | c92c 2902 | 0000 4903 
  0x000002292857509c: ca80 3902 | 0f85 230e | 0000 4180 | 7f40 000f | 8555 0800 

  0x00000229285750b0: ;   {oop(a 'java/lang/Class'{0x0000000680aa0138} = 'sun/java2d/SunGraphics2D')}
  0x00000229285750b0: 0049 ba38 | 01aa 8006 | 0000 0045 | 8b52 7c45 | 8955 704d | 8bdd 4d8b | c249 c1e0 | 034d 33c3 
  0x00000229285750d0: 49c1 e816 | 4d85 c074 | 1f45 85d2 | 741a 49c1 | eb09 48b9 | 0000 c92c | 2902 0000 | 4903 cb80 
  0x00000229285750f0: 3902 0f85 | 350d 0000 | 4180 7f40 | 000f 85a8 

  0x0000022928575100: ;   {oop(a 'java/lang/Class'{0x0000000680aa0138} = 'sun/java2d/SunGraphics2D')}
  0x0000022928575100: 0800 0049 | ba38 01aa | 8006 0000 | 0045 8b5a | 7c45 895d | 744d 8bd5 | 4d8b c349 | c1e0 034d 
  0x0000022928575120: 33c2 49c1 | e816 4d85 | c074 1f45 | 85db 741a | 49c1 ea09 | 48b9 0000 | c92c 2902 | 0000 4903 
  0x0000022928575140: ca80 3902 | 0f85 950c | 0000 4180 | 7f40 000f | 85e8 0700 

  0x0000022928575154: ;   {oop(a 'java/lang/Class'{0x0000000680aa0138} = 'sun/java2d/SunGraphics2D')}
  0x0000022928575154: 0049 ba38 | 01aa 8006 | 0000 0045 | 8b52 7c45 | 8955 6c4d | 8bdd 4d8b | c249 c1e0 | 034d 33c3 
  0x0000022928575174: 49c1 e816 | 4d85 c074 | 1b45 85d2 | 7416 49c1 | eb09 4c8b | 4424 604d | 03c3 4180 | 3802 0f85 
  0x0000022928575194: f50b 0000 | 4180 7f40 | 000f 8576 | 0800 0045 | 8965 7c44 | 8b5b 0c47 | 8b54 dc08 | 49b8 0000 
  0x00000229285751b4: 003a 2902 | 0000 4d03 | c24d 8b50 

  0x00000229285751c0: ;   {metadata('com/jidesoft/grid/JideTable')}
  0x00000229285751c0: 5849 b8a0 | 2219 3b29 | 0200 004d | 3bd0 0f85 | 8812 0000 | 4b8d 14dc | 448b 5208 

  0x00000229285751dc: ;   {metadata('ui/views/v/e')}
  0x00000229285751dc: 4181 fa00 | 809f 010f | 855f 0200 | 004c 8b44 | 2448 448b | 4c24 388b | 7c24 3c48 | 8b74 2420 
  0x00000229285751fc: ;   {optimized virtual_call}
  0x00000229285751fc: 6666 90e8 

  0x0000022928575200: ; ImmutableOopMap {}
                      ;*invokevirtual releaseRendererComponent {reexecute=0 rethrow=0 return_oop=0}
                      ; - com.jidesoft.plaf.basic.BasicJideTableUIDelegate::paintCell@318
  0x0000022928575200: 1ce2 f6ff 

  0x0000022928575204: ;   {other}
  0x0000022928575204: 0f1f 8400 | 7411 0005 | 4881 c4a0 | 0000 005d 

  0x0000022928575214: ;   {poll_return}
  0x0000022928575214: 493b a748 | 0400 000f | 87bf 2000 | 00c3 41ff | c044 3bc3 | 0f8c 72fa | ffff 4d8b | 9f50 0400 
  0x0000022928575234: ; ImmutableOopMap {rcx=Oop rdi=Oop rsi=Oop rbp=Oop [64]=Oop [72]=Oop [80]=Oop [48]=Derived_oop_[80] }
                      ;*goto {reexecute=1 rethrow=0 return_oop=0}
                      ; - (reexecute) java.util.ArrayList::indexOfRange@66 (line 298)
                      ; - java.util.ArrayList::indexOf@7 (line 286)
                      ; - java.awt.Container::remove@20 (line 1291)
                      ; - com.jidesoft.plaf.basic.BasicJideTableUIDelegate::paintCell@242
                      ;   {poll}
  0x0000022928575234: 0041 8503 | 453b c20f | 8d8f 1100 | 004c 8bdd | 488b 4424 | 60e9 25fa 

  0x000002292857524c: ;   {metadata('ui/dlg/q/ar')}
  0x000002292857524c: ffff 4181 | fb58 499c | 010f 8525 | 1700 004c | 894c 2440 | 4c89 4424 | 304c 8bd2 | 4c89 5424 
  0x000002292857526c: ;   {oop(a 'java/lang/Class'{0x00000006809be180} = 'com/jidesoft/grid/JideTable')}
  0x000002292857526c: 2049 ba80 | e19b 8006 | 0000 0041 | 8baa a800 | 0000 488b 

  0x0000022928575280: ;   {optimized virtual_call}
  0x0000022928575280: 5424 20e8 

  0x0000022928575284: ; ImmutableOopMap {rbp=NarrowOop [32]=Oop [40]=Oop [48]=Oop [64]=Oop }
                      ;*invokevirtual getExpandableColumnViewIndex {reexecute=0 rethrow=0 return_oop=0}
                      ; - com.jidesoft.grid.TreeTable::getCellRenderer@6
                      ; - com.jidesoft.plaf.basic.BasicJideTableUIDelegate::paintCell@104
  0x0000022928575284: f897 d9fe 

  0x0000022928575288: ;   {other}
  0x0000022928575288: 0f1f 8400 | f811 0007 | 448b 5424 | 3c44 3bd0 | 0f84 0503 | 0000 418b | ea48 8b54 | 2420 448b 
  0x00000229285752a8: 4424 3845 

  0x00000229285752ac: ;   {optimized virtual_call}
  0x00000229285752ac: 8bca 90e8 

  0x00000229285752b0: ; ImmutableOopMap {[40]=Oop [48]=Oop [64]=Oop }
                      ;*invokevirtual getActualCellRenderer {reexecute=0 rethrow=0 return_oop=1}
                      ; - com.jidesoft.grid.TreeTable::getCellRenderer@73
                      ; - com.jidesoft.plaf.basic.BasicJideTableUIDelegate::paintCell@104
  0x00000229285752b0: cc97 d9fe 

  0x00000229285752b4: ;   {other}
  0x00000229285752b4: 0f1f 8400 | 2412 0008 | e973 f3ff 

  0x00000229285752c0: ;   {metadata('ui/dlg/q/ar')}
  0x00000229285752c0: ff41 81fb | 5849 9c01 | 0f85 da16 | 0000 4c8b | d24c 8954 | 2458 498b | d24c 8bc0 | 448b 4c24 
  0x00000229285752e0: 388b 7c24 

  0x00000229285752e4: ;   {optimized virtual_call}
  0x00000229285752e4: 3c66 90e8 

  0x00000229285752e8: ; ImmutableOopMap {[40]=Oop [48]=Oop [64]=Oop [72]=Oop [88]=Oop }
                      ;*invokespecial prepareRenderer {reexecute=0 rethrow=0 return_oop=1}
                      ; - ui.dlg.q.ar::prepareRenderer@4 (line 912)
                      ; - com.jidesoft.plaf.basic.BasicJideTableUIDelegate::paintCell@124
  0x00000229285752e8: 9497 d9fe 

  0x00000229285752ec: ;   {other}
  0x00000229285752ec: 0f1f 8400 | 5c12 0009 | 4889 4424 | 204c 8b54 | 2458 458b | 9ad0 0300 | 0047 8b94 | dce0 0100 
  0x000002292857530c: 0045 85d2 | 0f84 5616 | 0000 4b8d | 14d4 448b 

  0x000002292857531c: ;   {optimized virtual_call}
  0x000002292857531c: 4424 3ce8 

  0x0000022928575320: ; ImmutableOopMap {[32]=Oop [40]=Oop [48]=Oop [64]=Oop [72]=Oop [88]=Oop }
                      ;*invokevirtual convertColumnIndexToModel {reexecute=0 rethrow=0 return_oop=0}
                      ; - ui.dlg.q.ar::prepareRenderer@17 (line 913)
                      ; - com.jidesoft.plaf.basic.BasicJideTableUIDelegate::paintCell@124
  0x0000022928575320: 5c97 d9fe 

  0x0000022928575324: ;   {other}
  0x0000022928575324: 0f1f 8400 | 9412 000a | 8944 2450 | 4c8b 5424 | 5845 8b9a | d003 0000 

  0x000002292857533c: ; implicit exception: dispatches to 0x0000022928576f28
  0x000002292857533c: 438b acdc | 0002 0000 

  0x0000022928575344: ; implicit exception: dispatches to 0x0000022928576f3c
  0x0000022928575344: 458b 54ec 

  0x0000022928575348: ;   {metadata('ui/dlg/q/s')}
  0x0000022928575348: 0849 bb00 | 809c 3b29 | 0200 0049 | b800 0000 | 3a29 0200 | 004d 03c2 | 4d8b 5058 | 4d3b d30f 
  0x0000022928575368: 85d6 1600 | 0049 8d14 | ec44 8bc0 

  0x0000022928575374: ;   {optimized virtual_call}
  0x0000022928575374: 6666 90e8 

  0x0000022928575378: ; ImmutableOopMap {[32]=Oop [40]=Oop [48]=Oop [64]=Oop [72]=Oop [88]=Oop }
                      ;*invokevirtual QH {reexecute=0 rethrow=0 return_oop=1}
                      ; - ui.dlg.q.ar::prepareRenderer@31 (line 914)
                      ; - com.jidesoft.plaf.basic.BasicJideTableUIDelegate::paintCell@124
  0x0000022928575378: 0497 d9fe 

  0x000002292857537c: ;   {other}
  0x000002292857537c: 0f1f 8400 | ec12 000b 

  0x0000022928575384: ;   {oop(a 'ui/dlg/q/am$a'{0x0000000684561188})}
  0x0000022928575384: 49ba 8811 | 5684 0600 | 0000 493b | c20f 842c | 0200 0048 | 8b44 2420 | e9db f2ff 

  0x00000229285753a0: ;   {metadata('ui/dlg/q/ar')}
  0x00000229285753a0: ff41 81f8 | 5849 9c01 | 0f85 aa16 | 0000 418b | b2dc 0200 | 0085 ed0f | 854d 1700 | 0041 8b6c 
  0x00000229285753c0: f450 85ed | 0f84 42f5 | ffff ba45 | ffff ff4c | 8974 2430 | 4889 5c24 | 504c 8954 | 2460 4c89 
  0x00000229285753e0: ;   {runtime_call UncommonTrapBlob}
  0x00000229285753e0: 6c24 68e8 

  0x00000229285753e4: ; ImmutableOopMap {rbp=NarrowOop [32]=Oop [48]=Oop [64]=Oop [72]=Oop [80]=Oop [96]=Oop [104]=Oop }
                      ;*ifnull {reexecute=1 rethrow=0 return_oop=0}
                      ; - (reexecute) com.jidesoft.grid.CellStyleTable::paintCellUnderlay@39
                      ; - com.jidesoft.plaf.basic.BasicJideTableUIDelegate::paintCell@187
  0x00000229285753e4: 18f2 d9fe 

  0x00000229285753e8: ;   {other}
  0x00000229285753e8: 0f1f 8400 | 5813 000c 

  0x00000229285753f0: ;   {metadata('ui/dlg/q/ar')}
  0x00000229285753f0: 4181 fa58 | 499c 010f | 8587 1600 | 0041 8b88 | dc02 0000 | 4585 db0f | 852b 1700 | 0041 8b6c 
  0x0000022928575410: cc48 85ed | 0f85 5a17 | 0000 418b | 6ccc 4c85 | ed0f 848c | fbff ffba | 45ff ffff | 4889 5c24 
  0x0000022928575430: 284c 8944 | 2458 4c89 

  0x0000022928575438: ;   {runtime_call UncommonTrapBlob}
  0x0000022928575438: 6c24 60e8 

  0x000002292857543c: ; ImmutableOopMap {rbp=NarrowOop [32]=Oop [40]=Oop [64]=Oop [72]=Oop [88]=Oop [96]=Oop }
                      ;*ifnull {reexecute=1 rethrow=0 return_oop=0}
                      ; - (reexecute) com.jidesoft.grid.CellStyleTable::paintCellOverlay@92
                      ; - ui.utils.k.j.ad::paintCellOverlay@8 (line 765)
                      ; - com.jidesoft.plaf.basic.BasicJideTableUIDelegate::paintCell@281
  0x000002292857543c: c0f1 d9fe 

  0x0000022928575440: ;   {other}
  0x0000022928575440: 0f1f 8400 | b013 000d | 4c8b 4424 | 4844 8b4c | 2438 8b7c | 243c 488b | 7424 2066 | 9048 b8ff 
  0x0000022928575460: ffff ffff 

  0x0000022928575464: ;   {virtual_call}
  0x0000022928575464: ffff ffe8 

  0x0000022928575468: ; ImmutableOopMap {}
                      ;*invokevirtual releaseRendererComponent {reexecute=0 rethrow=0 return_oop=0}
                      ; - com.jidesoft.plaf.basic.BasicJideTableUIDelegate::paintCell@318
  0x0000022928575468: 1499 d9fe 

  0x000002292857546c: ;   {other}
  0x000002292857546c: 0f1f 8400 | dc13 000e | e993 fdff | ff48 897c | 2450 4c89 | 6c24 5848 | 895c 2430 | 4c89 7424 
  0x000002292857548c: 284b 8d14 | d449 8bed 

  0x0000022928575494: ;   {optimized virtual_call}
  0x0000022928575494: 6666 90e8 

  0x0000022928575498: ; ImmutableOopMap {rbp=Oop [32]=Oop [40]=Oop [48]=Oop [80]=Derived_oop_[48] [64]=Oop [72]=Oop [88]=Oop }
                      ;*invokevirtual clone {reexecute=0 rethrow=0 return_oop=1}
                      ; - sun.java2d.SunGraphics2D::clone@35 (line 311)
                      ; - sun.java2d.SunGraphics2D::create@1 (line 342)
                      ; - com.jidesoft.plaf.basic.BasicJideTableUIDelegate::paintCell@167
  0x0000022928575498: e495 d9fe 

  0x000002292857549c: ;   {other}
  0x000002292857549c: 0f1f 8400 | 0c14 000f | 488b d844 

  0x00000229285754a8: ;   {metadata('java/awt/RenderingHints')}
  0x00000229285754a8: 8b58 0841 | 81fb 90f0 | 0601 0f85 | b817 0000 | 4180 7f40 | 000f 858e | 0c00 004c | 8bed 4d8b 
  0x00000229285754c8: d54c 8bdb | 49c1 eb03 | 4589 9da4 | 0000 004c | 8bdb 4d33 | da49 c1eb | 164d 85db | 741a 49c1 
  0x00000229285754e8: ea09 48b9 | 0000 c92c | 2902 0000 | 4903 ca80 | 3902 0f85 | cb0c 0000 | 4c8b 7424 | 2848 8b5c 
  0x0000022928575508: 2430 488b | 7c24 50e9 | 6df3 ffff | 4c89 6c24 | 5048 897c | 2430 4889 | 5c24 284b | 8d14 dc49 
  0x0000022928575528: ;   {optimized virtual_call}
  0x0000022928575528: 8bed 90e8 

  0x000002292857552c: ; ImmutableOopMap {rbp=Oop [32]=Oop [40]=Oop [48]=Oop [64]=Oop [72]=Oop [80]=Oop }
                      ;*invokevirtual clone {reexecute=0 rethrow=0 return_oop=1}
                      ; - sun.java2d.SunGraphics2D::clone@35 (line 311)
                      ; - sun.java2d.SunGraphics2D::create@1 (line 342)
                      ; - com.jidesoft.plaf.basic.BasicJideTableUIDelegate::paintCell@261
  0x000002292857552c: 5095 d9fe 

  0x0000022928575530: ;   {other}
  0x0000022928575530: 0f1f 8400 | a014 0010 | 488b d844 

  0x000002292857553c: ;   {metadata('java/awt/RenderingHints')}
  0x000002292857553c: 8b50 0841 | 81fa 90f0 | 0601 0f85 | ea16 0000 | 4180 7f40 | 000f 8537 | 0c00 004c | 8bed 4d8b 
  0x000002292857555c: dd4c 8bd3 | 49c1 ea03 | 4589 95a4 | 0000 004c | 8bd3 4d33 | d349 c1ea | 164d 85d2 | 741a 49c1 
  0x000002292857557c: eb09 48b9 | 0000 c92c | 2902 0000 | 4903 cb80 | 3902 0f85 | 850c 0000 | 488b 5c24 | 2848 8b7c 
  0x000002292857559c: 2430 e977 | f9ff ff48 | 8b7c 2420 | 448b 976c | 0300 0085 | ed0f 8460 | 0900 0049 | 8bc2 48c1 
  0x00000229285755bc: e003 e971 | f0ff ff4c | 8b54 2458 | 458b 9ad0 | 0300 0047 | 8b94 dce0 | 0100 0049 | 8bd2 48c1 
  0x00000229285755dc: e203 448b 

  0x00000229285755e0: ;   {static_call}
  0x00000229285755e0: 4424 50e8 

  0x00000229285755e4: ; ImmutableOopMap {[32]=Oop [40]=Oop [48]=Oop [64]=Oop [72]=Oop }
                      ;*invokestatic u {reexecute=0 rethrow=0 return_oop=1}
                      ; - ui.dlg.q.ar::prepareRenderer@49 (line 915)
                      ; - com.jidesoft.plaf.basic.BasicJideTableUIDelegate::paintCell@124
  0x00000229285755e4: 989a d9fe 

  0x00000229285755e8: ;   {other}
  0x00000229285755e8: 0f1f 8400 | 5815 0011 | 4885 c00f | 849e fdff | ff48 8944 | 2450 488b | 5424 2066 | 9048 b8ff 
  0x0000022928575608: ffff ffff 

  0x000002292857560c: ;   {virtual_call}
  0x000002292857560c: ffff ffe8 

  0x0000022928575610: ; ImmutableOopMap {[32]=Oop [40]=Oop [48]=Oop [64]=Oop [72]=Oop [80]=Oop }
                      ;*invokevirtual getPreferredSize {reexecute=0 rethrow=0 return_oop=1}
                      ; - ui.dlg.q.ar::prepareRenderer@61 (line 917)
                      ; - com.jidesoft.plaf.basic.BasicJideTableUIDelegate::paintCell@124
  0x0000022928575610: 6c97 d9fe 

  0x0000022928575614: ;   {other}
  0x0000022928575614: 0f1f 8400 | 8415 0012 

  0x000002292857561c: ; implicit exception: dispatches to 0x000002292857703c
  0x000002292857561c: 448b 580c | 4489 5c24 

  0x0000022928575624: ;   {section_word}
  0x0000022928575624: 58c5 fa10 | 0533 efff 

  0x000002292857562c: ;   {static_call}
  0x000002292857562c: ff66 90e8 

  0x0000022928575630: ; ImmutableOopMap {[32]=Oop [40]=Oop [48]=Oop [64]=Oop [72]=Oop [80]=Oop }
                      ;*invokestatic Q {reexecute=0 rethrow=0 return_oop=0}
                      ; - ui.dlg.q.ar::prepareRenderer@70 (line 918)
                      ; - com.jidesoft.plaf.basic.BasicJideTableUIDelegate::paintCell@124
  0x0000022928575630: 4c9a d9fe 

  0x0000022928575634: ;   {other}
  0x0000022928575634: 0f1f 8400 | a415 0013 | 8be8 4c8b | 4c24 2045 

  0x0000022928575644: ;   {metadata('javax/swing/JComponent')}
  0x0000022928575644: 8b51 0849 | bbd8 6b04 | 3b29 0200 | 0049 b800 | 0000 3a29 | 0200 004d | 03c2 4d8b | 5048 4d3b 
  0x0000022928575664: d30f 8567 | 1500 0049 | 8bd1 6666 | 9048 b8ff | ffff ffff 

  0x0000022928575678: ;   {virtual_call}
  0x0000022928575678: ffff ffe8 

  0x000002292857567c: ; ImmutableOopMap {[32]=Oop [40]=Oop [48]=Oop [64]=Oop [72]=Oop [80]=Oop }
                      ;*invokevirtual getBorder {reexecute=0 rethrow=0 return_oop=1}
                      ; - ui.dlg.q.ar::prepareRenderer@80 (line 919)
                      ; - com.jidesoft.plaf.basic.BasicJideTableUIDelegate::paintCell@124
  0x000002292857567c: 0097 d9fe 

  0x0000022928575680: ;   {other}
  0x0000022928575680: 0f1f 8400 | f015 0014 | 4885 c00f | 8469 0900 | 0048 8944 | 2460 488b | d04c 8b44 | 2420 6666 
  0x00000229285756a0: 9048 b8ff | ffff ffff 

  0x00000229285756a8: ;   {virtual_call}
  0x00000229285756a8: ffff ffe8 

  0x00000229285756ac: ; ImmutableOopMap {[32]=Oop [40]=Oop [48]=Oop [64]=Oop [72]=Oop [80]=Oop [96]=Oop }
                      ;*invokeinterface getBorderInsets {reexecute=0 rethrow=0 return_oop=1}
                      ; - ui.dlg.q.ar::prepareRenderer@94 (line 921)
                      ; - com.jidesoft.plaf.basic.BasicJideTableUIDelegate::paintCell@124
  0x00000229285756ac: d096 d9fe 

  0x00000229285756b0: ;   {other}
  0x00000229285756b0: 0f1f 8400 | 2016 0015 

  0x00000229285756b8: ; implicit exception: dispatches to 0x0000022928577050
  0x00000229285756b8: 8b68 1048 | 8b54 2460 | 4c8b 4424 | 2048 b8ff | ffff ffff 

  0x00000229285756cc: ;   {virtual_call}
  0x00000229285756cc: ffff ffe8 

  0x00000229285756d0: ; ImmutableOopMap {[32]=Oop [40]=Oop [48]=Oop [64]=Oop [72]=Oop [80]=Oop }
                      ;*invokeinterface getBorderInsets {reexecute=0 rethrow=0 return_oop=1}
                      ; - ui.dlg.q.ar::prepareRenderer@106 (line 921)
                      ; - com.jidesoft.plaf.basic.BasicJideTableUIDelegate::paintCell@124
  0x00000229285756d0: ac96 d9fe 

  0x00000229285756d4: ;   {other}
  0x00000229285756d4: 0f1f 8400 | 4416 0016 

  0x00000229285756dc: ; implicit exception: dispatches to 0x0000022928577064
  0x00000229285756dc: 448b 4018 | 4403 c54c | 8b54 2450 | 458b 5a10 | 4403 4424 | 5845 3bc3 | 0f8e 9dfc | ffff 498b 
  0x00000229285756fc: ;   {optimized virtual_call}
  0x00000229285756fc: d266 90e8 

  0x0000022928575700: ; ImmutableOopMap {[32]=Oop [40]=Oop [48]=Oop [64]=Oop [72]=Oop }
                      ;*invokevirtual setPreferredWidth {reexecute=0 rethrow=0 return_oop=0}
                      ; - ui.dlg.q.ar::prepareRenderer@137 (line 924)
                      ; - com.jidesoft.plaf.basic.BasicJideTableUIDelegate::paintCell@124
  0x0000022928575700: 7c93 d9fe 

  0x0000022928575704: ;   {other}
  0x0000022928575704: 0f1f 8400 | 7416 0017 | e986 fcff | ff45 8b9d | 8c00 0000 | 4585 db0f | 84bb f0ff | ff4d 8b47 
  0x0000022928575724: 2849 8bcb | 48c1 e103 | 4d85 c00f | 8457 0d00 | 004d 8b5f | 384b 894c | 03f8 4983 | c0f8 4d89 
  0x0000022928575744: 4728 e991 | f0ff ff45 | 8b55 7045 | 85d2 0f84 | b2f2 ffff | 4d8b 5f28 | 498b ca48 | c1e1 034d 
  0x0000022928575764: 85db 0f84 | 240e 0000 | 4d8b 5738 | 4b89 4c1a | f849 83c3 | f84d 895f | 28e9 88f2 | ffff 458b 
  0x0000022928575784: 556c 4585 | d20f 841f | f3ff ff4d | 8b5f 2849 | 8bca 48c1 | e103 4d85 | db0f 8449 | 0d00 004d 
  0x00000229285757a4: 8b57 384b | 894c 1af8 | 4983 c3f8 | 4d89 5f28 | e9f5 f2ff | ff45 8b5d | 7445 85db | 0f84 96f2 
  0x00000229285757c4: ffff 4d8b | 5728 498b | cb48 c1e1 | 034d 85d2 | 0f84 3b0d | 0000 4d8b | 5f38 4b89 | 4c13 f849 
  0x00000229285757e4: 83c2 f84d | 8957 28e9 | 6cf2 ffff | 458b 5d7c | 4585 db0f | 8403 f3ff | ff4d 8b57 

  0x0000022928575800: ;   {no_reloc}
  0x0000022928575800: 2849 8bcb | 48c1 e103 | 4d85 d20f | 8456 0d00 | 004d 8b5f | 384b 894c | 13f8 4983 | c2f8 4d89 
  0x0000022928575820: 5728 e9d9 | f2ff ff45 | 8b5d 6845 | 85db 0f84 | 84f1 ffff | 4d8b 5728 | 498b cb48 | c1e1 034d 
  0x0000022928575840: 85d2 0f84 | 710d 0000 | 4d8b 5f38 | 4b89 4c13 | f849 83c2 | f84d 8957 | 28e9 5af1 | ffff 458b 
  0x0000022928575860: 5560 4585 | d20f 84b5 | f0ff ff4d | 8b5f 2849 | 8bca 48c1 | e103 4d85 | db0f 8463 | 0d00 004d 
  0x0000022928575880: 8b57 384b | 894c 1af8 | 4983 c3f8 | 4d89 5f28 | e98b f0ff | ff45 8b55 | 6445 85d2 | 0f84 c4f0 
  0x00000229285758a0: ffff 4d8b | 5f28 498b | ca48 c1e1 | 034d 85db | 0f84 880c | 0000 4d8b | 5738 4b89 | 4c1a f849 
  0x00000229285758c0: 83c3 f84d | 895f 28e9 | 9af0 ffff | 458b 9d8c | 0000 0045 | 85db 0f84 | 99f5 ffff | 4d8b 5728 
  0x00000229285758e0: 498b cb48 | c1e1 034d | 85d2 0f84 | 0f0d 0000 | 4d8b 5f38 | 4b89 4c13 | f849 83c2 | f84d 8957 
  0x0000022928575900: ;   {no_reloc}
  0x0000022928575900: 28e9 6ff5 | ffff 458b | 5d70 4585 | db0f 849e | f7ff ff4d | 8b57 2849 | 8bcb 48c1 | e103 4d85 
  0x0000022928575920: d20f 848c | 0d00 004d | 8b5f 384b | 894c 13f8 | 4983 c2f8 | 4d89 5728 | e974 f7ff | ff45 8b5d 
  0x0000022928575940: 6c45 85db | 0f84 0bf8 | ffff 4d8b | 5728 498b | cb48 c1e1 | 034d 85d2 | 0f84 fe0c | 0000 4d8b 
  0x0000022928575960: 5f38 4b89 | 4c13 f849 | 83c2 f84d | 8957 28e9 | e1f7 ffff | 458b 5568 | 4585 d20f | 84de f6ff 
  0x0000022928575980: ff4d 8b5f | 2849 8bca | 48c1 e103 | 4d85 db0f | 84aa 0c00 | 004d 8b57 | 384b 894c | 1af8 4983 
  0x00000229285759a0: c3f8 4d89 | 5f28 e9b4 | f6ff ff45 | 8b55 7445 | 85d2 0f84 | 4bf7 ffff | 4d8b 5f28 | 498b ca48 
  0x00000229285759c0: c1e1 034d | 85db 0f84 | ca0c 0000 | 4d8b 5738 | 4b89 4c1a | f849 83c3 | f84d 895f | 28e9 21f7 
  0x00000229285759e0: ffff 458b | 5d60 4585 | db0f 84d8 | f5ff ff4d | 8b57 2849 | 8bcb 48c1 | e103 4d85 | d20f 8476 
  0x0000022928575a00: ;   {no_reloc}
  0x0000022928575a00: 0c00 004d | 8b5f 384b | 894c 13f8 | 4983 c2f8 | 4d89 5728 | e9ae f5ff | ff45 8b55 | 7c45 85d2 
  0x0000022928575a20: 0f84 7df7 | ffff 4d8b | 5f28 498b | ca48 c1e1 | 034d 85db | 0f84 e80b | 0000 4d8b | 5738 4b89 
  0x0000022928575a40: 4c1a f849 | 83c3 f84d | 895f 28e9 | 53f7 ffff | 458b 5d64 | 4585 db0f | 84b0 f5ff | ff4d 8b57 
  0x0000022928575a60: 2849 8bcb | 48c1 e103 | 4d85 d20f | 845f 0c00 | 004d 8b5f | 384b 894c | 13f8 4983 | c2f8 4d89 
  0x0000022928575a80: 5728 e986 | f5ff ff4d | 8b57 584d | 8b5f 48f0 | 8344 24c0 | 0080 3900 | 0f84 d3ed | ffff 4488 
  0x0000022928575aa0: 214d 85db | 751d 498b | d749 ba40 | 128a 87fc | 7f00 0041 

  0x0000022928575ab4: ;   {other}
  0x0000022928575ab4: ffd2 0f1f | 8400 0000 | 0000 e9ae | edff ff4b | 894c 1af8 | 4983 c3f8 | 4d89 5f48 | e99c edff 
  0x0000022928575ad4: ff4d 8b57 | 484d 8b5f | 58f0 8344 | 24c0 0080 | 3900 0f84 | 6fee ffff | 4488 214d | 85d2 7529 
  0x0000022928575af4: 488b ef48 | 8bfb 498b | d749 ba40 | 128a 87fc | 7f00 0041 

  0x0000022928575b08: ;   {other}
  0x0000022928575b08: ffd2 0f1f | 8400 0000 | 0000 488b | df48 8bfd | e93e eeff | ff4b 894c | 13f8 4983 | c2f8 4d89 
  0x0000022928575b28: 5748 e92c | eeff ff4d | 8b57 484d | 8b5f 58f0 | 8344 24c0 | 0080 3900 | 0f84 c4f3 | ffff 4488 
  0x0000022928575b48: 214d 85d2 | 751d 498b | d749 ba40 | 128a 87fc | 7f00 0041 

  0x0000022928575b5c: ;   {other}
  0x0000022928575b5c: ffd2 0f1f | 8400 0000 | 0000 e99f | f3ff ff4b | 894c 13f8 | 4983 c2f8 | 4d89 5748 | e98d f3ff 
  0x0000022928575b7c: ff4d 8b57 | 484d 8b5f | 58f0 8344 | 24c0 0080 | 3900 0f84 | 6ef4 ffff | 4488 214d | 85d2 751d 
  0x0000022928575b9c: 498b d749 | ba40 128a | 87fc 7f00 | 0041 ffd2 

  0x0000022928575bac: ;   {other}
  0x0000022928575bac: 0f1f 8400 | 0000 0000 | e949 f4ff | ff4b 894c | 13f8 4983 | c2f8 4d89 | 5748 e937 | f4ff ff4d 
  0x0000022928575bcc: 8b57 484d | 8b5f 58f0 | 8344 24c0 | 0080 3900 | 0f84 13ef | ffff 4488 | 214d 85d2 | 7529 488b 
  0x0000022928575bec: ef48 8bfb | 498b d749 | ba40 128a | 87fc 7f00 | 0041 ffd2 

  0x0000022928575c00: ;   {other}
  0x0000022928575c00: 0f1f 8400 | 0000 0000 | 488b df48 | 8bfd e9e2 | eeff ff4b | 894c 13f8 | 4983 c2f8 | 4d89 5748 
  0x0000022928575c20: e9d0 eeff | ff4d 8b57 | 484d 8b5f | 58f0 8344 | 24c0 0080 | 3900 0f84 | 71ed ffff | 4488 214d 
  0x0000022928575c40: 85d2 7529 | 488b ef48 | 8bfb 498b | d749 ba40 | 128a 87fc | 7f00 0041 

  0x0000022928575c58: ;   {other}
  0x0000022928575c58: ffd2 0f1f | 8400 0000 | 0000 488b | df48 8bfd | e940 edff | ff4b 894c | 13f8 4983 | c2f8 4d89 
  0x0000022928575c78: 5748 e92e | edff ff4d | 8b57 484d | 8b5f 58f0 | 8344 24c0 | 0080 3900 | 0f84 0dee | ffff 4488 
  0x0000022928575c98: 214d 85d2 | 7529 488b | ef48 8bfb | 498b d749 | ba40 128a | 87fc 7f00 | 0041 ffd2 

  0x0000022928575cb4: ;   {other}
  0x0000022928575cb4: 0f1f 8400 | 0000 0000 | 488b df48 | 8bfd e9dc | edff ff4b | 894c 13f8 | 4983 c2f8 | 4d89 5748 
  0x0000022928575cd4: e9ca edff | ff4d 8b57 | 484d 8b5f | 58f0 8344 | 24c0 0080 | 3900 0f84 | 61ed ffff | 4488 214d 
  0x0000022928575cf4: 85d2 7529 | 488b ef48 | 8bfb 498b | d749 ba40 | 128a 87fc | 7f00 0041 

  0x0000022928575d0c: ;   {other}
  0x0000022928575d0c: ffd2 0f1f | 8400 0000 | 0000 488b | df48 8bfd | e930 edff | ff4b 894c | 13f8 4983 | c2f8 4d89 
  0x0000022928575d2c: 5748 e91e | edff ff4d | 8b57 484d | 8b5f 58f0 | 8344 24c0 | 0080 3900 | 0f84 b5ec | ffff 4488 
  0x0000022928575d4c: 214d 85d2 | 7529 488b | ef48 8bfb | 498b d749 | ba40 128a | 87fc 7f00 | 0041 ffd2 

  0x0000022928575d68: ;   {other}
  0x0000022928575d68: 0f1f 8400 | 0000 0000 | 488b df48 | 8bfd e984 | ecff ff4b | 894c 13f8 | 4983 c2f8 | 4d89 5748 
  0x0000022928575d88: e972 ecff | ff4d 8b57 | 484d 8b5f | 58f0 8344 | 24c0 0041 | 8038 000f | 84f3 f3ff | ff45 8820 
  0x0000022928575da8: 4d85 d275 | 2049 8bc8 | 498b d749 | ba40 128a | 87fc 7f00 | 0041 ffd2 

  0x0000022928575dc0: ;   {other}
  0x0000022928575dc0: 0f1f 8400 | 0000 0000 | e9cb f3ff | ff4f 8944 | 13f8 4983 | c2f8 4d89 | 5748 e9b9 | f3ff ff4d 
  0x0000022928575de0: 8b57 484d | 8b5f 58f0 | 8344 24c0 | 0080 3900 | 0f84 54f3 | ffff 4488 | 214d 85d2 | 751d 498b 
  0x0000022928575e00: d749 ba40 | 128a 87fc | 7f00 0041 

  0x0000022928575e0c: ;   {other}
  0x0000022928575e0c: ffd2 0f1f | 8400 0000 | 0000 e92f | f3ff ff4b | 894c 13f8 | 4983 c2f8 | 4d89 5748 | e91d f3ff 
  0x0000022928575e2c: ff4d 8b57 | 484d 8b5f | 58f0 8344 | 24c0 0080 | 3900 0f84 | b4f2 ffff | 4488 214d | 85d2 751d 
  0x0000022928575e4c: 498b d749 | ba40 128a | 87fc 7f00 | 0041 ffd2 

  0x0000022928575e5c: ;   {other}
  0x0000022928575e5c: 0f1f 8400 | 0000 0000 | e98f f2ff | ff4b 894c | 13f8 4983 | c2f8 4d89 | 5748 e97d | f2ff ff4d 
  0x0000022928575e7c: 8b57 484d | 8b5f 58f0 | 8344 24c0 | 0080 3900 | 0f84 c2f1 | ffff 4488 | 214d 85d2 | 751d 498b 
  0x0000022928575e9c: d749 ba40 | 128a 87fc | 7f00 0041 

  0x0000022928575ea8: ;   {other}
  0x0000022928575ea8: ffd2 0f1f | 8400 0000 | 0000 e99d | f1ff ff4b | 894c 13f8 | 4983 c2f8 | 4d89 5748 | e98b f1ff 
  0x0000022928575ec8: ff4d 8b57 | 484d 8b5f | 58f0 8344 | 24c0 0080 | 3900 0f84 | c6f1 ffff | 4488 214d | 85d2 751d 
  0x0000022928575ee8: 498b d749 | ba40 128a | 87fc 7f00 | 0041 ffd2 

  0x0000022928575ef8: ;   {other}
  0x0000022928575ef8: 0f1f 8400 | 0000 0000 | e9a1 f1ff | ff4b 894c | 13f8 4983 | c2f8 4d89 | 5748 e98f | f1ff ff45 
  0x0000022928575f18: 85d2 0f84 | af01 0000 | 478b 5cd4 | 0849 ba00 | 0000 3a29 | 0200 004d | 03d3 4d8b 

  0x0000022928575f34: ;   {metadata('com/jidesoft/grid/TreeTableCellRenderer')}
  0x0000022928575f34: 5260 49bb | 68c6 9c3b | 2902 0000 | 4d3b d30f | 85a5 0000 | 0048 8bef | 488b d744 | 8b44 2438 
  0x0000022928575f54: 448b 4c24 

  0x0000022928575f58: ;   {optimized virtual_call}
  0x0000022928575f58: 3c66 90e8 

  0x0000022928575f5c: ; ImmutableOopMap {rbp=Oop [40]=Oop [48]=Oop [64]=Oop }
                      ;*invokevirtual getActualCellRenderer {reexecute=0 rethrow=0 return_oop=1}
                      ; - com.jidesoft.grid.TreeTable::getCellRenderer@48
                      ; - com.jidesoft.plaf.basic.BasicJideTableUIDelegate::paintCell@104
  0x0000022928575f5c: 208b d9fe 

  0x0000022928575f60: ;   {other}
  0x0000022928575f60: 0f1f 8400 | d01e 0018 | 488b d848 | 8bfd 8baf | 6c03 0000 

  0x0000022928575f74: ; implicit exception: dispatches to 0x0000022928577299
  0x0000022928575f74: 458b 5cec | 0849 ba00 | 0000 3a29 | 0200 004d | 03d3 4d8b 

  0x0000022928575f88: ;   {metadata('com/jidesoft/grid/TreeTableCellRenderer')}
  0x0000022928575f88: 5260 49bb | 68c6 9c3b | 2902 0000 | 4d3b d30f | 854b 0c00 | 0049 8d34 | ec41 807f | 4000 0f85 
  0x0000022928575fa8: 3809 0000 | 4c8b d64c | 8bcb 4d8b | c149 c1e8 | 0344 8986 | 9001 0000 | 4d8b d94d | 33da 49c1 
  0x0000022928575fc8: eb16 4d85 | db74 1f4d | 85c9 741a | 49c1 ea09 | 48b9 0000 | c92c 2902 | 0000 4903 | ca80 3902 
  0x0000022928575fe8: 0f85 3009 | 0000 448b | 976c 0300 | 00e9 bdf5 | ffff 448b | c5e9 e1f6 | ffff 4889 | 7c24 5049 
  0x0000022928576008: 8bed 4889 | 5c24 304c | 8974 2428 

  0x0000022928576014: ;   {metadata('java/awt/geom/AffineTransform')}
  0x0000022928576014: 48ba 7850 | 063b 2902 

  0x000002292857601c: ;   {runtime_call _new_instance_Java}
  0x000002292857601c: 0000 90e8 

  0x0000022928576020: ; ImmutableOopMap {rbp=Oop [32]=Oop [40]=Oop [48]=Oop [80]=Derived_oop_[48] [64]=Oop [72]=Oop }
                      ;*new {reexecute=0 rethrow=0 return_oop=1}
                      ; - sun.java2d.SunGraphics2D::clone@9 (line 309)
                      ; - sun.java2d.SunGraphics2D::create@1 (line 342)
                      ; - com.jidesoft.plaf.basic.BasicJideTableUIDelegate::paintCell@167
  0x0000022928576020: dc2a 01ff 

  0x0000022928576024: ;   {other}
  0x0000022928576024: 0f1f 8400 | 941f 0019 | 4c8b 7424 | 2848 8b5c | 2430 4c8b | ed48 8b7c | 2450 4c8b | d0e9 80e7 
  0x0000022928576044: ffff 4889 | 5c24 3048 | 896c 2428 

  0x0000022928576050: ;   {metadata('sun/java2d/SunGraphics2D')}
  0x0000022928576050: 48ba 00cf | 243b 2902 

  0x0000022928576058: ;   {runtime_call _new_instance_Java}
  0x0000022928576058: 0000 90e8 

  0x000002292857605c: ; ImmutableOopMap {rbp=Oop [32]=Oop [40]=Oop [48]=Oop [64]=Oop [72]=Oop }
                      ;*invokespecial clone {reexecute=1 rethrow=0 return_oop=1}
                      ; - (reexecute) sun.java2d.SunGraphics2D::clone@1 (line 308)
                      ; - sun.java2d.SunGraphics2D::create@1 (line 342)
                      ; - com.jidesoft.plaf.basic.BasicJideTableUIDelegate::paintCell@167
  0x000002292857605c: a02a 01ff 

  0x0000022928576060: ;   {other}
  0x0000022928576060: 0f1f 8400 | d01f 001a | 4c8b f548 | 8b5c 2430 | 4c8b e8e9 | c9e6 ffff | 498b ed48 | 895c 2428 
  0x0000022928576080: ;   {metadata('java/awt/geom/AffineTransform')}
  0x0000022928576080: 48ba 7850 | 063b 2902 

  0x0000022928576088: ;   {runtime_call _new_instance_Java}
  0x0000022928576088: 0000 90e8 

  0x000002292857608c: ; ImmutableOopMap {rbp=Oop [32]=Oop [40]=Oop [64]=Oop [72]=Oop [80]=Oop }
                      ;*new {reexecute=0 rethrow=0 return_oop=1}
                      ; - sun.java2d.SunGraphics2D::clone@9 (line 309)
                      ; - sun.java2d.SunGraphics2D::create@1 (line 342)
                      ; - com.jidesoft.plaf.basic.BasicJideTableUIDelegate::paintCell@261
  0x000002292857608c: 702a 01ff 

  0x0000022928576090: ;   {other}
  0x0000022928576090: 0f1f 8400 | 0020 001b | 488b 5c24 | 284c 8bed | 4c8b c0e9 | b2ed ffff | 4889 5c24 

  0x00000229285760ac: ;   {metadata('sun/java2d/SunGraphics2D')}
  0x00000229285760ac: 2848 ba00 | cf24 3b29 

  0x00000229285760b4: ;   {runtime_call _new_instance_Java}
  0x00000229285760b4: 0200 00e8 

  0x00000229285760b8: ; ImmutableOopMap {rbp=Oop [32]=Oop [40]=Oop [64]=Oop [72]=Oop [80]=Oop [48]=Derived_oop_[80] }
                      ;*invokespecial clone {reexecute=1 rethrow=0 return_oop=1}
                      ; - (reexecute) sun.java2d.SunGraphics2D::clone@1 (line 308)
                      ; - sun.java2d.SunGraphics2D::create@1 (line 342)
                      ; - com.jidesoft.plaf.basic.BasicJideTableUIDelegate::paintCell@261
  0x00000229285760b8: 442a 01ff 

  0x00000229285760bc: ;   {other}
  0x00000229285760bc: 0f1f 8400 | 2c20 001c | 488b dd4c | 8be8 e90b | edff ff8b | 6c24 3c48 

  0x00000229285760d4: ;   {optimized virtual_call}
  0x00000229285760d4: 8bd7 90e8 

  0x00000229285760d8: ; ImmutableOopMap {[32]=Oop [40]=Oop [48]=Oop [64]=Oop }
                      ;*invokevirtual createCellRenderer {reexecute=0 rethrow=0 return_oop=1}
                      ; - com.jidesoft.grid.TreeTable::getCellRenderer@25
                      ; - com.jidesoft.plaf.basic.BasicJideTableUIDelegate::paintCell@104
  0x00000229285760d8: a489 d9fe 

  0x00000229285760dc: ;   {other}
  0x00000229285760dc: 0f1f 8400 | 4c20 001d | 488b d841 | 807f 4000 | 0f85 1209 | 0000 488b | 7c24 204c | 8bd7 4c8b 
  0x00000229285760fc: cb4d 8bd9 | 4d33 da4d | 8bc1 49c1 | e803 4489 | 876c 0300 | 0049 c1eb | 164d 85db | 0f84 b208 
  0x000002292857611c: 0000 4d85 | c90f 84b2 | 0800 0049 | c1ea 0948 | b900 00c9 | 2c29 0200 | 0049 03ca | 8039 020f 
  0x000002292857613c: 856b 0900 | 004d 8bd1 | 49c1 ea03 | 896c 243c | e9cf fdff | ff4c 8bed | 458b 9da4 | 0000 0045 
  0x000002292857615c: 85db 0f84 | 62f3 ffff | 4d8b 5728 | 498b cb48 | c1e1 034d | 85d2 0f84 | 200a 0000 | 4d8b 5f38 
  0x000002292857617c: 4b89 4c13 | f849 83c2 | f84d 8957 | 28e9 38f3 | ffff 4c8b | ed45 8b95 | a400 0000 | 4585 d20f 
  0x000002292857619c: 84b9 f3ff | ff4d 8b5f | 2849 8bca | 48c1 e103 | 4d85 db0f | 8400 0a00 | 004d 8b57 | 384b 894c 
  0x00000229285761bc: 1af8 4983 | c3f8 4d89 | 5f28 e98f | f3ff ff4d | 8b57 484d | 8b5f 58f0 | 8344 24c0 

  0x00000229285761d8: ;   {no_reloc}
  0x00000229285761d8: 0080 3900 | 0f84 1ef3 | ffff 4488 | 214d 85d2 | 751d 498b | d749 ba40 | 128a 87fc | 7f00 0041 
  0x00000229285761f8: ;   {other}
  0x00000229285761f8: ffd2 0f1f | 8400 0000 | 0000 e9f9 | f2ff ff4b | 894c 13f8 | 4983 c2f8 | 4d89 5748 | e9e7 f2ff 
  0x0000022928576218: ff4d 8b57 | 484d 8b5f | 58f0 8344 | 24c0 0080 | 3900 0f84 | 64f3 ffff | 4488 214d | 85d2 751d 
  0x0000022928576238: 498b d749 | ba40 128a | 87fc 7f00 | 0041 ffd2 

  0x0000022928576248: ;   {other}
  0x0000022928576248: 0f1f 8400 | 0000 0000 | e93f f3ff | ff4b 894c | 13f8 4983 | c2f8 4d89 | 5748 e92d | f3ff ffba 
  0x0000022928576268: 5eff ffff 

  0x000002292857626c: ;   {runtime_call UncommonTrapBlob}
  0x000002292857626c: 6666 90e8 

  0x0000022928576270: ; ImmutableOopMap {}
                      ;*invokevirtual dispose {reexecute=0 rethrow=0 return_oop=0}
                      ; - com.jidesoft.plaf.basic.BasicJideTableUIDelegate::paintCell@192
  0x0000022928576270: 8ce3 d9fe 

  0x0000022928576274: ;   {other}
  0x0000022928576274: 0f1f 8400 | e421 001e | baf6 ffff | ff48 895c | 2428 4489 | 5c24 3089 | 4c24 3489 | 4424 3844 
  0x0000022928576294: 8954 243c 

  0x0000022928576298: ;   {runtime_call UncommonTrapBlob}
  0x0000022928576298: 6666 90e8 

  0x000002292857629c: ; ImmutableOopMap {rbp=NarrowOop [32]=Oop [40]=Oop }
                      ;*invokevirtual paintComponent {reexecute=0 rethrow=0 return_oop=0}
                      ; - com.jidesoft.plaf.basic.BasicJideTableUIDelegate::paintCell@228
  0x000002292857629c: 60e3 d9fe 

  0x00000229285762a0: ;   {other}
  0x00000229285762a0: 0f1f 8400 | 1022 001f | baf6 ffff | ff48 8b6c 

  0x00000229285762b0: ;   {runtime_call UncommonTrapBlob}
  0x00000229285762b0: 2420 90e8 

  0x00000229285762b4: ; ImmutableOopMap {rbp=Oop }
                      ;*invokevirtual remove {reexecute=0 rethrow=0 return_oop=0}
                      ; - com.jidesoft.plaf.basic.BasicJideTableUIDelegate::paintCell@242
  0x00000229285762b4: 48e3 d9fe 

  0x00000229285762b8: ;   {other}
  0x00000229285762b8: 0f1f 8400 | 2822 0020 | ba76 ffff | ff44 8954 | 2434 4c89 | 5c24 5844 | 894c 2460 

  0x00000229285762d4: ;   {runtime_call UncommonTrapBlob}
  0x00000229285762d4: 6666 90e8 

  0x00000229285762d8: ; ImmutableOopMap {rbp=NarrowOop [32]=Oop [64]=Oop [72]=Oop [80]=Oop [88]=Oop [96]=NarrowOop }
                      ;*if_icmpge {reexecute=1 rethrow=0 return_oop=0}
                      ; - (reexecute) java.util.ArrayList::indexOfRange@45 (line 298)
                      ; - java.util.ArrayList::indexOf@7 (line 286)
                      ; - java.awt.Container::remove@20 (line 1291)
                      ; - com.jidesoft.plaf.basic.BasicJideTableUIDelegate::paintCell@242
  0x00000229285762d8: 24e3 d9fe 

  0x00000229285762dc: ;   {other}
  0x00000229285762dc: 0f1f 8400 | 4c22 0021 | ba5e ffff 

  0x00000229285762e8: ;   {runtime_call UncommonTrapBlob}
  0x00000229285762e8: ff66 90e8 

  0x00000229285762ec: ; ImmutableOopMap {}
                      ;*invokevirtual dispose {reexecute=0 rethrow=0 return_oop=0}
                      ; - com.jidesoft.plaf.basic.BasicJideTableUIDelegate::paintCell@286
  0x00000229285762ec: 10e3 d9fe 

  0x00000229285762f0: ;   {other}
  0x00000229285762f0: 0f1f 8400 | 6022 0022 | ba45 ffff | ff48 8b6c | 2420 48ff | 7424 3048 | 8f44 2420 | 4c8b 5424 
  0x0000022928576310: 404c 8954 

  0x0000022928576314: ;   {runtime_call UncommonTrapBlob}
  0x0000022928576314: 2430 90e8 

  0x0000022928576318: ; ImmutableOopMap {rbp=Oop [32]=Oop [40]=Oop [48]=Oop [72]=Oop }
                      ;*ifeq {reexecute=1 rethrow=0 return_oop=0}
                      ; - (reexecute) com.jidesoft.plaf.basic.BasicJideTableUIDelegate::paintCell@163
  0x0000022928576318: e4e2 d9fe 

  0x000002292857631c: ;   {other}
  0x000002292857631c: 0f1f 8400 | 8c22 0023 | bade ffff | ff48 8b6c | 2420 48ff | 7424 3048 | 8f44 2420 | 4c8b 5424 
  0x000002292857633c: 404c 8954 | 2430 4c8b | 5424 484c | 8954 2440 

  0x000002292857634c: ;   {runtime_call UncommonTrapBlob}
  0x000002292857634c: 6666 90e8 

  0x0000022928576350: ; ImmutableOopMap {rbp=Oop [32]=Oop [40]=Oop [48]=Oop [64]=Oop }
                      ;*invokevirtual create {reexecute=0 rethrow=0 return_oop=0}
                      ; - com.jidesoft.plaf.basic.BasicJideTableUIDelegate::paintCell@167
  0x0000022928576350: ace2 d9fe 

  0x0000022928576354: ;   {other}
  0x0000022928576354: 0f1f 8400 | c422 0024 | bade ffff | ff41 8beb 

  0x0000022928576364: ;   {runtime_call UncommonTrapBlob}
  0x0000022928576364: 6666 90e8 

  0x0000022928576368: ; ImmutableOopMap {rbp=NarrowOop }
                      ;*checkcast {reexecute=0 rethrow=0 return_oop=0}
                      ; - com.jidesoft.plaf.basic.BasicJideTableUIDelegate::paintCell@176
  0x0000022928576368: 94e2 d9fe 

  0x000002292857636c: ;   {other}
  0x000002292857636c: 0f1f 8400 | dc22 0025 | 4889 7c24 | 5844 894c | 2428 498b 

  0x0000022928576380: ;   {oop(a 'java/awt/Component$AWTTreeLock'{0x0000000680713eb0})}
  0x0000022928576380: eb48 bab0 | 3e71 8006 | 0000 004c | 8d84 2490 

  0x0000022928576390: ;   {runtime_call _complete_monitor_locking_Java}
  0x0000022928576390: 0000 00e8 

  0x0000022928576394: ; ImmutableOopMap {rbp=Oop [32]=Oop [40]=NarrowOop [64]=Oop [72]=Oop [80]=Oop [48]=Derived_oop_[80] [88]=Oop }
                      ;*monitorenter {reexecute=0 rethrow=0 return_oop=0}
                      ; - java.awt.Container::remove@6 (line 1289)
                      ; - com.jidesoft.plaf.basic.BasicJideTableUIDelegate::paintCell@242
  0x0000022928576394: 684b 01ff 

  0x0000022928576398: ;   {other}
  0x0000022928576398: 0f1f 8400 | 0823 0026 | 4c8b dd44 | 8b4c 2428 | 488b 7c24 | 58e9 49e8 | ffff bade | ffff ff4c 
  0x00000229285763b8: 895c 2430 | 4489 4c24 

  0x00000229285763c0: ;   {runtime_call UncommonTrapBlob}
  0x00000229285763c0: 5866 90e8 

  0x00000229285763c4: ; ImmutableOopMap {rbp=NarrowOop [32]=Oop [48]=Oop [64]=Oop [72]=Oop [80]=Oop [88]=NarrowOop }
                      ;*invokeinterface indexOf {reexecute=0 rethrow=0 return_oop=0}
                      ; - java.awt.Container::remove@20 (line 1291)
                      ; - com.jidesoft.plaf.basic.BasicJideTableUIDelegate::paintCell@242
  0x00000229285763c4: 38e2 d9fe 

  0x00000229285763c8: ;   {other}
  0x00000229285763c8: 0f1f 8400 | 3823 0027 | 4c8b ddba | 45ff ffff | 488b e94c | 895c 2420 | 4c8b 5424 | 404c 8954 
  0x00000229285763e8: ;   {runtime_call UncommonTrapBlob}
  0x00000229285763e8: 2430 90e8 

  0x00000229285763ec: ; ImmutableOopMap {rbp=Oop [32]=Oop [48]=Oop [72]=Oop [80]=Oop }
                      ;*iflt {reexecute=1 rethrow=0 return_oop=0}
                      ; - (reexecute) java.awt.Container::remove@27 (line 1292)
                      ; - com.jidesoft.plaf.basic.BasicJideTableUIDelegate::paintCell@242
  0x00000229285763ec: 10e2 d9fe 

  0x00000229285763f0: ;   {other}
  0x00000229285763f0: 0f1f 8400 | 6023 0028 

  0x00000229285763f8: ;   {oop(a 'java/awt/Component$AWTTreeLock'{0x0000000680713eb0})}
  0x00000229285763f8: 48b9 b03e | 7180 0600 | 0000 488d | 9424 9000 | 0000 4d8b | c749 ba70 | 2fcb 87fc | 7f00 0041 
  0x0000022928576418: ;   {other}
  0x0000022928576418: ffd2 0f1f | 8400 0000 | 0000 e946 | e9ff ffba | 45ff ffff | 488b 6c24 | 2048 895c 

  0x0000022928576434: ;   {runtime_call UncommonTrapBlob}
  0x0000022928576434: 2420 90e8 

  0x0000022928576438: ; ImmutableOopMap {rbp=Oop [32]=Oop [72]=Oop }
                      ;*ifeq {reexecute=1 rethrow=0 return_oop=0}
                      ; - (reexecute) com.jidesoft.plaf.basic.BasicJideTableUIDelegate::paintCell@257
  0x0000022928576438: c4e1 d9fe 

  0x000002292857643c: ;   {other}
  0x000002292857643c: 0f1f 8400 | ac23 0029 | bade ffff | ff41 8bea 

  0x000002292857644c: ;   {runtime_call UncommonTrapBlob}
  0x000002292857644c: 6666 90e8 

  0x0000022928576450: ; ImmutableOopMap {rbp=NarrowOop }
                      ;*checkcast {reexecute=0 rethrow=0 return_oop=0}
                      ; - com.jidesoft.plaf.basic.BasicJideTableUIDelegate::paintCell@270
  0x0000022928576450: ace1 d9fe 

  0x0000022928576454: ;   {other}
  0x0000022928576454: 0f1f 8400 | c423 002a | ba45 ffff 

  0x0000022928576460: ;   {runtime_call UncommonTrapBlob}
  0x0000022928576460: ff66 90e8 

  0x0000022928576464: ; ImmutableOopMap {}
                      ;*ifeq {reexecute=1 rethrow=0 return_oop=0}
                      ; - (reexecute) com.jidesoft.plaf.basic.BasicJideTableUIDelegate::paintCell@301
  0x0000022928576464: 98e1 d9fe 

  0x0000022928576468: ;   {other}
  0x0000022928576468: 0f1f 8400 | d823 002b | ba45 ffff | ff4c 8944 | 2420 4c89 

  0x000002292857647c: ;   {runtime_call UncommonTrapBlob}
  0x000002292857647c: 4c24 30e8 

  0x0000022928576480: ; ImmutableOopMap {[32]=Oop [40]=Oop [48]=Oop }
                      ;*ifne {reexecute=1 rethrow=0 return_oop=0}
                      ; - (reexecute) com.jidesoft.plaf.basic.BasicCellStyleTableHeaderUIDelegate::f@5
                      ; - com.jidesoft.plaf.basic.BasicJideTableUIDelegate::paintCell@0
  0x0000022928576480: 7ce1 d9fe 

  0x0000022928576484: ;   {other}
  0x0000022928576484: 0f1f 8400 | f423 002c | 4c89 5424 | 3048 897c | 2428 488b | fb49 8bd7 | 49ba 6012 | 8a87 fc7f 
  0x00000229285764a4: 0000 41ff 

  0x00000229285764a8: ;   {other}
  0x00000229285764a8: d20f 1f84 | 0000 0000 | 0048 8bdf | 488b 7c24 | 284c 8b54 | 2430 e919 | e3ff ffba | 45ff ffff 
  0x00000229285764c8: 4c89 5c24 | 284c 8b54 | 2450 4c89 | 5424 3044 | 894c 2454 

  0x00000229285764dc: ;   {runtime_call UncommonTrapBlob}
  0x00000229285764dc: 6666 90e8 

  0x00000229285764e0: ; ImmutableOopMap {rbp=NarrowOop [32]=Oop [40]=Oop [48]=Oop [64]=Oop [72]=Oop [84]=NarrowOop }
                      ;*if_acmpne {reexecute=1 rethrow=0 return_oop=0}
                      ; - (reexecute) java.awt.Container::remove@12 (line 1290)
                      ; - com.jidesoft.plaf.basic.BasicJideTableUIDelegate::paintCell@242
  0x00000229285764e0: 1ce1 d9fe 

  0x00000229285764e4: ;   {other}
  0x00000229285764e4: 0f1f 8400 | 5424 002d | 488b ef48 | 8bfb 498b | d749 ba60 | 128a 87fc | 7f00 0041 

  0x0000022928576500: ;   {other}
  0x0000022928576500: ffd2 0f1f | 8400 0000 | 0000 488b | df48 8bfd | e999 e5ff | ff48 8bef | 488b fb49 | 8bd7 49ba 
  0x0000022928576520: 6012 8a87 | fc7f 0000 

  0x0000022928576528: ;   {other}
  0x0000022928576528: 41ff d20f | 1f84 0000 | 0000 0048 | 8bdf 488b | fde9 1ee5 | ffff 488b | ef48 8bfb | 498b d749 
  0x0000022928576548: ba60 128a | 87fc 7f00 | 0041 ffd2 

  0x0000022928576554: ;   {other}
  0x0000022928576554: 0f1f 8400 | 0000 0000 | 488b df48 | 8bfd e9ff | e3ff ff48 | 8bef 488b | fb49 8bd7 | 49ba 6012 
  0x0000022928576574: 8a87 fc7f | 0000 41ff 

  0x000002292857657c: ;   {other}
  0x000002292857657c: d20f 1f84 | 0000 0000 | 0048 8bdf | 488b fde9 | 70e5 ffff | 488b ef48 | 8bfb 498b | d749 ba60 
  0x000002292857659c: 128a 87fc | 7f00 0041 

  0x00000229285765a4: ;   {other}
  0x00000229285765a4: ffd2 0f1f | 8400 0000 | 0000 488b | df48 8bfd | e951 e4ff | ff48 8bef | 488b fb49 | 8bd7 49ba 
  0x00000229285765c4: 6012 8a87 | fc7f 0000 

  0x00000229285765cc: ;   {other}
  0x00000229285765cc: 41ff d20f | 1f84 0000 | 0000 0048 | 8bdf 488b | fde9 d6e3 | ffff 498b | d749 ba60 | 128a 87fc 
  0x00000229285765ec: 7f00 0041 

  0x00000229285765f0: ;   {other}
  0x00000229285765f0: ffd2 0f1f | 8400 0000 | 0000 e921 | e3ff ff4d | 8bf0 498b | d749 ba60 | 128a 87fc | 7f00 0041 
  0x0000022928576610: ;   {other}
  0x0000022928576610: ffd2 0f1f | 8400 0000 | 0000 4d8b | c6e9 53e8 | ffff 498b | d749 ba60 | 128a 87fc | 7f00 0041 
  0x0000022928576630: ;   {other}
  0x0000022928576630: ffd2 0f1f | 8400 0000 | 0000 e964 | ebff ff49 | 8bd7 49ba | 6012 8a87 | fc7f 0000 

  0x000002292857664c: ;   {other}
  0x000002292857664c: 41ff d20f | 1f84 0000 | 0000 00e9 | 03ea ffff | 498b d749 | ba60 128a | 87fc 7f00 | 0041 ffd2 
  0x000002292857666c: ;   {other}
  0x000002292857666c: 0f1f 8400 | 0000 0000 | e9dc eaff | ff49 8bd7 | 49ba 6012 | 8a87 fc7f | 0000 41ff 

  0x0000022928576688: ;   {other}
  0x0000022928576688: d20f 1f84 | 0000 0000 | 00e9 31e9 | ffff 498b | d749 ba60 | 128a 87fc | 7f00 0041 

  0x00000229285766a4: ;   {other}
  0x00000229285766a4: ffd2 0f1f | 8400 0000 | 0000 e950 | eaff ff49 | 8bd7 49ba | 6012 8a87 | fc7f 0000 

  0x00000229285766c0: ;   {other}
  0x00000229285766c0: 41ff d20f | 1f84 0000 | 0000 00e9 | e1e9 ffff | 498b d749 | ba60 128a | 87fc 7f00 | 0041 ffd2 
  0x00000229285766e0: ;   {other}
  0x00000229285766e0: 0f1f 8400 | 0000 0000 | e920 e9ff | ffba 45ff | ffff 4c89 | 7424 3048 | 895c 2450 | 4c89 5424 
  0x0000022928576700: 604c 896c | 2468 89b4 | 2480 0000 

  0x000002292857670c: ;   {runtime_call UncommonTrapBlob}
  0x000002292857670c: 0066 90e8 

  0x0000022928576710: ; ImmutableOopMap {rbp=NarrowOop [32]=Oop [48]=Oop [64]=Oop [72]=Oop [80]=Oop [96]=Oop [104]=Oop [128]=NarrowOop }
                      ;*ifnonnull {reexecute=1 rethrow=0 return_oop=0}
                      ; - (reexecute) com.jidesoft.grid.CellStyleTable::paintCellUnderlay@22
                      ; - com.jidesoft.plaf.basic.BasicJideTableUIDelegate::paintCell@187
  0x0000022928576710: ecde d9fe 

  0x0000022928576714: ;   {other}
  0x0000022928576714: 0f1f 8400 | 8426 002e | ba45 ffff | ff48 8b6c | 2420 4889 | 5c24 204c | 8b54 2448 | 4c89 5424 
  0x0000022928576734: 304c 8944 | 2450 4c89 | 6c24 5844 | 894c 2464 | 4489 5c24 

  0x0000022928576748: ;   {runtime_call UncommonTrapBlob}
  0x0000022928576748: 6866 90e8 

  0x000002292857674c: ; ImmutableOopMap {rbp=Oop [32]=Oop [48]=Oop [64]=Oop [80]=Oop [88]=Oop [100]=NarrowOop [104]=NarrowOop }
                      ;*ifnonnull {reexecute=1 rethrow=0 return_oop=0}
                      ; - (reexecute) com.jidesoft.grid.CellStyleTable::paintCellOverlay@22
                      ; - ui.utils.k.j.ad::paintCellOverlay@8 (line 765)
                      ; - com.jidesoft.plaf.basic.BasicJideTableUIDelegate::paintCell@281
  0x000002292857674c: b0de d9fe 

  0x0000022928576750: ;   {other}
  0x0000022928576750: 0f1f 8400 | c026 002f | ba45 ffff | ff4c 8944 | 2420 4c89 

  0x0000022928576764: ;   {runtime_call UncommonTrapBlob}
  0x0000022928576764: 4c24 30e8 

  0x0000022928576768: ; ImmutableOopMap {rbp=NarrowOop [32]=Oop [40]=Oop [48]=Oop }
                      ;*ifnull {reexecute=1 rethrow=0 return_oop=0}
                      ; - (reexecute) javax.swing.JTable::isEditing@4 (line 3600)
                      ; - com.jidesoft.plaf.basic.BasicJideTableUIDelegate::paintCell@9
  0x0000022928576768: 94de d9fe 

  0x000002292857676c: ;   {other}
  0x000002292857676c: 0f1f 8400 | dc26 0030 | ba45 ffff | ff4c 894c 

  0x000002292857677c: ;   {runtime_call UncommonTrapBlob}
  0x000002292857677c: 2420 90e8 

  0x0000022928576780: ; ImmutableOopMap {[32]=Oop }
                      ;*ifnonnull {reexecute=1 rethrow=0 return_oop=0}
                      ; - (reexecute) com.jidesoft.plaf.basic.BasicJideTableUIDelegate::paintCell@93
  0x0000022928576780: 7cde d9fe 

  0x0000022928576784: ;   {other}
  0x0000022928576784: 0f1f 8400 | f426 0031 | ba45 ffff | ff48 8944 

  0x0000022928576794: ;   {runtime_call UncommonTrapBlob}
  0x0000022928576794: 2420 90e8 

  0x0000022928576798: ; ImmutableOopMap {[32]=Oop [72]=Oop }
                      ;*ifnonnull {reexecute=1 rethrow=0 return_oop=0}
                      ; - (reexecute) com.jidesoft.plaf.basic.BasicJideTableUIDelegate::paintCell@111
  0x0000022928576798: 64de d9fe 

  0x000002292857679c: ;   {other}
  0x000002292857679c: 0f1f 8400 | 0c27 0032 | ba45 ffff | ff48 8944 

  0x00000229285767ac: ;   {runtime_call UncommonTrapBlob}
  0x00000229285767ac: 2420 90e8 

  0x00000229285767b0: ; ImmutableOopMap {[32]=Oop [40]=Oop [48]=Oop [64]=Oop [72]=Oop }
                      ;*ifnull {reexecute=1 rethrow=0 return_oop=0}
                      ; - (reexecute) com.jidesoft.plaf.basic.BasicJideTableUIDelegate::paintCell@136
  0x00000229285767b0: 4cde d9fe 

  0x00000229285767b4: ;   {other}
  0x00000229285767b4: 0f1f 8400 | 2427 0033 | ba45 ffff | ff4c 8974 | 2428 4889 | 5c24 504c | 896c 2458 

  0x00000229285767d0: ;   {runtime_call UncommonTrapBlob}
  0x00000229285767d0: 6666 90e8 

  0x00000229285767d4: ; ImmutableOopMap {rbp=NarrowOop [32]=Oop [40]=Oop [64]=Oop [72]=Oop [80]=Oop [88]=Oop }
                      ;*ifnull {reexecute=1 rethrow=0 return_oop=0}
                      ; - (reexecute) sun.java2d.SunGraphics2D::clone@48 (line 319)
                      ; - sun.java2d.SunGraphics2D::create@1 (line 342)
                      ; - com.jidesoft.plaf.basic.BasicJideTableUIDelegate::paintCell@167
  0x00000229285767d4: 28de d9fe 

  0x00000229285767d8: ;   {other}
  0x00000229285767d8: 0f1f 8400 | 4827 0034 | ba45 ffff | ff4c 8974 | 2428 4889 | 5c24 504c | 896c 2458 

  0x00000229285767f4: ;   {runtime_call UncommonTrapBlob}
  0x00000229285767f4: 6666 90e8 

  0x00000229285767f8: ; ImmutableOopMap {rbp=NarrowOop [32]=Oop [40]=Oop [64]=Oop [72]=Oop [80]=Oop [88]=Oop }
                      ;*ifnull {reexecute=1 rethrow=0 return_oop=0}
                      ; - (reexecute) sun.java2d.SunGraphics2D::clone@84 (line 326)
                      ; - sun.java2d.SunGraphics2D::create@1 (line 342)
                      ; - com.jidesoft.plaf.basic.BasicJideTableUIDelegate::paintCell@167
  0x00000229285767f8: 04de d9fe 

  0x00000229285767fc: ;   {other}
  0x00000229285767fc: 0f1f 8400 | 6c27 0035 | ba45 ffff | ff48 895c | 2428 4c8b | 5424 404c | 8954 2430 | 4c8b 5424 
  0x000002292857681c: 484c 8954 | 2440 4889 | 7c24 484c | 896c 2450 

  0x000002292857682c: ;   {runtime_call UncommonTrapBlob}
  0x000002292857682c: 6666 90e8 

  0x0000022928576830: ; ImmutableOopMap {rbp=NarrowOop [32]=Oop [40]=Oop [48]=Oop [64]=Oop [72]=Oop [80]=Oop }
                      ;*ifnull {reexecute=1 rethrow=0 return_oop=0}
                      ; - (reexecute) sun.java2d.SunGraphics2D::clone@48 (line 319)
                      ; - sun.java2d.SunGraphics2D::create@1 (line 342)
                      ; - com.jidesoft.plaf.basic.BasicJideTableUIDelegate::paintCell@261
  0x0000022928576830: ccdd d9fe 

  0x0000022928576834: ;   {other}
  0x0000022928576834: 0f1f 8400 | a427 0036 | ba45 ffff | ff48 895c | 2428 4c8b | 5424 404c | 8954 2430 | 4c8b 5424 
  0x0000022928576854: 484c 8954 | 2440 4889 | 7c24 484c | 896c 2450 

  0x0000022928576864: ;   {runtime_call UncommonTrapBlob}
  0x0000022928576864: 6666 90e8 

  0x0000022928576868: ; ImmutableOopMap {rbp=NarrowOop [32]=Oop [40]=Oop [48]=Oop [64]=Oop [72]=Oop [80]=Oop }
                      ;*ifnull {reexecute=1 rethrow=0 return_oop=0}
                      ; - (reexecute) sun.java2d.SunGraphics2D::clone@84 (line 326)
                      ; - sun.java2d.SunGraphics2D::create@1 (line 342)
                      ; - com.jidesoft.plaf.basic.BasicJideTableUIDelegate::paintCell@261
  0x0000022928576868: 94dd d9fe 

  0x000002292857686c: ;   {other}
  0x000002292857686c: 0f1f 8400 | dc27 0037 | ba45 ffff | ff4c 8974 | 2430 4889 | 5c24 504c | 8954 2460 | 4c89 6c24 
  0x000002292857688c: ;   {runtime_call UncommonTrapBlob}
  0x000002292857688c: 6866 90e8 

  0x0000022928576890: ; ImmutableOopMap {rbp=NarrowOop [32]=Oop [48]=Oop [64]=Oop [72]=Oop [80]=Oop [96]=Oop [104]=Oop }
                      ;*ifnull {reexecute=1 rethrow=0 return_oop=0}
                      ; - (reexecute) com.jidesoft.grid.CellStyleTable::paintCellUnderlay@39
                      ; - com.jidesoft.plaf.basic.BasicJideTableUIDelegate::paintCell@187
  0x0000022928576890: 6cdd d9fe 

  0x0000022928576894: ;   {other}
  0x0000022928576894: 0f1f 8400 | 0428 0038 | ba45 ffff | ff48 895c | 2428 4c89 | 4424 584c | 896c 2460 

  0x00000229285768b0: ;   {runtime_call UncommonTrapBlob}
  0x00000229285768b0: 6666 90e8 

  0x00000229285768b4: ; ImmutableOopMap {rbp=NarrowOop [32]=Oop [40]=Oop [64]=Oop [72]=Oop [88]=Oop [96]=Oop }
                      ;*ifnull {reexecute=1 rethrow=0 return_oop=0}
                      ; - (reexecute) com.jidesoft.grid.CellStyleTable::paintCellOverlay@44
                      ; - ui.utils.k.j.ad::paintCellOverlay@8 (line 765)
                      ; - com.jidesoft.plaf.basic.BasicJideTableUIDelegate::paintCell@281
  0x00000229285768b4: 48dd d9fe 

  0x00000229285768b8: ;   {other}
  0x00000229285768b8: 0f1f 8400 | 2828 0039 | ba45 ffff | ff48 895c | 2428 4c89 | 4424 584c | 896c 2460 

  0x00000229285768d4: ;   {runtime_call UncommonTrapBlob}
  0x00000229285768d4: 6666 90e8 

  0x00000229285768d8: ; ImmutableOopMap {rbp=NarrowOop [32]=Oop [40]=Oop [64]=Oop [72]=Oop [88]=Oop [96]=Oop }
                      ;*ifnull {reexecute=1 rethrow=0 return_oop=0}
                      ; - (reexecute) com.jidesoft.grid.CellStyleTable::paintCellOverlay@92
                      ; - ui.utils.k.j.ad::paintCellOverlay@8 (line 765)
                      ; - com.jidesoft.plaf.basic.BasicJideTableUIDelegate::paintCell@281
  0x00000229285768d8: 24dd d9fe 

  0x00000229285768dc: ;   {other}
  0x00000229285768dc: 0f1f 8400 | 4c28 003a | 448b 9690 | 0100 0045 | 85d2 0f84 | b8f6 ffff | 4d8b 5f28 | 498b ca48 
  0x00000229285768fc: c1e1 034d | 85db 0f84 | f402 0000 | 4d8b 5738 | 4b89 4c1a | f849 83c3 | f84d 895f | 28e9 8ef6 
  0x000002292857691c: ffff 4d8b | 5758 4d8b | 5f48 f083 | 4424 c000 | 8039 000f | 84b9 f6ff | ff44 8821 | 4d85 db75 
  0x000002292857693c: 1d49 8bd7 | 49ba 4012 | 8a87 fc7f | 0000 41ff 

  0x000002292857694c: ;   {other}
  0x000002292857694c: d20f 1f84 | 0000 0000 | 00e9 94f6 | ffff 4b89 | 4c1a f849 | 83c3 f84d | 895f 48e9 | 82f6 ffff 
  0x000002292857696c: baf6 ffff 

  0x0000022928576970: ;   {runtime_call UncommonTrapBlob}
  0x0000022928576970: ff66 90e8 

  0x0000022928576974: ; ImmutableOopMap {}
                      ;*invokevirtual convertColumnIndexToModel {reexecute=0 rethrow=0 return_oop=0}
                      ; - ui.dlg.q.ar::prepareRenderer@17 (line 913)
                      ; - com.jidesoft.plaf.basic.BasicJideTableUIDelegate::paintCell@124
  0x0000022928576974: 88dc d9fe 

  0x0000022928576978: ;   {other}
  0x0000022928576978: 0f1f 8400 | e828 003b | bac6 ffff | ff49 8be8 | 48ff 7424 | 2848 8f44 | 2420 4c89 | 4c24 2889 
  0x0000022928576998: ;   {runtime_call UncommonTrapBlob}
  0x0000022928576998: 4c24 40e8 

  0x000002292857699c: ; ImmutableOopMap {rbp=Oop [32]=Oop [40]=Oop [64]=NarrowOop }
                      ;*invokevirtual getCellRenderer {reexecute=0 rethrow=0 return_oop=0}
                      ; - com.jidesoft.plaf.basic.BasicJideTableUIDelegate::paintCell@104
  0x000002292857699c: 60dc d9fe 

  0x00000229285769a0: ;   {other}
  0x00000229285769a0: 0f1f 8400 | 1029 003c | bac6 ffff | ff48 ff74 | 2430 488f | 4424 204c | 8b54 2440 | 4c89 5424 
  0x00000229285769c0: ;   {runtime_call UncommonTrapBlob}
  0x00000229285769c0: 3066 90e8 

  0x00000229285769c4: ; ImmutableOopMap {rbp=NarrowOop [32]=Oop [40]=Oop [48]=Oop [72]=Oop }
                      ;*invokevirtual prepareRenderer {reexecute=0 rethrow=0 return_oop=0}
                      ; - com.jidesoft.plaf.basic.BasicJideTableUIDelegate::paintCell@124
  0x00000229285769c4: 38dc d9fe 

  0x00000229285769c8: ;   {other}
  0x00000229285769c8: 0f1f 8400 | 3829 003d | 4d85 c90f | 8568 f7ff | ffba f4ff | ffff 4c8b | 5424 304c | 8954 2420 
  0x00000229285769e8: 4c8b 5424 | 404c 8954 | 2430 4889 

  0x00000229285769f4: ;   {runtime_call UncommonTrapBlob}
  0x00000229285769f4: 7c24 40e8 

  0x00000229285769f8: ; ImmutableOopMap {[32]=Oop [40]=Oop [48]=Oop [64]=Oop }
                      ;*instanceof {reexecute=0 rethrow=0 return_oop=0}
                      ; - com.jidesoft.grid.TreeTable::getCellRenderer@39
                      ; - com.jidesoft.plaf.basic.BasicJideTableUIDelegate::paintCell@104
  0x00000229285769f8: 04dc d9fe 

  0x00000229285769fc: ;   {other}
  0x00000229285769fc: 0f1f 8400 | 6c29 003e | 488b 7c24 | 2044 8b97 | 6c03 0000 | 4585 d20f | 84de f6ff | ff4d 8b5f 
  0x0000022928576a1c: 2849 8bca | 48c1 e103 | 4d85 db0f | 84ec 0100 | 004d 8b57 | 384b 894c | 1af8 4983 | c3f8 4d89 
  0x0000022928576a3c: 5f28 e9b4 | f6ff ffba | 37ff ffff 

  0x0000022928576a48: ;   {runtime_call UncommonTrapBlob}
  0x0000022928576a48: 6666 90e8 

  0x0000022928576a4c: ; ImmutableOopMap {rbp=NarrowOop [32]=Oop [40]=Oop [48]=Oop [64]=Oop [72]=Oop [88]=Oop }
                      ;*invokevirtual QH {reexecute=0 rethrow=0 return_oop=0}
                      ; - ui.dlg.q.ar::prepareRenderer@31 (line 914)
                      ; - com.jidesoft.plaf.basic.BasicJideTableUIDelegate::paintCell@124
  0x0000022928576a4c: b0db d9fe 

  0x0000022928576a50: ;   {other}
  0x0000022928576a50: 0f1f 8400 | c029 003f | bac6 ffff | ff48 8b6c | 2420 4c89 | 7424 2848 | 895c 2430 | 4c89 5424 
  0x0000022928576a70: 584c 896c 

  0x0000022928576a74: ;   {runtime_call UncommonTrapBlob}
  0x0000022928576a74: 2460 90e8 

  0x0000022928576a78: ; ImmutableOopMap {rbp=Oop [40]=Oop [48]=Oop [64]=Oop [72]=Oop [88]=Oop [96]=Oop }
                      ;*invokevirtual paintCellUnderlay {reexecute=0 rethrow=0 return_oop=0}
                      ; - com.jidesoft.plaf.basic.BasicJideTableUIDelegate::paintCell@187
  0x0000022928576a78: 84db d9fe 

  0x0000022928576a7c: ;   {other}
  0x0000022928576a7c: 0f1f 8400 | ec29 0040 | bac6 ffff | ff48 8b6c | 2420 4889 | 5c24 284c | 8944 2458 | 4c89 6c24 
  0x0000022928576a9c: ;   {runtime_call UncommonTrapBlob}
  0x0000022928576a9c: 6066 90e8 

  0x0000022928576aa0: ; ImmutableOopMap {rbp=Oop [40]=Oop [64]=Oop [72]=Oop [88]=Oop [96]=Oop }
                      ;*invokevirtual paintCellOverlay {reexecute=0 rethrow=0 return_oop=0}
                      ; - com.jidesoft.plaf.basic.BasicJideTableUIDelegate::paintCell@281
  0x0000022928576aa0: 5cdb d9fe 

  0x0000022928576aa4: ;   {other}
  0x0000022928576aa4: 0f1f 8400 | 142a 0041 | 4d8b 5758 | 4d8b 5f48 | f083 4424 | c000 8039 | 0074 2f44 | 8821 4d85 
  0x0000022928576ac4: db74 0f4b | 894c 1af8 | 4983 c3f8 | 4d89 5f48 | eb18 498b | d749 ba40 | 128a 87fc | 7f00 0041 
  0x0000022928576ae4: ;   {other}
  0x0000022928576ae4: ffd2 0f1f | 8400 0000 | 0000 448b | 976c 0300 | 0045 85d2 | 0f84 dbfe | ffff 4d8b | ca49 c1e1 
  0x0000022928576b04: 03e9 37f6 | ffff ba45 | ffff ff4c | 8974 2430 | 4889 5c24 | 504c 8954 | 2460 4c89 | 6c24 6889 
  0x0000022928576b24: b424 8000 

  0x0000022928576b28: ;   {runtime_call UncommonTrapBlob}
  0x0000022928576b28: 0000 90e8 

  0x0000022928576b2c: ; ImmutableOopMap {rbp=NarrowOop [32]=Oop [48]=Oop [64]=Oop [72]=Oop [80]=Oop [96]=Oop [104]=Oop [128]=NarrowOop }
                      ;*ifnonnull {reexecute=1 rethrow=0 return_oop=0}
                      ; - (reexecute) com.jidesoft.grid.CellStyleTable::paintCellUnderlay@22
                      ; - com.jidesoft.plaf.basic.BasicJideTableUIDelegate::paintCell@187
  0x0000022928576b2c: d0da d9fe 

  0x0000022928576b30: ;   {other}
  0x0000022928576b30: 0f1f 8400 | a02a 0042 | ba45 ffff | ff48 8b6c | 2420 4889 | 5c24 204c | 8b54 2448 | 4c89 5424 
  0x0000022928576b50: 304c 8944 | 2450 4c89 | 6c24 5889 | 4c24 6444 | 895c 2468 

  0x0000022928576b64: ;   {runtime_call UncommonTrapBlob}
  0x0000022928576b64: 6666 90e8 

  0x0000022928576b68: ; ImmutableOopMap {rbp=Oop [32]=Oop [48]=Oop [64]=Oop [80]=Oop [88]=Oop [100]=NarrowOop [104]=NarrowOop }
                      ;*ifnonnull {reexecute=1 rethrow=0 return_oop=0}
                      ; - (reexecute) com.jidesoft.grid.CellStyleTable::paintCellOverlay@22
                      ; - ui.utils.k.j.ad::paintCellOverlay@8 (line 765)
                      ; - com.jidesoft.plaf.basic.BasicJideTableUIDelegate::paintCell@281
  0x0000022928576b68: 94da d9fe 

  0x0000022928576b6c: ;   {other}
  0x0000022928576b6c: 0f1f 8400 | dc2a 0043 | ba45 ffff | ff48 895c | 2428 4c89 | 4424 584c | 896c 2460 

  0x0000022928576b88: ;   {runtime_call UncommonTrapBlob}
  0x0000022928576b88: 6666 90e8 

  0x0000022928576b8c: ; ImmutableOopMap {rbp=NarrowOop [32]=Oop [40]=Oop [64]=Oop [72]=Oop [88]=Oop [96]=Oop }
                      ;*ifnull {reexecute=1 rethrow=0 return_oop=0}
                      ; - (reexecute) com.jidesoft.grid.CellStyleTable::paintCellOverlay@44
                      ; - ui.utils.k.j.ad::paintCellOverlay@8 (line 765)
                      ; - com.jidesoft.plaf.basic.BasicJideTableUIDelegate::paintCell@281
  0x0000022928576b8c: 70da d9fe 

  0x0000022928576b90: ;   {other}
  0x0000022928576b90: 0f1f 8400 | 002b 0044 | 498b d749 | ba60 128a | 87fc 7f00 | 0041 ffd2 

  0x0000022928576ba8: ;   {other}
  0x0000022928576ba8: 0f1f 8400 | 0000 0000 | e911 e9ff | ff49 8bd7 | 49ba 6012 | 8a87 fc7f | 0000 41ff 

  0x0000022928576bc4: ;   {other}
  0x0000022928576bc4: d20f 1f84 | 0000 0000 | 00e9 88e9 | ffff bade | ffff ff49 

  0x0000022928576bd8: ;   {runtime_call UncommonTrapBlob}
  0x0000022928576bd8: 8be9 90e8 

  0x0000022928576bdc: ; ImmutableOopMap {rbp=Oop }
                      ;*checkcast {reexecute=0 rethrow=0 return_oop=0}
                      ; - ui.dlg.q.ar::prepareRenderer@77 (line 919)
                      ; - com.jidesoft.plaf.basic.BasicJideTableUIDelegate::paintCell@124
  0x0000022928576bdc: 20da d9fe 

  0x0000022928576be0: ;   {other}
  0x0000022928576be0: 0f1f 8400 | 502b 0045 | bade ffff 

  0x0000022928576bec: ;   {runtime_call UncommonTrapBlob}
  0x0000022928576bec: ff66 90e8 

  0x0000022928576bf0: ; ImmutableOopMap {rbp=NarrowOop }
                      ;*checkcast {reexecute=0 rethrow=0 return_oop=0}
                      ; - com.jidesoft.grid.TreeTable::getCellRenderer@57
                      ; - com.jidesoft.plaf.basic.BasicJideTableUIDelegate::paintCell@104
  0x0000022928576bf0: 0cda d9fe 

  0x0000022928576bf4: ;   {other}
  0x0000022928576bf4: 0f1f 8400 | 642b 0046 | 498b d749 | ba60 128a | 87fc 7f00 | 0041 ffd2 

  0x0000022928576c0c: ;   {other}
  0x0000022928576c0c: 0f1f 8400 | 0000 0000 | e993 f3ff | ff49 8bd7 | 49ba 6012 | 8a87 fc7f | 0000 41ff 

  0x0000022928576c28: ;   {other}
  0x0000022928576c28: d20f 1f84 | 0000 0000 | 00e9 c1f4 | ffff bade | ffff ff48 | 8b6c 2420 | 4c8b 5424 | 284c 8954 
  0x0000022928576c48: 2420 4c8b | 5424 404c | 8954 2428 | 4c8b 5424 | 484c 8954 | 2440 4889 

  0x0000022928576c60: ;   {runtime_call UncommonTrapBlob}
  0x0000022928576c60: 4424 58e8 

  0x0000022928576c64: ; ImmutableOopMap {rbp=Oop [32]=Oop [40]=Oop [48]=Oop [64]=Oop [80]=Oop [88]=Oop }
                      ;*checkcast {reexecute=0 rethrow=0 return_oop=0}
                      ; - sun.java2d.SunGraphics2D::clone@38 (line 311)
                      ; - sun.java2d.SunGraphics2D::create@1 (line 342)
                      ; - com.jidesoft.plaf.basic.BasicJideTableUIDelegate::paintCell@261
  0x0000022928576c64: 98d9 d9fe 

  0x0000022928576c68: ;   {other}
  0x0000022928576c68: 0f1f 8400 | d82b 0047 | bade ffff | ff48 8b6c | 2420 4c8b | 5424 284c | 8954 2420 | 4889 4424 
  0x0000022928576c88: ;   {runtime_call UncommonTrapBlob}
  0x0000022928576c88: 6066 90e8 

  0x0000022928576c8c: ; ImmutableOopMap {rbp=Oop [32]=Oop [48]=Oop [64]=Oop [72]=Oop [88]=Oop [96]=Oop }
                      ;*checkcast {reexecute=0 rethrow=0 return_oop=0}
                      ; - sun.java2d.SunGraphics2D::clone@38 (line 311)
                      ; - sun.java2d.SunGraphics2D::create@1 (line 342)
                      ; - com.jidesoft.plaf.basic.BasicJideTableUIDelegate::paintCell@167
  0x0000022928576c8c: 70d9 d9fe 

  0x0000022928576c90: ;   {other}
  0x0000022928576c90: 0f1f 8400 | 002c 0048 | baf6 ffff 

  0x0000022928576c9c: ;   {runtime_call UncommonTrapBlob}
  0x0000022928576c9c: ff66 90e8 

  0x0000022928576ca0: ; ImmutableOopMap {}
                      ;*invokevirtual isEditing {reexecute=0 rethrow=0 return_oop=0}
                      ; - com.jidesoft.plaf.basic.BasicJideTableUIDelegate::paintCell@9
  0x0000022928576ca0: 5cd9 d9fe 

  0x0000022928576ca4: ;   {other}
  0x0000022928576ca4: 0f1f 8400 | 142c 0049 | baf6 ffff | ff48 8be8 

  0x0000022928576cb4: ;   {runtime_call UncommonTrapBlob}
  0x0000022928576cb4: 6666 90e8 

  0x0000022928576cb8: ; ImmutableOopMap {rbp=Oop }
                      ;*invokevirtual prepareRenderer {reexecute=0 rethrow=0 return_oop=0}
                      ; - com.jidesoft.plaf.basic.BasicJideTableUIDelegate::paintCell@124
  0x0000022928576cb8: 44d9 d9fe 

  0x0000022928576cbc: ;   {other}
  0x0000022928576cbc: 0f1f 8400 | 2c2c 004a | baf6 ffff 

  0x0000022928576cc8: ;   {runtime_call UncommonTrapBlob}
  0x0000022928576cc8: ff66 90e8 

  0x0000022928576ccc: ; ImmutableOopMap {}
                      ;*invokevirtual getComponentOrientation {reexecute=0 rethrow=0 return_oop=0}
                      ; - com.jidesoft.plaf.basic.BasicJideTableUIDelegate::paintCell@145
  0x0000022928576ccc: 30d9 d9fe 

  0x0000022928576cd0: ;   {other}
  0x0000022928576cd0: 0f1f 8400 | 402c 004b | baf4 ffff | ff48 8b6c | 2420 48ff | 7424 3048 | 8f44 2420 | 4c8b 5424 
  0x0000022928576cf0: 404c 8954 

  0x0000022928576cf4: ;   {runtime_call UncommonTrapBlob}
  0x0000022928576cf4: 2430 90e8 

  0x0000022928576cf8: ; ImmutableOopMap {rbp=Oop [32]=Oop [40]=Oop [48]=Oop [72]=Oop }
                      ;*instanceof {reexecute=0 rethrow=0 return_oop=0}
                      ; - com.jidesoft.plaf.basic.BasicJideTableUIDelegate::paintCell@160
  0x0000022928576cf8: 04d9 d9fe 

  0x0000022928576cfc: ;   {other}
  0x0000022928576cfc: 0f1f 8400 | 6c2c 004c | baf6 ffff 

  0x0000022928576d08: ;   {runtime_call UncommonTrapBlob}
  0x0000022928576d08: ff66 90e8 

  0x0000022928576d0c: ; ImmutableOopMap {}
                      ;*invokevirtual create {reexecute=0 rethrow=0 return_oop=0}
                      ; - com.jidesoft.plaf.basic.BasicJideTableUIDelegate::paintCell@167
  0x0000022928576d0c: f0d8 d9fe 

  0x0000022928576d10: ;   {other}
  0x0000022928576d10: 0f1f 8400 | 802c 004d | baf6 ffff | ff48 8b6c | 2420 4c89 | 7424 204c | 8b5c 2440 | 4c89 5c24 
  0x0000022928576d30: 304c 8b5c | 2448 4c89 | 5c24 4048 | 895c 2448 | 4c89 6c24 | 584c 8954 

  0x0000022928576d48: ;   {runtime_call UncommonTrapBlob}
  0x0000022928576d48: 2460 90e8 

  0x0000022928576d4c: ; ImmutableOopMap {rbp=Oop [32]=Oop [48]=Oop [64]=Oop [72]=Oop [88]=Oop [96]=Oop }
                      ;*getfield m00 {reexecute=1 rethrow=0 return_oop=0}
                      ; - (reexecute) java.awt.geom.AffineTransform::<init>@6 (line 490)
                      ; - sun.java2d.SunGraphics2D::clone@17 (line 309)
                      ; - sun.java2d.SunGraphics2D::create@1 (line 342)
                      ; - com.jidesoft.plaf.basic.BasicJideTableUIDelegate::paintCell@167
  0x0000022928576d4c: b0d8 d9fe 

  0x0000022928576d50: ;   {other}
  0x0000022928576d50: 0f1f 8400 | c02c 004e | baf4 ffff | ff48 8b6c | 2420 4c89 | 7424 2048 | 895c 2428 | 4c8b 5424 
  0x0000022928576d70: 404c 8954 | 2430 4c8b | 5424 484c | 8954 2440 | 4c89 6c24 

  0x0000022928576d84: ;   {runtime_call UncommonTrapBlob}
  0x0000022928576d84: 4866 90e8 

  0x0000022928576d88: ; ImmutableOopMap {rbp=Oop [32]=Oop [40]=Oop [48]=Oop [64]=Oop [72]=Oop }
                      ;*checkcast {reexecute=0 rethrow=0 return_oop=0}
                      ; - com.jidesoft.plaf.basic.BasicJideTableUIDelegate::paintCell@176
  0x0000022928576d88: 74d8 d9fe 

  0x0000022928576d8c: ;   {other}
  0x0000022928576d8c: 0f1f 8400 | fc2c 004f | baf6 ffff | ff48 8be9 | 4c89 5c24 | 284c 8b54 | 2450 4c89 | 5424 3044 
  0x0000022928576dac: 894c 2450 

  0x0000022928576db0: ;   {runtime_call UncommonTrapBlob}
  0x0000022928576db0: 6666 90e8 

  0x0000022928576db4: ; ImmutableOopMap {rbp=Oop [40]=Oop [48]=Oop [64]=Oop [72]=Oop [80]=NarrowOop }
                      ;*invokeinterface indexOf {reexecute=0 rethrow=0 return_oop=0}
                      ; - java.awt.Container::remove@20 (line 1291)
                      ; - com.jidesoft.plaf.basic.BasicJideTableUIDelegate::paintCell@242
  0x0000022928576db4: 48d8 d9fe 

  0x0000022928576db8: ;   {other}
  0x0000022928576db8: 0f1f 8400 | 282d 0050 | baf4 ffff | ff48 8b6c | 2420 4889 | 5c24 204c | 8b54 2440 | 4c89 5424 
  0x0000022928576dd8: ;   {runtime_call UncommonTrapBlob}
  0x0000022928576dd8: 3066 90e8 

  0x0000022928576ddc: ; ImmutableOopMap {rbp=Oop [32]=Oop [48]=Oop [72]=Oop [80]=Oop }
                      ;*instanceof {reexecute=0 rethrow=0 return_oop=0}
                      ; - com.jidesoft.plaf.basic.BasicJideTableUIDelegate::paintCell@249
  0x0000022928576ddc: 20d8 d9fe 

  0x0000022928576de0: ;   {other}
  0x0000022928576de0: 0f1f 8400 | 502d 0051 | baf6 ffff | ff48 8b6c | 2420 4889 | 5c24 204c | 8b54 2440 | 4c89 5424 
  0x0000022928576e00: 2844 8b5c | 2438 4489 | 5c24 3044 | 8b54 243c | 4489 5424 | 344c 8b54 | 2448 4c89 | 5424 3848 
  0x0000022928576e20: 897c 2440 | 4c89 6c24 | 504c 8944 

  0x0000022928576e2c: ;   {runtime_call UncommonTrapBlob}
  0x0000022928576e2c: 2458 90e8 

  0x0000022928576e30: ; ImmutableOopMap {rbp=Oop [32]=Oop [40]=Oop [56]=Oop [64]=Oop [80]=Oop [88]=Oop }
                      ;*getfield m00 {reexecute=1 rethrow=0 return_oop=0}
                      ; - (reexecute) java.awt.geom.AffineTransform::<init>@6 (line 490)
                      ; - sun.java2d.SunGraphics2D::clone@17 (line 309)
                      ; - sun.java2d.SunGraphics2D::create@1 (line 342)
                      ; - com.jidesoft.plaf.basic.BasicJideTableUIDelegate::paintCell@261
  0x0000022928576e30: ccd7 d9fe 

  0x0000022928576e34: ;   {other}
  0x0000022928576e34: 0f1f 8400 | a42d 0052 | baf4 ffff | ff48 8b6c | 2420 4889 | 5c24 204c | 8b54 2440 | 4c89 5424 
  0x0000022928576e54: 2844 8b5c | 2438 4489 | 5c24 3044 | 8b54 243c | 4489 5424 | 344c 896c 

  0x0000022928576e6c: ;   {runtime_call UncommonTrapBlob}
  0x0000022928576e6c: 2440 90e8 

  0x0000022928576e70: ; ImmutableOopMap {rbp=Oop [32]=Oop [40]=Oop [64]=Oop [72]=Oop }
                      ;*checkcast {reexecute=0 rethrow=0 return_oop=0}
                      ; - com.jidesoft.plaf.basic.BasicJideTableUIDelegate::paintCell@270
  0x0000022928576e70: 8cd7 d9fe 

  0x0000022928576e74: ;   {other}
  0x0000022928576e74: 0f1f 8400 | e42d 0053 | baf4 ffff | ff48 8b6c | 2420 4889 

  0x0000022928576e88: ;   {runtime_call UncommonTrapBlob}
  0x0000022928576e88: 5c24 20e8 

  0x0000022928576e8c: ; ImmutableOopMap {rbp=Oop [32]=Oop [72]=Oop }
                      ;*instanceof {reexecute=0 rethrow=0 return_oop=0}
                      ; - com.jidesoft.plaf.basic.BasicJideTableUIDelegate::paintCell@298
  0x0000022928576e8c: 70d7 d9fe 

  0x0000022928576e90: ;   {other}
  0x0000022928576e90: 0f1f 8400 | 002e 0054 | ba45 ffff | ff48 8b6c | 2420 4c89 | 7424 2048 | 895c 2428 | 4c8b 5424 
  0x0000022928576eb0: 404c 8954 | 2430 4c8b | 5424 484c | 8954 2440 | 4c89 6c24 | 4889 7424 

  0x0000022928576ec8: ;   {runtime_call UncommonTrapBlob}
  0x0000022928576ec8: 5066 90e8 

  0x0000022928576ecc: ; ImmutableOopMap {rbp=Oop [32]=Oop [40]=Oop [48]=Oop [64]=Oop [72]=Oop [80]=NarrowOop }
                      ;*ifnull {reexecute=1 rethrow=0 return_oop=0}
                      ; - (reexecute) com.jidesoft.grid.CellStyleTable::paintCellUnderlay@25
                      ; - com.jidesoft.plaf.basic.BasicJideTableUIDelegate::paintCell@187
  0x0000022928576ecc: 30d7 d9fe 

  0x0000022928576ed0: ;   {other}
  0x0000022928576ed0: 0f1f 8400 | 402e 0055 | ba45 ffff | ff48 8b6c | 2420 4889 | 5c24 2044 | 8b54 2438 | 4489 5424 
  0x0000022928576ef0: 2844 8b5c | 243c 4489 | 5c24 2c4c | 896c 2438 | 4489 4c24 

  0x0000022928576f04: ;   {runtime_call UncommonTrapBlob}
  0x0000022928576f04: 4066 90e8 

  0x0000022928576f08: ; ImmutableOopMap {rbp=Oop [32]=Oop [56]=Oop [64]=NarrowOop [72]=Oop }
                      ;*ifnull {reexecute=1 rethrow=0 return_oop=0}
                      ; - (reexecute) com.jidesoft.grid.CellStyleTable::paintCellOverlay@25
                      ; - ui.utils.k.j.ad::paintCellOverlay@8 (line 765)
                      ; - com.jidesoft.plaf.basic.BasicJideTableUIDelegate::paintCell@281
  0x0000022928576f08: f4d6 d9fe 

  0x0000022928576f0c: ;   {other}
  0x0000022928576f0c: 0f1f 8400 | 7c2e 0056 | baf6 ffff 

  0x0000022928576f18: ;   {runtime_call UncommonTrapBlob}
  0x0000022928576f18: ff66 90e8 

  0x0000022928576f1c: ; ImmutableOopMap {}
                      ;*getfield fIS {reexecute=1 rethrow=0 return_oop=0}
                      ; - (reexecute) ui.dlg.q.an::b@1 (line 70)
                      ; - ui.dlg.q.ar::prepareRenderer@13 (line 913)
                      ; - com.jidesoft.plaf.basic.BasicJideTableUIDelegate::paintCell@124
  0x0000022928576f1c: e0d6 d9fe 

  0x0000022928576f20: ;   {other}
  0x0000022928576f20: 0f1f 8400 | 902e 0057 | baf6 ffff 

  0x0000022928576f2c: ;   {runtime_call UncommonTrapBlob}
  0x0000022928576f2c: ff66 90e8 

  0x0000022928576f30: ; ImmutableOopMap {}
                      ;*getfield lRT {reexecute=1 rethrow=0 return_oop=0}
                      ; - (reexecute) ui.dlg.q.ar::prepareRenderer@26 (line 914)
                      ; - com.jidesoft.plaf.basic.BasicJideTableUIDelegate::paintCell@124
  0x0000022928576f30: ccd6 d9fe 

  0x0000022928576f34: ;   {other}
  0x0000022928576f34: 0f1f 8400 | a42e 0058 | baf6 ffff 

  0x0000022928576f40: ;   {runtime_call UncommonTrapBlob}
  0x0000022928576f40: ff8b e8e8 

  0x0000022928576f44: ; ImmutableOopMap {}
                      ;*invokevirtual QH {reexecute=0 rethrow=0 return_oop=0}
                      ; - ui.dlg.q.ar::prepareRenderer@31 (line 914)
                      ; - com.jidesoft.plaf.basic.BasicJideTableUIDelegate::paintCell@124
  0x0000022928576f44: b8d6 d9fe 

  0x0000022928576f48: ;   {other}
  0x0000022928576f48: 0f1f 8400 | b82e 0059 | baf4 ffff | ff48 8b6c | 2420 4c8b | 5424 284c | 8954 2420 

  0x0000022928576f64: ;   {runtime_call UncommonTrapBlob}
  0x0000022928576f64: 6666 90e8 

  0x0000022928576f68: ; ImmutableOopMap {rbp=Oop [32]=Oop [48]=Oop [64]=Oop [72]=Oop [88]=Oop }
                      ;*checkcast {reexecute=0 rethrow=0 return_oop=0}
                      ; - sun.java2d.SunGraphics2D::clone@38 (line 311)
                      ; - sun.java2d.SunGraphics2D::create@1 (line 342)
                      ; - com.jidesoft.plaf.basic.BasicJideTableUIDelegate::paintCell@167
  0x0000022928576f68: 94d6 d9fe 

  0x0000022928576f6c: ;   {other}
  0x0000022928576f6c: 0f1f 8400 | dc2e 005a | baf4 ffff | ff48 8b6c | 2420 4c8b | 5424 284c | 8954 2420 | 4c8b 5424 
  0x0000022928576f8c: 404c 8954 | 2428 4c8b | 5424 484c | 8954 2440 

  0x0000022928576f9c: ;   {runtime_call UncommonTrapBlob}
  0x0000022928576f9c: 6666 90e8 

  0x0000022928576fa0: ; ImmutableOopMap {rbp=Oop [32]=Oop [40]=Oop [48]=Oop [64]=Oop [80]=Oop }
                      ;*checkcast {reexecute=0 rethrow=0 return_oop=0}
                      ; - sun.java2d.SunGraphics2D::clone@38 (line 311)
                      ; - sun.java2d.SunGraphics2D::create@1 (line 342)
                      ; - com.jidesoft.plaf.basic.BasicJideTableUIDelegate::paintCell@261
  0x0000022928576fa0: 5cd6 d9fe 

  0x0000022928576fa4: ;   {other}
  0x0000022928576fa4: 0f1f 8400 | 142f 005b | ba45 ffff | ff48 8b6c | 2420 4c89 | 7424 2048 | 895c 2428 | 4c8b 5424 
  0x0000022928576fc4: 404c 8954 | 2430 4c8b | 5424 484c | 8954 2440 | 4c89 6c24 | 4889 7424 

  0x0000022928576fdc: ;   {runtime_call UncommonTrapBlob}
  0x0000022928576fdc: 5066 90e8 

  0x0000022928576fe0: ; ImmutableOopMap {rbp=Oop [32]=Oop [40]=Oop [48]=Oop [64]=Oop [72]=Oop [80]=NarrowOop }
                      ;*ifnull {reexecute=1 rethrow=0 return_oop=0}
                      ; - (reexecute) com.jidesoft.grid.CellStyleTable::paintCellUnderlay@25
                      ; - com.jidesoft.plaf.basic.BasicJideTableUIDelegate::paintCell@187
  0x0000022928576fe0: 1cd6 d9fe 

  0x0000022928576fe4: ;   {other}
  0x0000022928576fe4: 0f1f 8400 | 542f 005c | ba45 ffff | ff48 8b6c | 2420 4889 | 5c24 2044 | 8b5c 2438 | 4489 5c24 
  0x0000022928577004: 2844 8b54 | 243c 4489 | 5424 2c4c | 896c 2438 | 894c 2440 

  0x0000022928577018: ;   {runtime_call UncommonTrapBlob}
  0x0000022928577018: 6666 90e8 

  0x000002292857701c: ; ImmutableOopMap {rbp=Oop [32]=Oop [56]=Oop [64]=NarrowOop [72]=Oop }
                      ;*ifnull {reexecute=1 rethrow=0 return_oop=0}
                      ; - (reexecute) com.jidesoft.grid.CellStyleTable::paintCellOverlay@25
                      ; - ui.utils.k.j.ad::paintCellOverlay@8 (line 765)
                      ; - com.jidesoft.plaf.basic.BasicJideTableUIDelegate::paintCell@281
  0x000002292857701c: e0d5 d9fe 

  0x0000022928577020: ;   {other}
  0x0000022928577020: 0f1f 8400 | 902f 005d | baf6 ffff 

  0x000002292857702c: ;   {runtime_call UncommonTrapBlob}
  0x000002292857702c: ff66 90e8 

  0x0000022928577030: ; ImmutableOopMap {}
                      ;*getfield fIS {reexecute=1 rethrow=0 return_oop=0}
                      ; - (reexecute) ui.dlg.q.an::c@1 (line 70)
                      ; - ui.dlg.q.ar::prepareRenderer@44 (line 915)
                      ; - com.jidesoft.plaf.basic.BasicJideTableUIDelegate::paintCell@124
  0x0000022928577030: ccd5 d9fe 

  0x0000022928577034: ;   {other}
  0x0000022928577034: 0f1f 8400 | a42f 005e | baf6 ffff 

  0x0000022928577040: ;   {runtime_call UncommonTrapBlob}
  0x0000022928577040: ff66 90e8 

  0x0000022928577044: ; ImmutableOopMap {}
                      ;*getfield width {reexecute=1 rethrow=0 return_oop=0}
                      ; - (reexecute) ui.dlg.q.ar::prepareRenderer@64 (line 917)
                      ; - com.jidesoft.plaf.basic.BasicJideTableUIDelegate::paintCell@124
  0x0000022928577044: b8d5 d9fe 

  0x0000022928577048: ;   {other}
  0x0000022928577048: 0f1f 8400 | b82f 005f | baf6 ffff 

  0x0000022928577054: ;   {runtime_call UncommonTrapBlob}
  0x0000022928577054: ff66 90e8 

  0x0000022928577058: ; ImmutableOopMap {}
                      ;*getfield left {reexecute=1 rethrow=0 return_oop=0}
                      ; - (reexecute) ui.dlg.q.ar::prepareRenderer@99 (line 921)
                      ; - com.jidesoft.plaf.basic.BasicJideTableUIDelegate::paintCell@124
  0x0000022928577058: a4d5 d9fe 

  0x000002292857705c: ;   {other}
  0x000002292857705c: 0f1f 8400 | cc2f 0060 | baf6 ffff 

  0x0000022928577068: ;   {runtime_call UncommonTrapBlob}
  0x0000022928577068: ff66 90e8 

  0x000002292857706c: ; ImmutableOopMap {}
                      ;*getfield right {reexecute=1 rethrow=0 return_oop=0}
                      ; - (reexecute) ui.dlg.q.ar::prepareRenderer@111 (line 921)
                      ; - com.jidesoft.plaf.basic.BasicJideTableUIDelegate::paintCell@124
  0x000002292857706c: 90d5 d9fe 

  0x0000022928577070: ;   {other}
  0x0000022928577070: 0f1f 8400 | e02f 0061 | ba97 ffff | ff48 8b6c | 2420 4c8b | 5424 284c | 8954 2420 

  0x000002292857708c: ;   {runtime_call UncommonTrapBlob}
  0x000002292857708c: 6666 90e8 

  0x0000022928577090: ; ImmutableOopMap {rbp=Oop [32]=Oop [48]=Oop [64]=Oop [72]=Oop }
                      ;*invokespecial clone {reexecute=1 rethrow=0 return_oop=0}
                      ; - (reexecute) sun.java2d.SunGraphics2D::clone@1 (line 308)
                      ; - sun.java2d.SunGraphics2D::create@1 (line 342)
                      ; - com.jidesoft.plaf.basic.BasicJideTableUIDelegate::paintCell@167
  0x0000022928577090: 6cd5 d9fe 

  0x0000022928577094: ;   {other}
  0x0000022928577094: 0f1f 8400 | 0430 0062 | ba97 ffff | ff48 8b6c | 2420 4c8b | 5424 284c | 8954 2420 | 4c8b 5424 
  0x00000229285770b4: 404c 8954 | 2428 448b | 5424 3844 | 8954 2430 | 448b 5c24 | 3c44 895c | 2434 4c8b | 5424 484c 
  0x00000229285770d4: 8954 2438 | 4c8b 5424 | 504c 8954 

  0x00000229285770e0: ;   {runtime_call UncommonTrapBlob}
  0x00000229285770e0: 2448 90e8 

  0x00000229285770e4: ; ImmutableOopMap {rbp=Oop [32]=Oop [40]=Oop [56]=Oop [72]=Oop [80]=Oop }
                      ;*invokespecial clone {reexecute=1 rethrow=0 return_oop=0}
                      ; - (reexecute) sun.java2d.SunGraphics2D::clone@1 (line 308)
                      ; - sun.java2d.SunGraphics2D::create@1 (line 342)
                      ; - com.jidesoft.plaf.basic.BasicJideTableUIDelegate::paintCell@261
  0x00000229285770e4: 18d5 d9fe 

  0x00000229285770e8: ;   {other}
  0x00000229285770e8: 0f1f 8400 | 5830 0063 | e98e 0000 | 00e9 8900 | 0000 e990 | 0000 00e9 | 8b00 0000 | e986 0000 
  0x0000022928577108: 0044 8b50 

  0x000002292857710c: ;   {metadata('java/lang/CloneNotSupportedException')}
  0x000002292857710c: 0841 81fa | 285e 1001 | 753e 4533 | ed48 8b5c | 2428 e913 | deff ff44 

  0x0000022928577124: ;   {metadata('java/lang/CloneNotSupportedException')}
  0x0000022928577124: 8b58 0841 | 81fb 285e | 1001 7539 | 4533 ed4c | 8b74 2428 | 488b 5c24 | 3048 8b7c | 2450 e956 
  0x0000022928577144: d7ff ff44 

  0x0000022928577148: ;   {metadata('java/lang/CloneNotSupportedException')}
  0x0000022928577148: 8b50 0841 | 81fa 285e | 1001 74c2 | 488b d0e9 | 0401 0000 | 448b 5808 

  0x0000022928577160: ;   {metadata('java/lang/CloneNotSupportedException')}
  0x0000022928577160: 4181 fb28 | 5e10 0174 | c748 8bd0 | e9ef 0000 | 00eb 1ceb | 1aeb 18eb | 1648 8bd0 | e9df 0000 
  0x0000022928577180: 00eb 0048 | 8bd0 e9d5 | 0000 00eb | 02eb 0048 | 8bd0 e9c9 | 0000 0048 | 8bd0 e9c1 | 0000 0048 
  0x00000229285771a0: 8bd0 e9b9 | 0000 0048 | 8bd0 e9b1 | 0000 0048 

  0x00000229285771b0: ;   {oop(a 'java/awt/Component$AWTTreeLock'{0x0000000680713eb0})}
  0x00000229285771b0: 8bd8 49bb | b03e 7180 | 0600 0000 | 488d 8424 | 9000 0000 | 4883 3800 | 0f84 7900 | 0000 4d8b 
  0x00000229285771d0: 1341 f6c2 | 020f 8462 | 0000 0049 | 83ba 8600 | 0000 0074 | 0949 ff8a | 8600 0000 | eb4b 498b 
  0x00000229285771f0: 8296 0000 | 0049 0b82 | 8e00 0000 | 750a 49c7 | 423e 0000 | 0000 eb3d | 4983 ba9e | 0000 0000 
  0x0000022928577210: 7422 4833 | c049 c742 | 3e00 0000 | 00f0 8304 | 2400 4983 | ba9e 0000 | 0000 750d | f04d 0fb1 
  0x0000022928577230: 7a3e 7505 | 83c8 01eb | 0ca8 00eb | 084c 8b10 | f04d 0fb1 | 1375 0a49 | ff8f 4805 | 0000 4533 
  0x0000022928577250: d275 1a48 | 8bd3 eb08 | 488b d0eb | 0348 8bd0 | 4881 c4a0 | 0000 005d 

  0x0000022928577268: ;   {runtime_call _rethrow_Java}
  0x0000022928577268: e993 4501 

  0x000002292857726c: ;   {oop(a 'java/awt/Component$AWTTreeLock'{0x0000000680713eb0})}
  0x000002292857726c: ff48 b9b0 | 3e71 8006 | 0000 0048 | 8d94 2490 | 0000 004d | 8bc7 49ba | 702f cb87 | fc7f 0000 
  0x000002292857728c: ;   {other}
  0x000002292857728c: 41ff d20f | 1f84 0000 | 0000 00eb | baba f4ff | ffff 488b | 6c24 304c | 8b54 2440 | 4c89 5424 
  0x00000229285772ac: 3044 8b54 | 2438 4489 | 5424 2448 | 8944 24f8 | 8b44 243c | 8944 2420 | 488b 4424 | f848 897c 
  0x00000229285772cc: 2438 4889 

  0x00000229285772d0: ;   {runtime_call UncommonTrapBlob}
  0x00000229285772d0: 4424 40e8 

  0x00000229285772d4: ; ImmutableOopMap {rbp=Oop [40]=Oop [48]=Oop [56]=Oop [64]=Oop }
                      ;*checkcast {reexecute=0 rethrow=0 return_oop=0}
                      ; - com.jidesoft.grid.TreeTable::getCellRenderer@57
                      ; - com.jidesoft.plaf.basic.BasicJideTableUIDelegate::paintCell@104
  0x00000229285772d4: 28d3 d9fe 

  0x00000229285772d8: ;   {other}
  0x00000229285772d8: 0f1f 8400 | 4832 0064 

  0x00000229285772e0: ;   {internal_word}
  0x00000229285772e0: 49ba 1452 | 5728 2902 | 0000 4d89 | 9760 0400 

  0x00000229285772f0: ;   {runtime_call SafepointBlob}
  0x00000229285772f0: 00e9 0ae4 

  0x00000229285772f4: ;   {runtime_call StubRoutines (final stubs)}
  0x00000229285772f4: d9fe e865 | dad7 fee9 | bed2 ffff 
[Stub Code]
  0x0000022928577300: ;   {no_reloc}
  0x0000022928577300: 48bb 0000 | 0000 0000 

  0x0000022928577308: ;   {runtime_call nmethod}
  0x0000022928577308: 0000 e9fb 

  0x000002292857730c: ;   {static_stub}
  0x000002292857730c: ffff ff48 | bb00 0000 | 0000 0000 

  0x0000022928577318: ;   {runtime_call nmethod}
  0x0000022928577318: 00e9 fbff 

  0x000002292857731c: ;   {static_stub}
  0x000002292857731c: ffff 48bb | b051 9a7c | 2902 0000 

  0x0000022928577328: ;   {runtime_call I2C/C2I adapters}
  0x0000022928577328: e9e7 55ff 

  0x000002292857732c: ;   {static_stub}
  0x000002292857732c: fe48 bb00 | 0000 0000 

  0x0000022928577334: ;   {runtime_call nmethod}
  0x0000022928577334: 0000 00e9 | fbff ffff 

  0x000002292857733c: ;   {static_stub}
  0x000002292857733c: 48bb 0000 | 0000 0000 

  0x0000022928577344: ;   {runtime_call nmethod}
  0x0000022928577344: 0000 e9fb 

  0x0000022928577348: ;   {static_stub}
  0x0000022928577348: ffff ff48 | bb00 0000 | 0000 0000 

  0x0000022928577354: ;   {runtime_call nmethod}
  0x0000022928577354: 00e9 fbff 

  0x0000022928577358: ;   {static_stub}
  0x0000022928577358: ffff 48bb | 0000 0000 | 0000 0000 

  0x0000022928577364: ;   {runtime_call nmethod}
  0x0000022928577364: e9fb ffff 

  0x0000022928577368: ;   {static_stub}
  0x0000022928577368: ff48 bb00 | 0000 0000 

  0x0000022928577370: ;   {runtime_call nmethod}
  0x0000022928577370: 0000 00e9 | fbff ffff 

  0x0000022928577378: ;   {static_stub}
  0x0000022928577378: 48bb 0000 | 0000 0000 

  0x0000022928577380: ;   {runtime_call nmethod}
  0x0000022928577380: 0000 e9fb 

  0x0000022928577384: ;   {static_stub}
  0x0000022928577384: ffff ff48 | bb00 0000 | 0000 0000 

  0x0000022928577390: ;   {runtime_call nmethod}
  0x0000022928577390: 00e9 fbff 

  0x0000022928577394: ;   {static_stub}
  0x0000022928577394: ffff 48bb | 0000 0000 | 0000 0000 

  0x00000229285773a0: ;   {runtime_call nmethod}
  0x00000229285773a0: e9fb ffff 

  0x00000229285773a4: ;   {static_stub}
  0x00000229285773a4: ff48 bb00 | 0000 0000 

  0x00000229285773ac: ;   {runtime_call nmethod}
  0x00000229285773ac: 0000 00e9 | fbff ffff 

  0x00000229285773b4: ;   {static_stub}
  0x00000229285773b4: 48bb 0000 | 0000 0000 

  0x00000229285773bc: ;   {runtime_call nmethod}
  0x00000229285773bc: 0000 e9fb 

  0x00000229285773c0: ;   {static_stub}
  0x00000229285773c0: ffff ff48 | bb00 0000 | 0000 0000 

  0x00000229285773cc: ;   {runtime_call nmethod}
  0x00000229285773cc: 00e9 fbff 

  0x00000229285773d0: ;   {static_stub}
  0x00000229285773d0: ffff 48bb | 0000 0000 | 0000 0000 

  0x00000229285773dc: ;   {runtime_call nmethod}
  0x00000229285773dc: e9fb ffff 

  0x00000229285773e0: ;   {static_stub}
  0x00000229285773e0: ff48 bb00 | 0000 0000 

  0x00000229285773e8: ;   {runtime_call nmethod}
  0x00000229285773e8: 0000 00e9 | fbff ffff 

  0x00000229285773f0: ;   {static_stub}
  0x00000229285773f0: 48bb 0000 | 0000 0000 

  0x00000229285773f8: ;   {runtime_call nmethod}
  0x00000229285773f8: 0000 e9fb 

  0x00000229285773fc: ;   {runtime_call ExceptionBlob}
  0x00000229285773fc: ffff ffe9 | 7c58 e6fe 
[Deopt Handler Code]
  0x0000022928577404: e800 0000 | 0048 832c 

  0x000002292857740c: ;   {runtime_call DeoptimizationBlob}
  0x000002292857740c: 2405 e98d | d5d9 fef4 | f4f4 f4f4 
[/MachCode]


---------------  P R O C E S S  ---------------

Threads class SMR info:
_java_thread_list=0x00000229a7623090, length=56, elements={
0x0000022915429860, 0x0000022916326d60, 0x00000229163273c0, 0x0000022917769b10,
0x000002291776e570, 0x000002291776efc0, 0x000002291776fa10, 0x0000022917775920,
0x00000229177763c0, 0x0000022917777660, 0x000002297f2bcfc0, 0x000002297f2c6260,
0x000002297f30ffe0, 0x000002297f744280, 0x0000022900240790, 0x0000022900f7c940,
0x00000229000a04c0, 0x0000022900e5a550, 0x0000022900e591a0, 0x0000022900e59830,
0x0000022900e5bf90, 0x0000022901944110, 0x00000229019433f0, 0x000002290c94e0f0,
0x000002290c950850, 0x000002290c952920, 0x000002290c952fb0, 0x000002290c738e60,
0x0000022900e59ec0, 0x0000022902c4f0e0, 0x0000022902c4ea50, 0x0000022902c4f770,
0x0000022902c52560, 0x000002290c94f4a0, 0x0000022902c55350, 0x0000022904eaa540,
0x00000229b501ff20, 0x00000229b5020c40, 0x00000229b50212d0, 0x000002298b52e970,
0x000002298b52f690, 0x000002298b52fd20, 0x000002298b52c8a0, 0x0000022902c52bf0,
0x0000022902c53910, 0x00000229b501b6f0, 0x00000229b501caa0, 0x0000022904eab8f0,
0x0000022904ea9eb0, 0x0000022904eafa90, 0x00000229b501d7c0, 0x0000022901942d60,
0x0000022901943a80, 0x0000022902c54cc0, 0x0000022902c51ed0, 0x000002290c94ee10
}

Java Threads: ( => current thread )
  0x0000022915429860 JavaThread "main"                              [_thread_blocked, id=1392, stack(0x000000e220600000,0x000000e220700000) (1024K)]
  0x0000022916326d60 JavaThread "Reference Handler"          daemon [_thread_blocked, id=25816, stack(0x000000e220f00000,0x000000e221900000) (10240K)]
  0x00000229163273c0 JavaThread "Finalizer"                  daemon [_thread_blocked, id=17524, stack(0x000000e221900000,0x000000e222300000) (10240K)]
  0x0000022917769b10 JavaThread "Signal Dispatcher"          daemon [_thread_blocked, id=18768, stack(0x000000e222300000,0x000000e222d00000) (10240K)]
  0x000002291776e570 JavaThread "Attach Listener"            daemon [_thread_blocked, id=21044, stack(0x000000e222d00000,0x000000e223700000) (10240K)]
  0x000002291776efc0 JavaThread "Service Thread"             daemon [_thread_blocked, id=19812, stack(0x000000e223700000,0x000000e224100000) (10240K)]
  0x000002291776fa10 JavaThread "Monitor Deflation Thread"   daemon [_thread_blocked, id=7652, stack(0x000000e224100000,0x000000e224b00000) (10240K)]
  0x0000022917775920 JavaThread "C2 CompilerThread0"         daemon [_thread_blocked, id=19840, stack(0x000000e224b00000,0x000000e224c00000) (1024K)]
  0x00000229177763c0 JavaThread "C1 CompilerThread0"         daemon [_thread_blocked, id=18216, stack(0x000000e224c00000,0x000000e224d00000) (1024K)]
  0x0000022917777660 JavaThread "StringDedupThread"          daemon [_thread_blocked, id=1952, stack(0x000000e224d00000,0x000000e225700000) (10240K)]
  0x000002297f2bcfc0 JavaThread "Common-Cleaner"             daemon [_thread_blocked, id=7264, stack(0x000000e225a00000,0x000000e226400000) (10240K)]
  0x000002297f2c6260 JavaThread "Notification Thread"        daemon [_thread_blocked, id=856, stack(0x000000e226400000,0x000000e226e00000) (10240K)]
  0x000002297f30ffe0 JavaThread "Java2D Disposer"            daemon [_thread_blocked, id=26188, stack(0x000000e226e00000,0x000000e227800000) (10240K)]
  0x000002297f744280 JavaThread "AWT-Windows"                daemon [_thread_in_native, id=11172, stack(0x000000e228200000,0x000000e228c00000) (10240K)]
  0x0000022900240790 JavaThread "TimerQueue"                 daemon [_thread_blocked, id=19220, stack(0x000000e227800000,0x000000e228200000) (10240K)]
  0x0000022900f7c940 JavaThread "AWT-Shutdown"                      [_thread_blocked, id=25652, stack(0x000000e228c00000,0x000000e229600000) (10240K)]
=>0x00000229000a04c0 JavaThread "AWT-EventQueue-0"                  [_thread_in_native, id=25056, stack(0x000000e229600000,0x000000e22a000000) (10240K)]
  0x0000022900e5a550 JavaThread "Thread-1"                          [_thread_in_native, id=22152, stack(0x000000e21ec00000,0x000000e220000000) (20480K)]
  0x0000022900e591a0 JavaThread "Process Messages Thread"           [_thread_blocked, id=16868, stack(0x000000e22be00000,0x000000e22c800000) (10240K)]
  0x0000022900e59830 JavaThread "Batik CleanerThread"        daemon [_thread_blocked, id=22652, stack(0x000000e22c800000,0x000000e22d200000) (10240K)]
  0x0000022900e5bf90 JavaThread "SyntheticaCleanerThread"    daemon [_thread_blocked, id=13628, stack(0x000000e22d200000,0x000000e22dc00000) (10240K)]
  0x0000022901944110 JavaThread "Timer-0"                           [_thread_blocked, id=8784, stack(0x000000e22e600000,0x000000e22f000000) (10240K)]
  0x00000229019433f0 JavaThread "Monitor File Timestamp Swing Worker Thread"        [_thread_blocked, id=24908, stack(0x000000e22f000000,0x000000e22fa00000) (10240K)]
  0x000002290c94e0f0 JavaThread "Monitor HEventQueue for Sluggish Gui Thread"        [_thread_blocked, id=776, stack(0x000000e22fd00000,0x000000e230700000) (10240K)]
  0x000002290c950850 JavaThread "SyntheticaAnimation 50"     daemon [_thread_blocked, id=19100, stack(0x000000e230700000,0x000000e231100000) (10240K)]
  0x000002290c952920 JavaThread "SyntheticaAnimation 25"     daemon [_thread_blocked, id=13356, stack(0x000000e231100000,0x000000e231b00000) (10240K)]
  0x000002290c952fb0 JavaThread "SyntheticaAnimation 70"     daemon [_thread_blocked, id=16584, stack(0x000000e232500000,0x000000e232f00000) (10240K)]
  0x000002290c738e60 JavaThread "Refresh Filesets Swing Worker Thread"        [_thread_blocked, id=17100, stack(0x000000e22dc00000,0x000000e22e600000) (10240K)]
  0x0000022900e59ec0 JavaThread "hw_ila_monitor"                    [_thread_blocked, id=4532, stack(0x000000e232f00000,0x000000e233900000) (10240K)]
  0x0000022902c4f0e0 JavaThread "Timer-1"                           [_thread_blocked, id=780, stack(0x000000e22a100000,0x000000e22ab00000) (10240K)]
  0x0000022902c4ea50 JavaThread "Timer-2"                           [_thread_blocked, id=12680, stack(0x000000e234300000,0x000000e234d00000) (10240K)]
  0x0000022902c4f770 JavaThread "Timer-3"                           [_thread_blocked, id=8776, stack(0x000000e234d00000,0x000000e235700000) (10240K)]
  0x0000022902c52560 JavaThread "Update Runs Swing Worker Thread"        [_thread_blocked, id=20640, stack(0x000000e235700000,0x000000e236100000) (10240K)]
  0x000002290c94f4a0 JavaThread "Thread-32"                         [_thread_in_native, id=12836, stack(0x000000e22ab00000,0x000000e22ac00000) (1024K)]
  0x0000022902c55350 JavaThread "Thread-33"                         [_thread_in_native, id=19244, stack(0x000000e220700000,0x000000e220800000) (1024K)]
  0x0000022904eaa540 JavaThread "SyntheticaAnimation 50"     daemon [_thread_blocked, id=16392, stack(0x000000e231b00000,0x000000e232500000) (10240K)]
  0x00000229b501ff20 JavaThread "Image Animator 3"           daemon [_thread_blocked, id=24740, stack(0x000000e22ac00000,0x000000e22b600000) (10240K)]
  0x00000229b5020c40 JavaThread "Timer-4"                           [_thread_blocked, id=24856, stack(0x000000e236100000,0x000000e236b00000) (10240K)]
  0x00000229b50212d0 JavaThread "Monitor File Timestamp Swing Worker Thread"        [_thread_blocked, id=23808, stack(0x000000e236b00000,0x000000e237500000) (10240K)]
  0x000002298b52e970 JavaThread "Timer-6"                           [_thread_blocked, id=9256, stack(0x000000e233900000,0x000000e234300000) (10240K)]
  0x000002298b52f690 JavaThread "Monitor File Timestamp Swing Worker Thread"        [_thread_blocked, id=15248, stack(0x000000e238900000,0x000000e239300000) (10240K)]
  0x000002298b52fd20 JavaThread "Timer-7"                           [_thread_blocked, id=18256, stack(0x000000e239300000,0x000000e239d00000) (10240K)]
  0x000002298b52c8a0 JavaThread "Monitor File Timestamp Swing Worker Thread"        [_thread_blocked, id=23664, stack(0x000000e239d00000,0x000000e23a700000) (10240K)]
  0x0000022902c52bf0 JavaThread "Thread-842"                        [_thread_in_native, id=17632, stack(0x000000e225900000,0x000000e225a00000) (1024K)]
  0x0000022902c53910 JavaThread "Thread-843"                        [_thread_in_native, id=22372, stack(0x000000e22a000000,0x000000e22a100000) (1024K)]
  0x00000229b501b6f0 JavaThread "Thread-1139"                       [_thread_in_native, id=13384, stack(0x000000e21e800000,0x000000e21e900000) (1024K)]
  0x00000229b501caa0 JavaThread "Thread-1140"                       [_thread_in_native, id=25004, stack(0x000000e21e900000,0x000000e21ea00000) (1024K)]
  0x0000022904eab8f0 JavaThread "Timer-11"                          [_thread_blocked, id=26448, stack(0x000000e237500000,0x000000e237f00000) (10240K)]
  0x0000022904ea9eb0 JavaThread "Monitor File Timestamp Swing Worker Thread"        [_thread_blocked, id=14032, stack(0x000000e23b100000,0x000000e23bb00000) (10240K)]
  0x0000022904eafa90 JavaThread "Timer-12"                          [_thread_blocked, id=25624, stack(0x000000e23bb00000,0x000000e23c500000) (10240K)]
  0x00000229b501d7c0 JavaThread "Monitor File Timestamp Swing Worker Thread"        [_thread_blocked, id=25172, stack(0x000000e23c500000,0x000000e23cf00000) (10240K)]
  0x0000022901942d60 JavaThread "Thread-1310"                       [_thread_in_native, id=5912, stack(0x000000e220100000,0x000000e220200000) (1024K)]
  0x0000022901943a80 JavaThread "Thread-1312"                       [_thread_in_native, id=26176, stack(0x000000e220200000,0x000000e220300000) (1024K)]
  0x0000022902c54cc0 JavaThread "Timer-14"                          [_thread_blocked, id=20736, stack(0x000000e23cf00000,0x000000e23d900000) (10240K)]
  0x0000022902c51ed0 JavaThread "Monitor File Timestamp Swing Worker Thread"        [_thread_blocked, id=24776, stack(0x000000e23d900000,0x000000e23e300000) (10240K)]
  0x000002290c94ee10 JavaThread "Run Linter Thread"                 [_thread_blocked, id=14416, stack(0x000000e237f00000,0x000000e238900000) (10240K)]
Total: 56

Other Threads:
  0x000002290f7ad370 VMThread "VM Thread"                           [id=18136, stack(0x000000e220e00000,0x000000e220f00000) (1024K)]
  0x00000229165e7470 WatcherThread "VM Periodic Task Thread"        [id=1592, stack(0x000000e220d00000,0x000000e220e00000) (1024K)]
  0x000002290f7ac150 WorkerThread "GC Thread#0"                     [id=10348, stack(0x000000e220800000,0x000000e220900000) (1024K)]
  0x000002290140d3c0 WorkerThread "GC Thread#1"                     [id=18760, stack(0x000000e22bb00000,0x000000e22bc00000) (1024K)]
  0x000002290140f800 WorkerThread "GC Thread#2"                     [id=6324, stack(0x000000e22bc00000,0x000000e22bd00000) (1024K)]
  0x000002290140c8e0 WorkerThread "GC Thread#3"                     [id=3520, stack(0x000000e22bd00000,0x000000e22be00000) (1024K)]
  0x000002291506dc50 ConcurrentGCThread "G1 Main Marker"            [id=21344, stack(0x000000e220900000,0x000000e220a00000) (1024K)]
  0x000002290f7acfd0 WorkerThread "G1 Conc#0"                       [id=12684, stack(0x000000e220a00000,0x000000e220b00000) (1024K)]
  0x000002291765c9b0 ConcurrentGCThread "G1 Refine#0"               [id=7528, stack(0x000000e220b00000,0x000000e220c00000) (1024K)]
  0x00000229160c3950 ConcurrentGCThread "G1 Service"                [id=19008, stack(0x000000e220c00000,0x000000e220d00000) (1024K)]
Total: 10

Threads with active compile tasks:
Total: 0

VM state: not at safepoint (normal execution)

VM Mutex/Monitor currently owned by a thread: None

Heap address: 0x0000000680000000, size: 6144 MB, Compressed Oops mode: Zero based, Oop shift amount: 3

CDS archive(s) mapped at: [0x000002293a000000-0x000002293ac80000-0x000002293ac80000), size 13107200, SharedBaseAddress: 0x000002293a000000, ArchiveRelocationMode: 1.
Compressed class space mapped at: 0x000002293b000000-0x000002297b000000, reserved size: 1073741824
Narrow klass base: 0x000002293a000000, Narrow klass shift: 0, Narrow klass range: 0x100000000

GC Precious Log:
 CardTable entry size: 512
 Card Set container configuration: InlinePtr #cards 4 size 8 Array Of Cards #cards 32 size 80 Howl #buckets 8 coarsen threshold 7372 Howl Bitmap #cards 1024 size 144 coarsen threshold 921 Card regions per heap region 1 cards per card region 8192
 CPUs: 16 total, 16 available
 Memory: 15741M
 Large Page Support: Disabled
 NUMA Support: Disabled
 Compressed Oops: Enabled (Zero based)
 Heap Region Size: 4M
 Heap Min Capacity: 812M
 Heap Initial Capacity: 812M
 Heap Max Capacity: 6G
 Pre-touch: Disabled
 Parallel Workers: 4
 Concurrent Workers: 1
 Concurrent Refinement Workers: 4
 Periodic GC: Disabled
 String Deduplication is enabled

Heap:
 garbage-first heap   total 831488K, used 131830K [0x0000000680000000, 0x0000000800000000)
  region size 4096K, 15 young (61440K), 1 survivors (4096K)
 Metaspace       used 83003K, committed 83712K, reserved 1179648K
  class space    used 11164K, committed 11456K, reserved 1048576K

Heap Regions: E=young(eden), S=young(survivor), O=old, HS=humongous(starts), HC=humongous(continues), CS=collection set, F=free, TAMS=top-at-mark-start, PB=parsable bottom
|   0|0x0000000680000000, 0x0000000680400000, 0x0000000680400000|100%| O|  |TAMS 0x0000000680000000| PB 0x0000000680000000| Untracked 
|   1|0x0000000680400000, 0x00000006807ffff8, 0x0000000680800000| 99%| O|  |TAMS 0x0000000680400000| PB 0x0000000680400000| Untracked 
|   2|0x0000000680800000, 0x0000000680bfffe0, 0x0000000680c00000| 99%| O|  |TAMS 0x0000000680800000| PB 0x0000000680800000| Untracked 
|   3|0x0000000680c00000, 0x0000000681000000, 0x0000000681000000|100%| O|  |TAMS 0x0000000680c00000| PB 0x0000000680c00000| Untracked 
|   4|0x0000000681000000, 0x0000000681400000, 0x0000000681400000|100%| O|  |TAMS 0x0000000681000000| PB 0x0000000681000000| Untracked 
|   5|0x0000000681400000, 0x00000006817ffff0, 0x0000000681800000| 99%| O|  |TAMS 0x0000000681400000| PB 0x0000000681400000| Untracked 
|   6|0x0000000681800000, 0x0000000681bffeb0, 0x0000000681c00000| 99%| O|  |TAMS 0x0000000681800000| PB 0x0000000681800000| Untracked 
|   7|0x0000000681c00000, 0x0000000681fffff0, 0x0000000682000000| 99%| O|  |TAMS 0x0000000681c00000| PB 0x0000000681c00000| Untracked 
|   8|0x0000000682000000, 0x00000006823fffe8, 0x0000000682400000| 99%| O|  |TAMS 0x0000000682000000| PB 0x0000000682000000| Untracked 
|   9|0x0000000682400000, 0x0000000682800000, 0x0000000682800000|100%|HS|  |TAMS 0x0000000682400000| PB 0x0000000682400000| Untracked 
|  10|0x0000000682800000, 0x0000000682c00000, 0x0000000682c00000|100%|HC|  |TAMS 0x0000000682800000| PB 0x0000000682800000| Untracked 
|  11|0x0000000682c00000, 0x0000000683000000, 0x0000000683000000|100%|HC|  |TAMS 0x0000000682c00000| PB 0x0000000682c00000| Untracked 
|  12|0x0000000683000000, 0x0000000683400000, 0x0000000683400000|100%|HS|  |TAMS 0x0000000683000000| PB 0x0000000683000000| Untracked 
|  13|0x0000000683400000, 0x0000000683800000, 0x0000000683800000|100%|HC|  |TAMS 0x0000000683400000| PB 0x0000000683400000| Untracked 
|  14|0x0000000683800000, 0x0000000683b9c020, 0x0000000683c00000| 90%| O|  |TAMS 0x0000000683800000| PB 0x0000000683800000| Untracked 
|  15|0x0000000683c00000, 0x0000000683f00918, 0x0000000684000000| 75%| O|  |TAMS 0x0000000683c00000| PB 0x0000000683c00000| Untracked 
|  16|0x0000000684000000, 0x00000006843ffff0, 0x0000000684400000| 99%| O|  |TAMS 0x0000000684000000| PB 0x0000000684000000| Untracked 
|  17|0x0000000684400000, 0x00000006847fffe8, 0x0000000684800000| 99%| O|  |TAMS 0x0000000684400000| PB 0x0000000684400000| Untracked 
|  18|0x0000000684800000, 0x0000000684ba6708, 0x0000000684c00000| 91%| O|  |TAMS 0x0000000684800000| PB 0x0000000684800000| Untracked 
|  19|0x0000000684c00000, 0x0000000684db5ff0, 0x0000000685000000| 42%| O|  |TAMS 0x0000000684c00000| PB 0x0000000684c00000| Untracked 
|  20|0x0000000685000000, 0x0000000685000000, 0x0000000685400000|  0%| F|  |TAMS 0x0000000685000000| PB 0x0000000685000000| Untracked 
|  21|0x0000000685400000, 0x0000000685400000, 0x0000000685800000|  0%| F|  |TAMS 0x0000000685400000| PB 0x0000000685400000| Untracked 
|  22|0x0000000685800000, 0x0000000685800000, 0x0000000685c00000|  0%| F|  |TAMS 0x0000000685800000| PB 0x0000000685800000| Untracked 
|  23|0x0000000685c00000, 0x0000000685c00000, 0x0000000686000000|  0%| F|  |TAMS 0x0000000685c00000| PB 0x0000000685c00000| Untracked 
|  24|0x0000000686000000, 0x0000000686000000, 0x0000000686400000|  0%| F|  |TAMS 0x0000000686000000| PB 0x0000000686000000| Untracked 
|  25|0x0000000686400000, 0x0000000686400000, 0x0000000686800000|  0%| F|  |TAMS 0x0000000686400000| PB 0x0000000686400000| Untracked 
|  26|0x0000000686800000, 0x0000000686800000, 0x0000000686c00000|  0%| F|  |TAMS 0x0000000686800000| PB 0x0000000686800000| Untracked 
|  27|0x0000000686c00000, 0x0000000686c00000, 0x0000000687000000|  0%| F|  |TAMS 0x0000000686c00000| PB 0x0000000686c00000| Untracked 
|  28|0x0000000687000000, 0x0000000687000000, 0x0000000687400000|  0%| F|  |TAMS 0x0000000687000000| PB 0x0000000687000000| Untracked 
|  29|0x0000000687400000, 0x0000000687400000, 0x0000000687800000|  0%| F|  |TAMS 0x0000000687400000| PB 0x0000000687400000| Untracked 
|  30|0x0000000687800000, 0x0000000687800000, 0x0000000687c00000|  0%| F|  |TAMS 0x0000000687800000| PB 0x0000000687800000| Untracked 
|  31|0x0000000687c00000, 0x0000000687c00000, 0x0000000688000000|  0%| F|  |TAMS 0x0000000687c00000| PB 0x0000000687c00000| Untracked 
|  32|0x0000000688000000, 0x0000000688000000, 0x0000000688400000|  0%| F|  |TAMS 0x0000000688000000| PB 0x0000000688000000| Untracked 
|  33|0x0000000688400000, 0x0000000688400000, 0x0000000688800000|  0%| F|  |TAMS 0x0000000688400000| PB 0x0000000688400000| Untracked 
|  34|0x0000000688800000, 0x0000000688800000, 0x0000000688c00000|  0%| F|  |TAMS 0x0000000688800000| PB 0x0000000688800000| Untracked 
|  35|0x0000000688c00000, 0x0000000688c00000, 0x0000000689000000|  0%| F|  |TAMS 0x0000000688c00000| PB 0x0000000688c00000| Untracked 
|  36|0x0000000689000000, 0x0000000689000000, 0x0000000689400000|  0%| F|  |TAMS 0x0000000689000000| PB 0x0000000689000000| Untracked 
|  37|0x0000000689400000, 0x0000000689400000, 0x0000000689800000|  0%| F|  |TAMS 0x0000000689400000| PB 0x0000000689400000| Untracked 
|  38|0x0000000689800000, 0x0000000689800000, 0x0000000689c00000|  0%| F|  |TAMS 0x0000000689800000| PB 0x0000000689800000| Untracked 
|  39|0x0000000689c00000, 0x0000000689c00000, 0x000000068a000000|  0%| F|  |TAMS 0x0000000689c00000| PB 0x0000000689c00000| Untracked 
|  40|0x000000068a000000, 0x000000068a000000, 0x000000068a400000|  0%| F|  |TAMS 0x000000068a000000| PB 0x000000068a000000| Untracked 
|  41|0x000000068a400000, 0x000000068a400000, 0x000000068a800000|  0%| F|  |TAMS 0x000000068a400000| PB 0x000000068a400000| Untracked 
|  42|0x000000068a800000, 0x000000068a800000, 0x000000068ac00000|  0%| F|  |TAMS 0x000000068a800000| PB 0x000000068a800000| Untracked 
|  43|0x000000068ac00000, 0x000000068ac00000, 0x000000068b000000|  0%| F|  |TAMS 0x000000068ac00000| PB 0x000000068ac00000| Untracked 
|  44|0x000000068b000000, 0x000000068b000000, 0x000000068b400000|  0%| F|  |TAMS 0x000000068b000000| PB 0x000000068b000000| Untracked 
|  45|0x000000068b400000, 0x000000068b400000, 0x000000068b800000|  0%| F|  |TAMS 0x000000068b400000| PB 0x000000068b400000| Untracked 
|  46|0x000000068b800000, 0x000000068b800000, 0x000000068bc00000|  0%| F|  |TAMS 0x000000068b800000| PB 0x000000068b800000| Untracked 
|  47|0x000000068bc00000, 0x000000068bc00000, 0x000000068c000000|  0%| F|  |TAMS 0x000000068bc00000| PB 0x000000068bc00000| Untracked 
|  48|0x000000068c000000, 0x000000068c000000, 0x000000068c400000|  0%| F|  |TAMS 0x000000068c000000| PB 0x000000068c000000| Untracked 
|  49|0x000000068c400000, 0x000000068c400000, 0x000000068c800000|  0%| F|  |TAMS 0x000000068c400000| PB 0x000000068c400000| Untracked 
|  50|0x000000068c800000, 0x000000068c800000, 0x000000068cc00000|  0%| F|  |TAMS 0x000000068c800000| PB 0x000000068c800000| Untracked 
|  51|0x000000068cc00000, 0x000000068cc00000, 0x000000068d000000|  0%| F|  |TAMS 0x000000068cc00000| PB 0x000000068cc00000| Untracked 
|  52|0x000000068d000000, 0x000000068d000000, 0x000000068d400000|  0%| F|  |TAMS 0x000000068d000000| PB 0x000000068d000000| Untracked 
|  53|0x000000068d400000, 0x000000068d400000, 0x000000068d800000|  0%| F|  |TAMS 0x000000068d400000| PB 0x000000068d400000| Untracked 
|  54|0x000000068d800000, 0x000000068d800000, 0x000000068dc00000|  0%| F|  |TAMS 0x000000068d800000| PB 0x000000068d800000| Untracked 
|  55|0x000000068dc00000, 0x000000068dc00000, 0x000000068e000000|  0%| F|  |TAMS 0x000000068dc00000| PB 0x000000068dc00000| Untracked 
|  56|0x000000068e000000, 0x000000068e000000, 0x000000068e400000|  0%| F|  |TAMS 0x000000068e000000| PB 0x000000068e000000| Untracked 
|  57|0x000000068e400000, 0x000000068e400000, 0x000000068e800000|  0%| F|  |TAMS 0x000000068e400000| PB 0x000000068e400000| Untracked 
|  58|0x000000068e800000, 0x000000068e800000, 0x000000068ec00000|  0%| F|  |TAMS 0x000000068e800000| PB 0x000000068e800000| Untracked 
|  59|0x000000068ec00000, 0x000000068ec00000, 0x000000068f000000|  0%| F|  |TAMS 0x000000068ec00000| PB 0x000000068ec00000| Untracked 
|  60|0x000000068f000000, 0x000000068f000000, 0x000000068f400000|  0%| F|  |TAMS 0x000000068f000000| PB 0x000000068f000000| Untracked 
|  61|0x000000068f400000, 0x000000068f400000, 0x000000068f800000|  0%| F|  |TAMS 0x000000068f400000| PB 0x000000068f400000| Untracked 
|  62|0x000000068f800000, 0x000000068f800000, 0x000000068fc00000|  0%| F|  |TAMS 0x000000068f800000| PB 0x000000068f800000| Untracked 
|  63|0x000000068fc00000, 0x000000068fc00000, 0x0000000690000000|  0%| F|  |TAMS 0x000000068fc00000| PB 0x000000068fc00000| Untracked 
|  64|0x0000000690000000, 0x0000000690000000, 0x0000000690400000|  0%| F|  |TAMS 0x0000000690000000| PB 0x0000000690000000| Untracked 
|  65|0x0000000690400000, 0x0000000690400000, 0x0000000690800000|  0%| F|  |TAMS 0x0000000690400000| PB 0x0000000690400000| Untracked 
|  66|0x0000000690800000, 0x0000000690800000, 0x0000000690c00000|  0%| F|  |TAMS 0x0000000690800000| PB 0x0000000690800000| Untracked 
|  67|0x0000000690c00000, 0x0000000690c00000, 0x0000000691000000|  0%| F|  |TAMS 0x0000000690c00000| PB 0x0000000690c00000| Untracked 
|  68|0x0000000691000000, 0x0000000691000000, 0x0000000691400000|  0%| F|  |TAMS 0x0000000691000000| PB 0x0000000691000000| Untracked 
|  69|0x0000000691400000, 0x0000000691400000, 0x0000000691800000|  0%| F|  |TAMS 0x0000000691400000| PB 0x0000000691400000| Untracked 
|  70|0x0000000691800000, 0x0000000691800000, 0x0000000691c00000|  0%| F|  |TAMS 0x0000000691800000| PB 0x0000000691800000| Untracked 
|  71|0x0000000691c00000, 0x0000000691c00000, 0x0000000692000000|  0%| F|  |TAMS 0x0000000691c00000| PB 0x0000000691c00000| Untracked 
|  72|0x0000000692000000, 0x0000000692000000, 0x0000000692400000|  0%| F|  |TAMS 0x0000000692000000| PB 0x0000000692000000| Untracked 
|  73|0x0000000692400000, 0x0000000692400000, 0x0000000692800000|  0%| F|  |TAMS 0x0000000692400000| PB 0x0000000692400000| Untracked 
|  74|0x0000000692800000, 0x0000000692800000, 0x0000000692c00000|  0%| F|  |TAMS 0x0000000692800000| PB 0x0000000692800000| Untracked 
|  75|0x0000000692c00000, 0x0000000692c00000, 0x0000000693000000|  0%| F|  |TAMS 0x0000000692c00000| PB 0x0000000692c00000| Untracked 
|  76|0x0000000693000000, 0x0000000693000000, 0x0000000693400000|  0%| F|  |TAMS 0x0000000693000000| PB 0x0000000693000000| Untracked 
|  77|0x0000000693400000, 0x0000000693400000, 0x0000000693800000|  0%| F|  |TAMS 0x0000000693400000| PB 0x0000000693400000| Untracked 
|  78|0x0000000693800000, 0x0000000693800000, 0x0000000693c00000|  0%| F|  |TAMS 0x0000000693800000| PB 0x0000000693800000| Untracked 
|  79|0x0000000693c00000, 0x0000000693c00000, 0x0000000694000000|  0%| F|  |TAMS 0x0000000693c00000| PB 0x0000000693c00000| Untracked 
|  80|0x0000000694000000, 0x0000000694000000, 0x0000000694400000|  0%| F|  |TAMS 0x0000000694000000| PB 0x0000000694000000| Untracked 
|  81|0x0000000694400000, 0x0000000694400000, 0x0000000694800000|  0%| F|  |TAMS 0x0000000694400000| PB 0x0000000694400000| Untracked 
|  82|0x0000000694800000, 0x0000000694800000, 0x0000000694c00000|  0%| F|  |TAMS 0x0000000694800000| PB 0x0000000694800000| Untracked 
|  83|0x0000000694c00000, 0x0000000694c00000, 0x0000000695000000|  0%| F|  |TAMS 0x0000000694c00000| PB 0x0000000694c00000| Untracked 
|  84|0x0000000695000000, 0x0000000695000000, 0x0000000695400000|  0%| F|  |TAMS 0x0000000695000000| PB 0x0000000695000000| Untracked 
|  85|0x0000000695400000, 0x0000000695400000, 0x0000000695800000|  0%| F|  |TAMS 0x0000000695400000| PB 0x0000000695400000| Untracked 
|  86|0x0000000695800000, 0x0000000695800000, 0x0000000695c00000|  0%| F|  |TAMS 0x0000000695800000| PB 0x0000000695800000| Untracked 
|  87|0x0000000695c00000, 0x0000000695c00000, 0x0000000696000000|  0%| F|  |TAMS 0x0000000695c00000| PB 0x0000000695c00000| Untracked 
|  88|0x0000000696000000, 0x0000000696000000, 0x0000000696400000|  0%| F|  |TAMS 0x0000000696000000| PB 0x0000000696000000| Untracked 
|  89|0x0000000696400000, 0x0000000696400000, 0x0000000696800000|  0%| F|  |TAMS 0x0000000696400000| PB 0x0000000696400000| Untracked 
|  90|0x0000000696800000, 0x0000000696800000, 0x0000000696c00000|  0%| F|  |TAMS 0x0000000696800000| PB 0x0000000696800000| Untracked 
|  91|0x0000000696c00000, 0x0000000696c00000, 0x0000000697000000|  0%| F|  |TAMS 0x0000000696c00000| PB 0x0000000696c00000| Untracked 
|  92|0x0000000697000000, 0x0000000697000000, 0x0000000697400000|  0%| F|  |TAMS 0x0000000697000000| PB 0x0000000697000000| Untracked 
|  93|0x0000000697400000, 0x0000000697400000, 0x0000000697800000|  0%| F|  |TAMS 0x0000000697400000| PB 0x0000000697400000| Untracked 
|  94|0x0000000697800000, 0x0000000697800000, 0x0000000697c00000|  0%| F|  |TAMS 0x0000000697800000| PB 0x0000000697800000| Untracked 
|  95|0x0000000697c00000, 0x0000000697c00000, 0x0000000698000000|  0%| F|  |TAMS 0x0000000697c00000| PB 0x0000000697c00000| Untracked 
|  96|0x0000000698000000, 0x0000000698000000, 0x0000000698400000|  0%| F|  |TAMS 0x0000000698000000| PB 0x0000000698000000| Untracked 
|  97|0x0000000698400000, 0x0000000698400000, 0x0000000698800000|  0%| F|  |TAMS 0x0000000698400000| PB 0x0000000698400000| Untracked 
|  98|0x0000000698800000, 0x0000000698800000, 0x0000000698c00000|  0%| F|  |TAMS 0x0000000698800000| PB 0x0000000698800000| Untracked 
|  99|0x0000000698c00000, 0x0000000698c00000, 0x0000000699000000|  0%| F|  |TAMS 0x0000000698c00000| PB 0x0000000698c00000| Untracked 
| 100|0x0000000699000000, 0x0000000699000000, 0x0000000699400000|  0%| F|  |TAMS 0x0000000699000000| PB 0x0000000699000000| Untracked 
| 101|0x0000000699400000, 0x0000000699400000, 0x0000000699800000|  0%| F|  |TAMS 0x0000000699400000| PB 0x0000000699400000| Untracked 
| 102|0x0000000699800000, 0x0000000699800000, 0x0000000699c00000|  0%| F|  |TAMS 0x0000000699800000| PB 0x0000000699800000| Untracked 
| 103|0x0000000699c00000, 0x0000000699c00000, 0x000000069a000000|  0%| F|  |TAMS 0x0000000699c00000| PB 0x0000000699c00000| Untracked 
| 104|0x000000069a000000, 0x000000069a000000, 0x000000069a400000|  0%| F|  |TAMS 0x000000069a000000| PB 0x000000069a000000| Untracked 
| 105|0x000000069a400000, 0x000000069a400000, 0x000000069a800000|  0%| F|  |TAMS 0x000000069a400000| PB 0x000000069a400000| Untracked 
| 106|0x000000069a800000, 0x000000069a800000, 0x000000069ac00000|  0%| F|  |TAMS 0x000000069a800000| PB 0x000000069a800000| Untracked 
| 107|0x000000069ac00000, 0x000000069ac00000, 0x000000069b000000|  0%| F|  |TAMS 0x000000069ac00000| PB 0x000000069ac00000| Untracked 
| 108|0x000000069b000000, 0x000000069b000000, 0x000000069b400000|  0%| F|  |TAMS 0x000000069b000000| PB 0x000000069b000000| Untracked 
| 109|0x000000069b400000, 0x000000069b400000, 0x000000069b800000|  0%| F|  |TAMS 0x000000069b400000| PB 0x000000069b400000| Untracked 
| 110|0x000000069b800000, 0x000000069b800000, 0x000000069bc00000|  0%| F|  |TAMS 0x000000069b800000| PB 0x000000069b800000| Untracked 
| 111|0x000000069bc00000, 0x000000069bc00000, 0x000000069c000000|  0%| F|  |TAMS 0x000000069bc00000| PB 0x000000069bc00000| Untracked 
| 112|0x000000069c000000, 0x000000069c000000, 0x000000069c400000|  0%| F|  |TAMS 0x000000069c000000| PB 0x000000069c000000| Untracked 
| 113|0x000000069c400000, 0x000000069c400000, 0x000000069c800000|  0%| F|  |TAMS 0x000000069c400000| PB 0x000000069c400000| Untracked 
| 114|0x000000069c800000, 0x000000069c800000, 0x000000069cc00000|  0%| F|  |TAMS 0x000000069c800000| PB 0x000000069c800000| Untracked 
| 115|0x000000069cc00000, 0x000000069cc00000, 0x000000069d000000|  0%| F|  |TAMS 0x000000069cc00000| PB 0x000000069cc00000| Untracked 
| 116|0x000000069d000000, 0x000000069d000000, 0x000000069d400000|  0%| F|  |TAMS 0x000000069d000000| PB 0x000000069d000000| Untracked 
| 117|0x000000069d400000, 0x000000069d400000, 0x000000069d800000|  0%| F|  |TAMS 0x000000069d400000| PB 0x000000069d400000| Untracked 
| 118|0x000000069d800000, 0x000000069d800000, 0x000000069dc00000|  0%| F|  |TAMS 0x000000069d800000| PB 0x000000069d800000| Untracked 
| 119|0x000000069dc00000, 0x000000069dc00000, 0x000000069e000000|  0%| F|  |TAMS 0x000000069dc00000| PB 0x000000069dc00000| Untracked 
| 120|0x000000069e000000, 0x000000069e000000, 0x000000069e400000|  0%| F|  |TAMS 0x000000069e000000| PB 0x000000069e000000| Untracked 
| 121|0x000000069e400000, 0x000000069e400000, 0x000000069e800000|  0%| F|  |TAMS 0x000000069e400000| PB 0x000000069e400000| Untracked 
| 122|0x000000069e800000, 0x000000069e800000, 0x000000069ec00000|  0%| F|  |TAMS 0x000000069e800000| PB 0x000000069e800000| Untracked 
| 123|0x000000069ec00000, 0x000000069ec00000, 0x000000069f000000|  0%| F|  |TAMS 0x000000069ec00000| PB 0x000000069ec00000| Untracked 
| 124|0x000000069f000000, 0x000000069f000000, 0x000000069f400000|  0%| F|  |TAMS 0x000000069f000000| PB 0x000000069f000000| Untracked 
| 125|0x000000069f400000, 0x000000069f400000, 0x000000069f800000|  0%| F|  |TAMS 0x000000069f400000| PB 0x000000069f400000| Untracked 
| 126|0x000000069f800000, 0x000000069f800000, 0x000000069fc00000|  0%| F|  |TAMS 0x000000069f800000| PB 0x000000069f800000| Untracked 
| 127|0x000000069fc00000, 0x000000069fc00000, 0x00000006a0000000|  0%| F|  |TAMS 0x000000069fc00000| PB 0x000000069fc00000| Untracked 
| 128|0x00000006a0000000, 0x00000006a0000000, 0x00000006a0400000|  0%| F|  |TAMS 0x00000006a0000000| PB 0x00000006a0000000| Untracked 
| 129|0x00000006a0400000, 0x00000006a0400000, 0x00000006a0800000|  0%| F|  |TAMS 0x00000006a0400000| PB 0x00000006a0400000| Untracked 
| 130|0x00000006a0800000, 0x00000006a0800000, 0x00000006a0c00000|  0%| F|  |TAMS 0x00000006a0800000| PB 0x00000006a0800000| Untracked 
| 131|0x00000006a0c00000, 0x00000006a0c00000, 0x00000006a1000000|  0%| F|  |TAMS 0x00000006a0c00000| PB 0x00000006a0c00000| Untracked 
| 132|0x00000006a1000000, 0x00000006a1000000, 0x00000006a1400000|  0%| F|  |TAMS 0x00000006a1000000| PB 0x00000006a1000000| Untracked 
| 133|0x00000006a1400000, 0x00000006a1400000, 0x00000006a1800000|  0%| F|  |TAMS 0x00000006a1400000| PB 0x00000006a1400000| Untracked 
| 134|0x00000006a1800000, 0x00000006a1800000, 0x00000006a1c00000|  0%| F|  |TAMS 0x00000006a1800000| PB 0x00000006a1800000| Untracked 
| 135|0x00000006a1c00000, 0x00000006a1c00000, 0x00000006a2000000|  0%| F|  |TAMS 0x00000006a1c00000| PB 0x00000006a1c00000| Untracked 
| 136|0x00000006a2000000, 0x00000006a2000000, 0x00000006a2400000|  0%| F|  |TAMS 0x00000006a2000000| PB 0x00000006a2000000| Untracked 
| 137|0x00000006a2400000, 0x00000006a2400000, 0x00000006a2800000|  0%| F|  |TAMS 0x00000006a2400000| PB 0x00000006a2400000| Untracked 
| 138|0x00000006a2800000, 0x00000006a2800000, 0x00000006a2c00000|  0%| F|  |TAMS 0x00000006a2800000| PB 0x00000006a2800000| Untracked 
| 139|0x00000006a2c00000, 0x00000006a2c00000, 0x00000006a3000000|  0%| F|  |TAMS 0x00000006a2c00000| PB 0x00000006a2c00000| Untracked 
| 140|0x00000006a3000000, 0x00000006a3000000, 0x00000006a3400000|  0%| F|  |TAMS 0x00000006a3000000| PB 0x00000006a3000000| Untracked 
| 141|0x00000006a3400000, 0x00000006a3400000, 0x00000006a3800000|  0%| F|  |TAMS 0x00000006a3400000| PB 0x00000006a3400000| Untracked 
| 142|0x00000006a3800000, 0x00000006a3800000, 0x00000006a3c00000|  0%| F|  |TAMS 0x00000006a3800000| PB 0x00000006a3800000| Untracked 
| 143|0x00000006a3c00000, 0x00000006a3c00000, 0x00000006a4000000|  0%| F|  |TAMS 0x00000006a3c00000| PB 0x00000006a3c00000| Untracked 
| 144|0x00000006a4000000, 0x00000006a4000000, 0x00000006a4400000|  0%| F|  |TAMS 0x00000006a4000000| PB 0x00000006a4000000| Untracked 
| 145|0x00000006a4400000, 0x00000006a4400000, 0x00000006a4800000|  0%| F|  |TAMS 0x00000006a4400000| PB 0x00000006a4400000| Untracked 
| 146|0x00000006a4800000, 0x00000006a4800000, 0x00000006a4c00000|  0%| F|  |TAMS 0x00000006a4800000| PB 0x00000006a4800000| Untracked 
| 147|0x00000006a4c00000, 0x00000006a4c00000, 0x00000006a5000000|  0%| F|  |TAMS 0x00000006a4c00000| PB 0x00000006a4c00000| Untracked 
| 148|0x00000006a5000000, 0x00000006a5000000, 0x00000006a5400000|  0%| F|  |TAMS 0x00000006a5000000| PB 0x00000006a5000000| Untracked 
| 149|0x00000006a5400000, 0x00000006a5400000, 0x00000006a5800000|  0%| F|  |TAMS 0x00000006a5400000| PB 0x00000006a5400000| Untracked 
| 150|0x00000006a5800000, 0x00000006a5800000, 0x00000006a5c00000|  0%| F|  |TAMS 0x00000006a5800000| PB 0x00000006a5800000| Untracked 
| 151|0x00000006a5c00000, 0x00000006a5c00000, 0x00000006a6000000|  0%| F|  |TAMS 0x00000006a5c00000| PB 0x00000006a5c00000| Untracked 
| 152|0x00000006a6000000, 0x00000006a6000000, 0x00000006a6400000|  0%| F|  |TAMS 0x00000006a6000000| PB 0x00000006a6000000| Untracked 
| 153|0x00000006a6400000, 0x00000006a6400000, 0x00000006a6800000|  0%| F|  |TAMS 0x00000006a6400000| PB 0x00000006a6400000| Untracked 
| 154|0x00000006a6800000, 0x00000006a6800000, 0x00000006a6c00000|  0%| F|  |TAMS 0x00000006a6800000| PB 0x00000006a6800000| Untracked 
| 155|0x00000006a6c00000, 0x00000006a6c00000, 0x00000006a7000000|  0%| F|  |TAMS 0x00000006a6c00000| PB 0x00000006a6c00000| Untracked 
| 156|0x00000006a7000000, 0x00000006a7000000, 0x00000006a7400000|  0%| F|  |TAMS 0x00000006a7000000| PB 0x00000006a7000000| Untracked 
| 157|0x00000006a7400000, 0x00000006a7400000, 0x00000006a7800000|  0%| F|  |TAMS 0x00000006a7400000| PB 0x00000006a7400000| Untracked 
| 158|0x00000006a7800000, 0x00000006a7800000, 0x00000006a7c00000|  0%| F|  |TAMS 0x00000006a7800000| PB 0x00000006a7800000| Untracked 
| 159|0x00000006a7c00000, 0x00000006a7c00000, 0x00000006a8000000|  0%| F|  |TAMS 0x00000006a7c00000| PB 0x00000006a7c00000| Untracked 
| 160|0x00000006a8000000, 0x00000006a8000000, 0x00000006a8400000|  0%| F|  |TAMS 0x00000006a8000000| PB 0x00000006a8000000| Untracked 
| 161|0x00000006a8400000, 0x00000006a8400000, 0x00000006a8800000|  0%| F|  |TAMS 0x00000006a8400000| PB 0x00000006a8400000| Untracked 
| 162|0x00000006a8800000, 0x00000006a8800000, 0x00000006a8c00000|  0%| F|  |TAMS 0x00000006a8800000| PB 0x00000006a8800000| Untracked 
| 163|0x00000006a8c00000, 0x00000006a8c00000, 0x00000006a9000000|  0%| F|  |TAMS 0x00000006a8c00000| PB 0x00000006a8c00000| Untracked 
| 164|0x00000006a9000000, 0x00000006a9000000, 0x00000006a9400000|  0%| F|  |TAMS 0x00000006a9000000| PB 0x00000006a9000000| Untracked 
| 165|0x00000006a9400000, 0x00000006a9400000, 0x00000006a9800000|  0%| F|  |TAMS 0x00000006a9400000| PB 0x00000006a9400000| Untracked 
| 166|0x00000006a9800000, 0x00000006a9800000, 0x00000006a9c00000|  0%| F|  |TAMS 0x00000006a9800000| PB 0x00000006a9800000| Untracked 
| 167|0x00000006a9c00000, 0x00000006a9c00000, 0x00000006aa000000|  0%| F|  |TAMS 0x00000006a9c00000| PB 0x00000006a9c00000| Untracked 
| 168|0x00000006aa000000, 0x00000006aa000000, 0x00000006aa400000|  0%| F|  |TAMS 0x00000006aa000000| PB 0x00000006aa000000| Untracked 
| 169|0x00000006aa400000, 0x00000006aa400000, 0x00000006aa800000|  0%| F|  |TAMS 0x00000006aa400000| PB 0x00000006aa400000| Untracked 
| 170|0x00000006aa800000, 0x00000006aa800000, 0x00000006aac00000|  0%| F|  |TAMS 0x00000006aa800000| PB 0x00000006aa800000| Untracked 
| 171|0x00000006aac00000, 0x00000006aac00000, 0x00000006ab000000|  0%| F|  |TAMS 0x00000006aac00000| PB 0x00000006aac00000| Untracked 
| 172|0x00000006ab000000, 0x00000006ab000000, 0x00000006ab400000|  0%| F|  |TAMS 0x00000006ab000000| PB 0x00000006ab000000| Untracked 
| 173|0x00000006ab400000, 0x00000006ab400000, 0x00000006ab800000|  0%| F|  |TAMS 0x00000006ab400000| PB 0x00000006ab400000| Untracked 
| 174|0x00000006ab800000, 0x00000006ab800000, 0x00000006abc00000|  0%| F|  |TAMS 0x00000006ab800000| PB 0x00000006ab800000| Untracked 
| 175|0x00000006abc00000, 0x00000006abc00000, 0x00000006ac000000|  0%| F|  |TAMS 0x00000006abc00000| PB 0x00000006abc00000| Untracked 
| 176|0x00000006ac000000, 0x00000006ac000000, 0x00000006ac400000|  0%| F|  |TAMS 0x00000006ac000000| PB 0x00000006ac000000| Untracked 
| 177|0x00000006ac400000, 0x00000006ac400000, 0x00000006ac800000|  0%| F|  |TAMS 0x00000006ac400000| PB 0x00000006ac400000| Untracked 
| 178|0x00000006ac800000, 0x00000006ac800000, 0x00000006acc00000|  0%| F|  |TAMS 0x00000006ac800000| PB 0x00000006ac800000| Untracked 
| 179|0x00000006acc00000, 0x00000006acc00000, 0x00000006ad000000|  0%| F|  |TAMS 0x00000006acc00000| PB 0x00000006acc00000| Untracked 
| 180|0x00000006ad000000, 0x00000006ad000000, 0x00000006ad400000|  0%| F|  |TAMS 0x00000006ad000000| PB 0x00000006ad000000| Untracked 
| 181|0x00000006ad400000, 0x00000006ad400000, 0x00000006ad800000|  0%| F|  |TAMS 0x00000006ad400000| PB 0x00000006ad400000| Untracked 
| 182|0x00000006ad800000, 0x00000006ad8c4a30, 0x00000006adc00000| 19%| S|CS|TAMS 0x00000006ad800000| PB 0x00000006ad800000| Complete 
| 183|0x00000006adc00000, 0x00000006adc00000, 0x00000006ae000000|  0%| F|  |TAMS 0x00000006adc00000| PB 0x00000006adc00000| Untracked 
| 184|0x00000006ae000000, 0x00000006ae000000, 0x00000006ae400000|  0%| F|  |TAMS 0x00000006ae000000| PB 0x00000006ae000000| Untracked 
| 185|0x00000006ae400000, 0x00000006ae400000, 0x00000006ae800000|  0%| F|  |TAMS 0x00000006ae400000| PB 0x00000006ae400000| Untracked 
| 186|0x00000006ae800000, 0x00000006ae800000, 0x00000006aec00000|  0%| F|  |TAMS 0x00000006ae800000| PB 0x00000006ae800000| Untracked 
| 187|0x00000006aec00000, 0x00000006aec00000, 0x00000006af000000|  0%| F|  |TAMS 0x00000006aec00000| PB 0x00000006aec00000| Untracked 
| 188|0x00000006af000000, 0x00000006af000000, 0x00000006af400000|  0%| F|  |TAMS 0x00000006af000000| PB 0x00000006af000000| Untracked 
| 189|0x00000006af400000, 0x00000006af5ad350, 0x00000006af800000| 41%| E|  |TAMS 0x00000006af400000| PB 0x00000006af400000| Complete 
| 190|0x00000006af800000, 0x00000006afc00000, 0x00000006afc00000|100%| E|CS|TAMS 0x00000006af800000| PB 0x00000006af800000| Complete 
| 191|0x00000006afc00000, 0x00000006b0000000, 0x00000006b0000000|100%| E|CS|TAMS 0x00000006afc00000| PB 0x00000006afc00000| Complete 
| 192|0x00000006b0000000, 0x00000006b0400000, 0x00000006b0400000|100%| E|CS|TAMS 0x00000006b0000000| PB 0x00000006b0000000| Complete 
| 193|0x00000006b0400000, 0x00000006b0800000, 0x00000006b0800000|100%| E|CS|TAMS 0x00000006b0400000| PB 0x00000006b0400000| Complete 
| 194|0x00000006b0800000, 0x00000006b0c00000, 0x00000006b0c00000|100%| E|CS|TAMS 0x00000006b0800000| PB 0x00000006b0800000| Complete 
| 195|0x00000006b0c00000, 0x00000006b1000000, 0x00000006b1000000|100%| E|CS|TAMS 0x00000006b0c00000| PB 0x00000006b0c00000| Complete 
| 196|0x00000006b1000000, 0x00000006b1400000, 0x00000006b1400000|100%| E|CS|TAMS 0x00000006b1000000| PB 0x00000006b1000000| Complete 
| 197|0x00000006b1400000, 0x00000006b1800000, 0x00000006b1800000|100%| E|CS|TAMS 0x00000006b1400000| PB 0x00000006b1400000| Complete 
| 198|0x00000006b1800000, 0x00000006b1c00000, 0x00000006b1c00000|100%| E|CS|TAMS 0x00000006b1800000| PB 0x00000006b1800000| Complete 
| 199|0x00000006b1c00000, 0x00000006b2000000, 0x00000006b2000000|100%| E|CS|TAMS 0x00000006b1c00000| PB 0x00000006b1c00000| Complete 
| 200|0x00000006b2000000, 0x00000006b2400000, 0x00000006b2400000|100%| E|CS|TAMS 0x00000006b2000000| PB 0x00000006b2000000| Complete 
| 201|0x00000006b2400000, 0x00000006b2800000, 0x00000006b2800000|100%| E|CS|TAMS 0x00000006b2400000| PB 0x00000006b2400000| Complete 
| 202|0x00000006b2800000, 0x00000006b2c00000, 0x00000006b2c00000|100%| E|CS|TAMS 0x00000006b2800000| PB 0x00000006b2800000| Complete 

Card table byte_map: [0x0000022930090000,0x0000022930c90000] _byte_map_base: 0x000002292cc90000

Marking Bits: (CMBitMap*) 0x00000229175b26e0
 Bits: [0x0000022930c90000, 0x0000022936c90000)

Polling page: 0x000002290dab0000

Metaspace:

Usage:
  Non-class:     70.15 MB used.
      Class:     10.90 MB used.
       Both:     81.06 MB used.

Virtual space:
  Non-class space:      128.00 MB reserved,      70.56 MB ( 55%) committed,  2 nodes.
      Class space:        1.00 GB reserved,      11.19 MB (  1%) committed,  1 nodes.
             Both:        1.12 GB reserved,      81.75 MB (  7%) committed. 

Chunk freelists:
   Non-Class:  9.03 MB
       Class:  4.82 MB
        Both:  13.85 MB

MaxMetaspaceSize: unlimited
CompressedClassSpaceSize: 1.00 GB
Initial GC threshold: 21.00 MB
Current GC threshold: 135.94 MB
CDS: on
 - commit_granule_bytes: 65536.
 - commit_granule_words: 8192.
 - virtual_space_node_default_size: 8388608.
 - enlarge_chunks_in_place: 1.
 - use_allocation_guard: 0.


Internal statistics:

num_allocs_failed_limit: 12.
num_arena_births: 1066.
num_arena_deaths: 0.
num_vsnodes_births: 3.
num_vsnodes_deaths: 0.
num_space_committed: 1300.
num_space_uncommitted: 0.
num_chunks_returned_to_freelist: 12.
num_chunks_taken_from_freelist: 3336.
num_chunk_merges: 12.
num_chunk_splits: 2393.
num_chunks_enlarged: 1682.
num_inconsistent_stats: 0.

CodeHeap 'non-profiled nmethods': size=119168Kb used=15349Kb max_used=15349Kb free=103818Kb
 bounds [0x0000022927a10000, 0x0000022928910000, 0x000002292ee70000]
CodeHeap 'profiled nmethods': size=119104Kb used=19111Kb max_used=27765Kb free=99992Kb
 bounds [0x000002291fe70000, 0x00000229219a0000, 0x00000229272c0000]
CodeHeap 'non-nmethods': size=7488Kb used=2211Kb max_used=3955Kb free=5277Kb
 bounds [0x00000229272c0000, 0x00000229276b0000, 0x0000022927a10000]
 total_blobs=10951 nmethods=9802 adapters=1050
 compilation: enabled
              stopped_count=0, restarted_count=0
 full_count=0

Compilation events (20 events):
Event: 1121.859 Thread 0x0000022917775920 24880       4       javax.swing.tree.DefaultTreeModel::getPathToRoot (58 bytes)
Event: 1121.865 Thread 0x0000022917775920 nmethod 24880 0x000002292890b490 code [0x000002292890b680, 0x000002292890bfe0]
Event: 1121.865 Thread 0x0000022917775920 24881       4       javax.swing.text.html.HTMLDocument$RunElement::getName (22 bytes)
Event: 1121.866 Thread 0x0000022917775920 nmethod 24881 0x000002292890c310 code [0x000002292890c4a0, 0x000002292890c5a0]
Event: 1121.872 Thread 0x00000229177763c0 24882       1       java.awt.Window::isRecursivelyVisible (5 bytes)
Event: 1121.872 Thread 0x00000229177763c0 nmethod 24882 0x000002292890c690 code [0x000002292890c820, 0x000002292890c8f0]
Event: 1122.123 Thread 0x00000229177763c0 24883       1       com.jidesoft.grid.AbstractExpandable::isExpandable (5 bytes)
Event: 1122.123 Thread 0x00000229177763c0 nmethod 24883 0x000002292890c990 code [0x000002292890cb20, 0x000002292890cbf0]
Event: 1122.123 Thread 0x00000229177763c0 24884   !   3       com.jidesoft.grid.FilterableTableModel::fireIndexChanging (47 bytes)
Event: 1122.123 Thread 0x0000022917775920 24886       4       com.jidesoft.grid.TreeTable::getTreeTableModel (49 bytes)
Event: 1122.123 Thread 0x00000229177763c0 nmethod 24884 0x0000022920706110 code [0x0000022920706300, 0x0000022920706908]
Event: 1122.123 Thread 0x00000229177763c0 24885       3       com.jidesoft.grid.CellSpanTable::invalidateCellSpanCache (45 bytes)
Event: 1122.123 Thread 0x00000229177763c0 nmethod 24885 0x0000022920705a10 code [0x0000022920705be0, 0x0000022920705fc8]
Event: 1122.123 Thread 0x00000229177763c0 24888       3       ui.utils.k.j.ap::getTable (5 bytes)
Event: 1122.123 Thread 0x00000229177763c0 nmethod 24888 0x0000022920705510 code [0x00000229207056c0, 0x0000022920705958]
Event: 1122.123 Thread 0x00000229177763c0 24887       1       com.jidesoft.grid.JideTable::c (5 bytes)
Event: 1122.123 Thread 0x00000229177763c0 nmethod 24887 0x000002292890cc90 code [0x000002292890ce20, 0x000002292890cef0]
Event: 1122.125 Thread 0x0000022917775920 nmethod 24886 0x000002292890cf90 code [0x000002292890d120, 0x000002292890d2b0]
Event: 1122.125 Thread 0x0000022917775920 24889       4       java.awt.GridBagLayout::invalidateLayout (1 bytes)
Event: 1122.126 Thread 0x0000022917775920 nmethod 24889 0x000002292890d390 code [0x000002292890d520, 0x000002292890d5a8]

GC Heap History (20 events):
Event: 1064.895 GC heap before
{Heap before GC invocations=83 (full 28):
 garbage-first heap   total 831488K, used 155986K [0x0000000680000000, 0x0000000800000000)
  region size 4096K, 20 young (81920K), 1 survivors (4096K)
 Metaspace       used 82884K, committed 83584K, reserved 1179648K
  class space    used 11164K, committed 11456K, reserved 1048576K
}
Event: 1064.901 GC heap after
{Heap after GC invocations=84 (full 28):
 garbage-first heap   total 831488K, used 78353K [0x0000000680000000, 0x0000000800000000)
  region size 4096K, 1 young (4096K), 1 survivors (4096K)
 Metaspace       used 82884K, committed 83584K, reserved 1179648K
  class space    used 11164K, committed 11456K, reserved 1048576K
}
Event: 1073.831 GC heap before
{Heap before GC invocations=84 (full 28):
 garbage-first heap   total 831488K, used 156177K [0x0000000680000000, 0x0000000800000000)
  region size 4096K, 20 young (81920K), 1 survivors (4096K)
 Metaspace       used 82895K, committed 83584K, reserved 1179648K
  class space    used 11164K, committed 11456K, reserved 1048576K
}
Event: 1073.837 GC heap after
{Heap after GC invocations=85 (full 28):
 garbage-first heap   total 831488K, used 78476K [0x0000000680000000, 0x0000000800000000)
  region size 4096K, 1 young (4096K), 1 survivors (4096K)
 Metaspace       used 82895K, committed 83584K, reserved 1179648K
  class space    used 11164K, committed 11456K, reserved 1048576K
}
Event: 1090.188 GC heap before
{Heap before GC invocations=85 (full 28):
 garbage-first heap   total 831488K, used 152204K [0x0000000680000000, 0x0000000800000000)
  region size 4096K, 20 young (81920K), 1 survivors (4096K)
 Metaspace       used 82912K, committed 83584K, reserved 1179648K
  class space    used 11164K, committed 11456K, reserved 1048576K
}
Event: 1090.305 GC heap after
{Heap after GC invocations=86 (full 29):
 garbage-first heap   total 831488K, used 77795K [0x0000000680000000, 0x0000000800000000)
  region size 4096K, 0 young (0K), 0 survivors (0K)
 Metaspace       used 82912K, committed 83584K, reserved 1179648K
  class space    used 11164K, committed 11456K, reserved 1048576K
}
Event: 1095.187 GC heap before
{Heap before GC invocations=86 (full 29):
 garbage-first heap   total 831488K, used 159715K [0x0000000680000000, 0x0000000800000000)
  region size 4096K, 20 young (81920K), 0 survivors (0K)
 Metaspace       used 82918K, committed 83584K, reserved 1179648K
  class space    used 11164K, committed 11456K, reserved 1048576K
}
Event: 1095.190 GC heap after
{Heap after GC invocations=87 (full 29):
 garbage-first heap   total 831488K, used 77939K [0x0000000680000000, 0x0000000800000000)
  region size 4096K, 1 young (4096K), 1 survivors (4096K)
 Metaspace       used 82918K, committed 83584K, reserved 1179648K
  class space    used 11164K, committed 11456K, reserved 1048576K
}
Event: 1101.856 GC heap before
{Heap before GC invocations=87 (full 29):
 garbage-first heap   total 831488K, used 155763K [0x0000000680000000, 0x0000000800000000)
  region size 4096K, 20 young (81920K), 1 survivors (4096K)
 Metaspace       used 82920K, committed 83584K, reserved 1179648K
  class space    used 11164K, committed 11456K, reserved 1048576K
}
Event: 1101.859 GC heap after
{Heap after GC invocations=88 (full 29):
 garbage-first heap   total 831488K, used 77940K [0x0000000680000000, 0x0000000800000000)
  region size 4096K, 1 young (4096K), 1 survivors (4096K)
 Metaspace       used 82920K, committed 83584K, reserved 1179648K
  class space    used 11164K, committed 11456K, reserved 1048576K
}
Event: 1105.587 GC heap before
{Heap before GC invocations=88 (full 29):
 garbage-first heap   total 831488K, used 155764K [0x0000000680000000, 0x0000000800000000)
  region size 4096K, 20 young (81920K), 1 survivors (4096K)
 Metaspace       used 82932K, committed 83584K, reserved 1179648K
  class space    used 11164K, committed 11456K, reserved 1048576K
}
Event: 1105.590 GC heap after
{Heap after GC invocations=89 (full 29):
 garbage-first heap   total 831488K, used 78105K [0x0000000680000000, 0x0000000800000000)
  region size 4096K, 1 young (4096K), 1 survivors (4096K)
 Metaspace       used 82932K, committed 83584K, reserved 1179648K
  class space    used 11164K, committed 11456K, reserved 1048576K
}
Event: 1106.571 GC heap before
{Heap before GC invocations=89 (full 29):
 garbage-first heap   total 831488K, used 155929K [0x0000000680000000, 0x0000000800000000)
  region size 4096K, 20 young (81920K), 1 survivors (4096K)
 Metaspace       used 82941K, committed 83648K, reserved 1179648K
  class space    used 11164K, committed 11456K, reserved 1048576K
}
Event: 1106.574 GC heap after
{Heap after GC invocations=90 (full 29):
 garbage-first heap   total 831488K, used 78245K [0x0000000680000000, 0x0000000800000000)
  region size 4096K, 1 young (4096K), 1 survivors (4096K)
 Metaspace       used 82941K, committed 83648K, reserved 1179648K
  class space    used 11164K, committed 11456K, reserved 1048576K
}
Event: 1108.613 GC heap before
{Heap before GC invocations=90 (full 29):
 garbage-first heap   total 831488K, used 156069K [0x0000000680000000, 0x0000000800000000)
  region size 4096K, 20 young (81920K), 1 survivors (4096K)
 Metaspace       used 82948K, committed 83648K, reserved 1179648K
  class space    used 11164K, committed 11456K, reserved 1048576K
}
Event: 1108.616 GC heap after
{Heap after GC invocations=91 (full 29):
 garbage-first heap   total 831488K, used 78489K [0x0000000680000000, 0x0000000800000000)
  region size 4096K, 1 young (4096K), 1 survivors (4096K)
 Metaspace       used 82948K, committed 83648K, reserved 1179648K
  class space    used 11164K, committed 11456K, reserved 1048576K
}
Event: 1109.204 GC heap before
{Heap before GC invocations=91 (full 29):
 garbage-first heap   total 831488K, used 156313K [0x0000000680000000, 0x0000000800000000)
  region size 4096K, 20 young (81920K), 1 survivors (4096K)
 Metaspace       used 82967K, committed 83712K, reserved 1179648K
  class space    used 11164K, committed 11456K, reserved 1048576K
}
Event: 1109.207 GC heap after
{Heap after GC invocations=92 (full 29):
 garbage-first heap   total 831488K, used 78520K [0x0000000680000000, 0x0000000800000000)
  region size 4096K, 1 young (4096K), 1 survivors (4096K)
 Metaspace       used 82967K, committed 83712K, reserved 1179648K
  class space    used 11164K, committed 11456K, reserved 1048576K
}
Event: 1110.089 GC heap before
{Heap before GC invocations=92 (full 29):
 garbage-first heap   total 831488K, used 156344K [0x0000000680000000, 0x0000000800000000)
  region size 4096K, 20 young (81920K), 1 survivors (4096K)
 Metaspace       used 82972K, committed 83712K, reserved 1179648K
  class space    used 11164K, committed 11456K, reserved 1048576K
}
Event: 1110.092 GC heap after
{Heap after GC invocations=93 (full 29):
 garbage-first heap   total 831488K, used 78582K [0x0000000680000000, 0x0000000800000000)
  region size 4096K, 1 young (4096K), 1 survivors (4096K)
 Metaspace       used 82972K, committed 83712K, reserved 1179648K
  class space    used 11164K, committed 11456K, reserved 1048576K
}

Dll operation events (20 events):
Event: 2.259 Loaded shared library C:\AMDDesignTools\2025.2\Vivado\lib\win64.o\xv_simtcltasks.dll
Event: 2.560 Loaded shared library C:\AMDDesignTools\2025.2\Vivado\lib\win64.o\xv_ipservicestasks.dll
Event: 2.561 Loaded shared library C:\AMDDesignTools\2025.2\Vivado\lib\win64.o\xv_vivadotasks.dll
Event: 2.562 Loaded shared library C:\AMDDesignTools\2025.2\Vivado\lib\win64.o\xv_board.dll
Event: 2.563 Loaded shared library C:\AMDDesignTools\2025.2\Vivado\lib\win64.o\xv_boarddep.dll
Event: 2.564 Loaded shared library C:\AMDDesignTools\2025.2\Vivado\lib\win64.o\xv_boardcommontasks.dll
Event: 2.565 Loaded shared library C:\AMDDesignTools\2025.2\Vivado\lib\win64.o\xv_ptgen.dll
Event: 2.566 Loaded shared library C:\AMDDesignTools\2025.2\Vivado\lib\win64.o\xv_ip.dll
Event: 2.567 Loaded shared library C:\AMDDesignTools\2025.2\Vivado\lib\win64.o\xv_mig.dll
Event: 2.569 Loaded shared library C:\AMDDesignTools\2025.2\Vivado\lib\win64.o\xv_implflow.dll
Event: 2.570 Loaded shared library C:\AMDDesignTools\2025.2\Vivado\lib\win64.o\xv_xhubtasks.dll
Event: 3.173 Loaded shared library C:\AMDDesignTools\2025.2\Vivado\lib\win64.o\xv_iptasks.dll
Event: 3.174 Loaded shared library C:\AMDDesignTools\2025.2\Vivado\lib\win64.o\xv_synth.dll
Event: 3.176 Loaded shared library C:\AMDDesignTools\2025.2\Vivado\lib\win64.o\xv_blockmodel.dll
Event: 5.247 Loaded shared library C:\AMDDesignTools\2025.2\Vivado\tps\win64\jre21.0.5_11\bin\verify.dll
Event: 5.356 Loaded shared library C:\AMDDesignTools\2025.2\Vivado\tps\win64\jre21.0.5_11\bin\freetype.dll
Event: 5.360 Loaded shared library C:\AMDDesignTools\2025.2\Vivado\tps\win64\jre21.0.5_11\bin\fontmanager.dll
Event: 11.857 Loaded shared library C:\AMDDesignTools\2025.2\Vivado\lib\win64.o\xv_xhub.dll
Event: 21.184 Loaded shared library C:\AMDDesignTools\2025.2\Vivado\tps\win64\jre21.0.5_11\bin\management.dll
Event: 21.188 Loaded shared library C:\AMDDesignTools\2025.2\Vivado\tps\win64\jre21.0.5_11\bin\management_ext.dll

Deoptimization events (20 events):
Event: 1110.961 Thread 0x00000229000a04c0 Uncommon trap: trap_request=0xffffffde fr.pc=0x0000022927c0fe44 relative=0x00000000000002c4
Event: 1110.961 Thread 0x00000229000a04c0 Uncommon trap: reason=class_check action=maybe_recompile pc=0x0000022927c0fe44 method=sun.awt.windows.WComponentPeer.handleEvent(Ljava/awt/AWTEvent;)V @ 26 c2
Event: 1110.961 Thread 0x00000229000a04c0 DEOPT PACKING pc=0x0000022927c0fe44 sp=0x000000e229ffe010
Event: 1110.961 Thread 0x00000229000a04c0 DEOPT UNPACKING pc=0x00000229273146a2 sp=0x000000e229ffdfa8 mode 2
Event: 1121.866 Thread 0x00000229000a04c0 Uncommon trap: trap_request=0xffffffd6 fr.pc=0x000002292890be1c relative=0x000000000000079c
Event: 1121.866 Thread 0x00000229000a04c0 Uncommon trap: reason=array_check action=maybe_recompile pc=0x000002292890be1c method=javax.swing.tree.DefaultTreeModel.getPathToRoot(Ljavax/swing/tree/TreeNode;I)[Ljavax/swing/tree/TreeNode; @ 55 c2
Event: 1121.866 Thread 0x00000229000a04c0 DEOPT PACKING pc=0x000002292890be1c sp=0x000000e229ffdd00
Event: 1121.866 Thread 0x00000229000a04c0 DEOPT UNPACKING pc=0x00000229273146a2 sp=0x000000e229ffdcb0 mode 2
Event: 1121.866 Thread 0x00000229000a04c0 Uncommon trap: trap_request=0xffffffd6 fr.pc=0x000002292890be9c relative=0x000000000000081c
Event: 1121.866 Thread 0x00000229000a04c0 Uncommon trap: reason=array_check action=maybe_recompile pc=0x000002292890be9c method=javax.swing.tree.DefaultTreeModel.getPathToRoot(Ljavax/swing/tree/TreeNode;I)[Ljavax/swing/tree/TreeNode; @ 55 c2
Event: 1121.866 Thread 0x00000229000a04c0 DEOPT PACKING pc=0x000002292890be9c sp=0x000000e229ffdd70
Event: 1121.866 Thread 0x00000229000a04c0 DEOPT UNPACKING pc=0x00000229273146a2 sp=0x000000e229ffdca8 mode 2
Event: 1121.868 Thread 0x00000229000a04c0 Uncommon trap: trap_request=0xffffffd6 fr.pc=0x000002292890be1c relative=0x000000000000079c
Event: 1121.868 Thread 0x00000229000a04c0 Uncommon trap: reason=array_check action=maybe_recompile pc=0x000002292890be1c method=javax.swing.tree.DefaultTreeModel.getPathToRoot(Ljavax/swing/tree/TreeNode;I)[Ljavax/swing/tree/TreeNode; @ 55 c2
Event: 1121.868 Thread 0x00000229000a04c0 DEOPT PACKING pc=0x000002292890be1c sp=0x000000e229ffdd00
Event: 1121.868 Thread 0x00000229000a04c0 DEOPT UNPACKING pc=0x00000229273146a2 sp=0x000000e229ffdcb0 mode 2
Event: 1121.868 Thread 0x00000229000a04c0 Uncommon trap: trap_request=0xffffffd6 fr.pc=0x000002292890be9c relative=0x000000000000081c
Event: 1121.868 Thread 0x00000229000a04c0 Uncommon trap: reason=array_check action=maybe_recompile pc=0x000002292890be9c method=javax.swing.tree.DefaultTreeModel.getPathToRoot(Ljavax/swing/tree/TreeNode;I)[Ljavax/swing/tree/TreeNode; @ 55 c2
Event: 1121.868 Thread 0x00000229000a04c0 DEOPT PACKING pc=0x000002292890be9c sp=0x000000e229ffdd70
Event: 1121.868 Thread 0x00000229000a04c0 DEOPT UNPACKING pc=0x00000229273146a2 sp=0x000000e229ffdca8 mode 2

Classes loaded (20 events):
Event: 838.849 Loading class sun/swing/MenuItemLayoutHelper$ColumnAlignment
Event: 838.850 Loading class sun/swing/MenuItemLayoutHelper$ColumnAlignment done
Event: 838.863 Loading class sun/awt/UngrabEvent
Event: 838.863 Loading class sun/awt/UngrabEvent done
Event: 838.870 Loading class javax/swing/PopupFactory$HeavyWeightPopup
Event: 838.871 Loading class javax/swing/PopupFactory$HeavyWeightPopup done
Event: 839.602 Loading class javax/swing/Popup$DefaultFrame
Event: 839.602 Loading class javax/swing/Popup$DefaultFrame done
Event: 839.604 Loading class javax/swing/PopupFactory$HeavyWeightPopup$1
Event: 839.604 Loading class javax/swing/PopupFactory$HeavyWeightPopup$1 done
Event: 839.605 Loading class javax/swing/plaf/basic/BasicPopupMenuUI$MouseGrabber$2
Event: 839.605 Loading class javax/swing/plaf/basic/BasicPopupMenuUI$MouseGrabber$2 done
Event: 951.299 Loading class javax/swing/text/JTextComponent$InputMethodRequestsHandler
Event: 951.300 Loading class javax/swing/text/JTextComponent$InputMethodRequestsHandler done
Event: 960.457 Loading class javax/swing/plaf/basic/BasicButtonListener$Actions
Event: 960.458 Loading class javax/swing/plaf/basic/BasicButtonListener$Actions done
Event: 961.712 Loading class sun/awt/image/MultiResolutionToolkitImage$ObserverCache
Event: 961.713 Loading class sun/awt/image/MultiResolutionToolkitImage$ObserverCache done
Event: 979.690 Loading class javax/swing/plaf/basic/BasicToolTipUI$PropertyChangeHandler
Event: 979.690 Loading class javax/swing/plaf/basic/BasicToolTipUI$PropertyChangeHandler done

Classes unloaded (0 events):
No events

Classes redefined (0 events):
No events

Internal exceptions (20 events):
Event: 1079.851 Thread 0x00000229000a04c0 Exception <a 'java/io/FileNotFoundException'{0x00000006b13e9808}> (0x00000006b13e9808) 
thrown [s\src\hotspot\share\prims\jni.cpp, line 520]
Event: 1079.851 Thread 0x00000229000a04c0 Exception <a 'java/io/FileNotFoundException'{0x00000006b13e9fb8}> (0x00000006b13e9fb8) 
thrown [s\src\hotspot\share\prims\jni.cpp, line 520]
Event: 1084.853 Thread 0x00000229000a04c0 Exception <a 'java/io/FileNotFoundException'{0x00000006b0058c80}> (0x00000006b0058c80) 
thrown [s\src\hotspot\share\prims\jni.cpp, line 520]
Event: 1084.853 Thread 0x00000229000a04c0 Exception <a 'java/io/FileNotFoundException'{0x00000006b0059430}> (0x00000006b0059430) 
thrown [s\src\hotspot\share\prims\jni.cpp, line 520]
Event: 1089.853 Thread 0x00000229000a04c0 Exception <a 'java/io/FileNotFoundException'{0x00000006ae7d6e78}> (0x00000006ae7d6e78) 
thrown [s\src\hotspot\share\prims\jni.cpp, line 520]
Event: 1089.853 Thread 0x00000229000a04c0 Exception <a 'java/io/FileNotFoundException'{0x00000006ae7d7628}> (0x00000006ae7d7628) 
thrown [s\src\hotspot\share\prims\jni.cpp, line 520]
Event: 1094.853 Thread 0x00000229000a04c0 Exception <a 'java/io/FileNotFoundException'{0x00000006b16ff6b8}> (0x00000006b16ff6b8) 
thrown [s\src\hotspot\share\prims\jni.cpp, line 520]
Event: 1094.853 Thread 0x00000229000a04c0 Exception <a 'java/io/FileNotFoundException'{0x00000006b16ffe68}> (0x00000006b16ffe68) 
thrown [s\src\hotspot\share\prims\jni.cpp, line 520]
Event: 1099.855 Thread 0x00000229000a04c0 Exception <a 'java/io/FileNotFoundException'{0x00000006af08a6f8}> (0x00000006af08a6f8) 
thrown [s\src\hotspot\share\prims\jni.cpp, line 520]
Event: 1099.856 Thread 0x00000229000a04c0 Exception <a 'java/io/FileNotFoundException'{0x00000006af08aea8}> (0x00000006af08aea8) 
thrown [s\src\hotspot\share\prims\jni.cpp, line 520]
Event: 1104.854 Thread 0x000002290c954360 Exception <a 'java/lang/InterruptedException'{0x00000006b140e250}: sleep interrupted> (0x00000006b140e250) 
thrown [s\src\hotspot\share\prims\jvm.cpp, line 3074]
Event: 1104.874 Thread 0x00000229000a04c0 Exception <a 'java/io/FileNotFoundException'{0x00000006b147f428}> (0x00000006b147f428) 
thrown [s\src\hotspot\share\prims\jni.cpp, line 520]
Event: 1104.874 Thread 0x00000229000a04c0 Exception <a 'java/io/FileNotFoundException'{0x00000006b147fbd8}> (0x00000006b147fbd8) 
thrown [s\src\hotspot\share\prims\jni.cpp, line 520]
Event: 1109.000 Thread 0x00000229b501e4e0 Exception <a 'java/lang/InterruptedException'{0x00000006b297dce8}: sleep interrupted> (0x00000006b297dce8) 
thrown [s\src\hotspot\share\prims\jvm.cpp, line 3052]
Event: 1109.896 Thread 0x00000229000a04c0 Exception <a 'java/io/FileNotFoundException'{0x00000006af137610}> (0x00000006af137610) 
thrown [s\src\hotspot\share\prims\jni.cpp, line 520]
Event: 1109.896 Thread 0x00000229000a04c0 Exception <a 'java/io/FileNotFoundException'{0x00000006af137dc0}> (0x00000006af137dc0) 
thrown [s\src\hotspot\share\prims\jni.cpp, line 520]
Event: 1114.857 Thread 0x00000229000a04c0 Exception <a 'java/io/FileNotFoundException'{0x00000006b02c82a8}> (0x00000006b02c82a8) 
thrown [s\src\hotspot\share\prims\jni.cpp, line 520]
Event: 1114.858 Thread 0x00000229000a04c0 Exception <a 'java/io/FileNotFoundException'{0x00000006b02c8fd8}> (0x00000006b02c8fd8) 
thrown [s\src\hotspot\share\prims\jni.cpp, line 520]
Event: 1119.859 Thread 0x00000229000a04c0 Exception <a 'java/io/FileNotFoundException'{0x00000006aff20250}> (0x00000006aff20250) 
thrown [s\src\hotspot\share\prims\jni.cpp, line 520]
Event: 1119.859 Thread 0x00000229000a04c0 Exception <a 'java/io/FileNotFoundException'{0x00000006aff20f60}> (0x00000006aff20f60) 
thrown [s\src\hotspot\share\prims\jni.cpp, line 520]

ZGC Phase Switch (0 events):
No events

VM Operations (20 events):
Event: 1105.587 Executing VM operation: G1CollectForAllocation (G1 Evacuation Pause)
Event: 1105.590 Executing VM operation: G1CollectForAllocation (G1 Evacuation Pause) done
Event: 1106.571 Executing VM operation: G1CollectForAllocation (G1 Evacuation Pause)
Event: 1106.574 Executing VM operation: G1CollectForAllocation (G1 Evacuation Pause) done
Event: 1107.574 Executing VM operation: Cleanup
Event: 1107.574 Executing VM operation: Cleanup done
Event: 1108.574 Executing VM operation: Cleanup
Event: 1108.575 Executing VM operation: Cleanup done
Event: 1108.612 Executing VM operation: G1CollectForAllocation (G1 Evacuation Pause)
Event: 1108.616 Executing VM operation: G1CollectForAllocation (G1 Evacuation Pause) done
Event: 1109.204 Executing VM operation: G1CollectForAllocation (G1 Evacuation Pause)
Event: 1109.207 Executing VM operation: G1CollectForAllocation (G1 Evacuation Pause) done
Event: 1110.088 Executing VM operation: G1CollectForAllocation (G1 Evacuation Pause)
Event: 1110.092 Executing VM operation: G1CollectForAllocation (G1 Evacuation Pause) done
Event: 1111.092 Executing VM operation: Cleanup
Event: 1111.092 Executing VM operation: Cleanup done
Event: 1112.093 Executing VM operation: Cleanup
Event: 1112.093 Executing VM operation: Cleanup done
Event: 1122.098 Executing VM operation: Cleanup
Event: 1122.098 Executing VM operation: Cleanup done

Memory protections (0 events):
No events

Nmethod flushes (20 events):
Event: 1090.242 Thread 0x000002290f7ad370 flushing  nmethod 0x0000022921202110
Event: 1090.242 Thread 0x000002290f7ad370 flushing  nmethod 0x0000022921282410
Event: 1090.242 Thread 0x000002290f7ad370 flushing  nmethod 0x0000022927daaa90
Event: 1090.242 Thread 0x000002290f7ad370 flushing  nmethod 0x0000022928169d90
Event: 1090.242 Thread 0x000002290f7ad370 flushing  nmethod 0x000002292874ec10
Event: 1090.242 Thread 0x000002290f7ad370 flushing  nmethod 0x0000022928827290
Event: 1090.242 Thread 0x000002290f7ad370 flushing  nmethod 0x000002292887f490
Event: 1090.242 Thread 0x000002290f7ad370 flushing  nmethod 0x000002291ff73290
Event: 1090.242 Thread 0x000002290f7ad370 flushing  nmethod 0x000002291ffe1210
Event: 1090.242 Thread 0x000002290f7ad370 flushing  nmethod 0x000002292001d690
Event: 1090.242 Thread 0x000002290f7ad370 flushing  nmethod 0x00000229201af210
Event: 1090.242 Thread 0x000002290f7ad370 flushing  nmethod 0x0000022920553590
Event: 1090.242 Thread 0x000002290f7ad370 flushing  nmethod 0x0000022920621990
Event: 1090.242 Thread 0x000002290f7ad370 flushing  nmethod 0x0000022920623890
Event: 1090.242 Thread 0x000002290f7ad370 flushing  nmethod 0x00000229207ea910
Event: 1090.242 Thread 0x000002290f7ad370 flushing  nmethod 0x00000229207fa910
Event: 1090.242 Thread 0x000002290f7ad370 flushing  nmethod 0x000002292081b990
Event: 1090.242 Thread 0x000002290f7ad370 flushing  nmethod 0x000002292086f610
Event: 1090.242 Thread 0x000002290f7ad370 flushing  nmethod 0x000002292107bc90
Event: 1090.242 Thread 0x000002290f7ad370 flushing  nmethod 0x000002292107da90

Events (20 events):
Event: 1113.847 Thread 0x0000022900e5abe0 Thread exited: 0x0000022900e5abe0
Event: 1114.001 Thread 0x00000229b501e4e0 Thread exited: 0x00000229b501e4e0
Event: 1114.848 Thread 0x00000229000a04c0 Thread added: 0x0000022900e5abe0
Event: 1114.849 Thread 0x0000022900e5abe0 Thread exited: 0x0000022900e5abe0
Event: 1115.849 Thread 0x00000229000a04c0 Thread added: 0x0000022900e5b900
Event: 1115.850 Thread 0x0000022900e5b900 Thread exited: 0x0000022900e5b900
Event: 1116.850 Thread 0x00000229000a04c0 Thread added: 0x00000229b501e4e0
Event: 1116.851 Thread 0x00000229b501e4e0 Thread exited: 0x00000229b501e4e0
Event: 1117.851 Thread 0x00000229000a04c0 Thread added: 0x0000022900e5abe0
Event: 1117.852 Thread 0x0000022900e5abe0 Thread exited: 0x0000022900e5abe0
Event: 1118.853 Thread 0x00000229000a04c0 Thread added: 0x0000022900e5abe0
Event: 1118.854 Thread 0x0000022900e5abe0 Thread exited: 0x0000022900e5abe0
Event: 1119.853 Thread 0x00000229000a04c0 Thread added: 0x00000229b2ebb6f0
Event: 1119.854 Thread 0x00000229b2ebb6f0 Thread exited: 0x00000229b2ebb6f0
Event: 1120.852 Thread 0x00000229000a04c0 Thread added: 0x000002299648f700
Event: 1120.853 Thread 0x000002299648f700 Thread exited: 0x000002299648f700
Event: 1120.854 Thread 0x00000229000a04c0 Thread added: 0x0000022996490420
Event: 1120.855 Thread 0x0000022996490420 Thread exited: 0x0000022996490420
Event: 1121.855 Thread 0x00000229000a04c0 Thread added: 0x00000229964924f0
Event: 1121.857 Thread 0x00000229964924f0 Thread exited: 0x00000229964924f0


Dynamic libraries:
0x00007ff722af0000 - 0x00007ff722af8000 	C:\AMDDesignTools\2025.2\Vivado\bin\unwrapped\win64.o\vivado.exe
0x00007ffd5d000000 - 0x00007ffd5d267000 	C:\WINDOWS\SYSTEM32\ntdll.dll
0x00007ffd5c450000 - 0x00007ffd5c519000 	C:\WINDOWS\System32\KERNEL32.DLL
0x00007ffd59de0000 - 0x00007ffd5a1d4000 	C:\WINDOWS\System32\KERNELBASE.dll
0x00007ffd56dd0000 - 0x00007ffd56e6f000 	C:\WINDOWS\SYSTEM32\apphelp.dll
0x00007ffd5a1e0000 - 0x00007ffd5a32b000 	C:\WINDOWS\System32\ucrtbase.dll
0x00007ffd48c40000 - 0x00007ffd48cd2000 	C:\WINDOWS\SYSTEM32\MSVCP140.dll
0x00007ffd48d10000 - 0x00007ffd48d29000 	C:\WINDOWS\SYSTEM32\VCRUNTIME140.dll
0x00007ffd48860000 - 0x00007ffd4886c000 	C:\WINDOWS\SYSTEM32\VCRUNTIME140_1.dll
0x00007ffd51c80000 - 0x00007ffd51cb3000 	C:\AMDDesignTools\2025.2\Vivado\lib\win64.o\xv_commonmain.dll
0x00007ffd533f0000 - 0x00007ffd533fc000 	C:\AMDDesignTools\2025.2\Vivado\lib\win64.o\xv_commonversion.dll
0x00007ffd51c50000 - 0x00007ffd51c7a000 	C:\AMDDesignTools\2025.2\Vivado\lib\win64.o\boost_filesystem.dll
0x00007ffd5ce80000 - 0x00007ffd5cf36000 	C:\WINDOWS\System32\ADVAPI32.dll
0x00007ffd5cc00000 - 0x00007ffd5cca9000 	C:\WINDOWS\System32\msvcrt.dll
0x00007ffd5adb0000 - 0x00007ffd5ae57000 	C:\WINDOWS\System32\sechost.dll
0x00007ffd5c650000 - 0x00007ffd5c768000 	C:\WINDOWS\System32\RPCRT4.dll
0x00007ffcab100000 - 0x00007ffcab359000 	C:\AMDDesignTools\2025.2\Vivado\lib\win64.o\xv_commonxillic.dll
0x00007ffd5b970000 - 0x00007ffd5b9f0000 	C:\WINDOWS\System32\WS2_32.dll
0x00007ffd5ccb0000 - 0x00007ffd5ce75000 	C:\WINDOWS\System32\USER32.dll
0x00007ffd59c30000 - 0x00007ffd59c57000 	C:\WINDOWS\System32\win32u.dll
0x00007ffd5b800000 - 0x00007ffd5b82b000 	C:\WINDOWS\System32\GDI32.dll
0x00007ffd5a330000 - 0x00007ffd5a45b000 	C:\WINDOWS\System32\gdi32full.dll
0x00007ffd59980000 - 0x00007ffd59a23000 	C:\WINDOWS\System32\msvcp_win.dll
0x00007ffc8fc50000 - 0x00007ffc9039b000 	C:\AMDDesignTools\2025.2\Vivado\tps\win64\python-3.13.0\python313.dll
0x00007ffcaaf30000 - 0x00007ffcab0f5000 	C:\AMDDesignTools\2025.2\Vivado\lib\win64.o\tcl86t.dll
0x00007ffd56d50000 - 0x00007ffd56d5a000 	C:\WINDOWS\SYSTEM32\WSOCK32.dll
0x00007ffc8bbb0000 - 0x00007ffc8cc3e000 	C:\AMDDesignTools\2025.2\Vivado\lib\win64.o\xv_isl_iostreams.dll
0x00007ffc8f930000 - 0x00007ffc8fc46000 	C:\AMDDesignTools\2025.2\Vivado\lib\win64.o\libXil_lmgr11.dll
0x00007ffd5c530000 - 0x00007ffd5c61f000 	C:\WINDOWS\System32\COMDLG32.dll
0x00007ffd5b380000 - 0x00007ffd5b702000 	C:\WINDOWS\System32\combase.dll
0x00007ffd5ba00000 - 0x00007ffd5baf8000 	C:\WINDOWS\System32\shcore.dll
0x00007ffd5b310000 - 0x00007ffd5b376000 	C:\WINDOWS\System32\SHLWAPI.dll
0x00007ffd5a520000 - 0x00007ffd5ad88000 	C:\WINDOWS\System32\Windows.Storage.dll
0x00007ffd5bb00000 - 0x00007ffd5c267000 	C:\WINDOWS\System32\SHELL32.dll
0x00007ffd59ac0000 - 0x00007ffd59c2a000 	C:\WINDOWS\System32\wintypes.dll
0x00007ffd5b050000 - 0x00007ffd5b128000 	C:\WINDOWS\System32\OLEAUT32.dll
0x00007ffd5aeb0000 - 0x00007ffd5b047000 	C:\WINDOWS\System32\ole32.dll
0x00007ffd59a30000 - 0x00007ffd59ab2000 	C:\WINDOWS\System32\WINTRUST.dll
0x00007ffd59c60000 - 0x00007ffd59dd7000 	C:\WINDOWS\System32\CRYPT32.dll
0x00007ffd32820000 - 0x00007ffd32964000 	C:\AMDDesignTools\2025.2\Vivado\lib\win64.o\boost_regex.dll
0x00007ffd597c0000 - 0x00007ffd597ea000 	C:\WINDOWS\SYSTEM32\bcrypt.dll
0x00007ffd50da0000 - 0x00007ffd50dab000 	C:\WINDOWS\SYSTEM32\VERSION.dll
0x00007ffd48530000 - 0x00007ffd4854a000 	C:\WINDOWS\SYSTEM32\NETAPI32.dll
0x00007ffd58c80000 - 0x00007ffd58cb3000 	C:\WINDOWS\SYSTEM32\USERENV.dll
0x00007ffd51c20000 - 0x00007ffd51c4a000 	C:\AMDDesignTools\2025.2\Vivado\lib\win64.o\zlib1.dll
0x00007ffd51c00000 - 0x00007ffd51c1c000 	C:\AMDDesignTools\2025.2\Vivado\lib\win64.o\xv_isl_iosutils.dll
0x00007ffd34cd0000 - 0x00007ffd34cf7000 	C:\AMDDesignTools\2025.2\Vivado\lib\win64.o\boost_thread.dll
0x00007ffd35810000 - 0x00007ffd3582a000 	C:\AMDDesignTools\2025.2\Vivado\lib\win64.o\boost_date_time.dll
0x00007ffd334f0000 - 0x00007ffd33511000 	C:\AMDDesignTools\2025.2\Vivado\lib\win64.o\boost_iostreams.dll
0x00007ffd3f160000 - 0x00007ffd3f215000 	C:\WINDOWS\WinSxS\amd64_microsoft.windows.common-controls_6595b64144ccf1df_5.82.26100.8115_none_87ecef177a2e8a19\COMCTL32.dll
0x00007ffd529a0000 - 0x00007ffd529c5000 	C:\WINDOWS\SYSTEM32\dhcpcsvc.DLL
0x00007ffc8cc40000 - 0x00007ffc8e3fa000 	C:\AMDDesignTools\2025.2\Vivado\lib\win64.o\xv_common.dll
0x00007ffd58980000 - 0x00007ffd589c7000 	C:\WINDOWS\SYSTEM32\LOGONCLI.DLL
0x00007ffd48960000 - 0x00007ffd48bf5000 	C:\WINDOWS\SYSTEM32\WININET.dll
0x00007ffd52700000 - 0x00007ffd5282d000 	C:\WINDOWS\SYSTEM32\WINHTTP.dll
0x00007ffd40980000 - 0x00007ffd40b5f000 	C:\WINDOWS\SYSTEM32\urlmon.dll
0x00007ffc8ae00000 - 0x00007ffc8bbab000 	C:\AMDDesignTools\2025.2\Vivado\lib\win64.o\xv_common_protobuf.dll
0x00007ffd334c0000 - 0x00007ffd334e4000 	C:\AMDDesignTools\2025.2\Vivado\lib\win64.o\librdizlib.dll
0x00007ffd326c0000 - 0x00007ffd32756000 	C:\AMDDesignTools\2025.2\Vivado\lib\win64.o\boost_program_options.dll
0x00007ffd327f0000 - 0x00007ffd32815000 	C:\AMDDesignTools\2025.2\Vivado\lib\win64.o\xv_isl_sysinfo.dll
0x00007ffd4a750000 - 0x00007ffd4a760000 	C:\AMDDesignTools\2025.2\Vivado\lib\win64.o\xv_boost_xilinx.dll
0x00007ffd33400000 - 0x00007ffd334b2000 	C:\AMDDesignTools\2025.2\Vivado\lib\win64.o\libzstd.dll
0x00007ffd333e0000 - 0x00007ffd333fc000 	C:\AMDDesignTools\2025.2\Vivado\lib\win64.o\librdiconfig.dll
0x00007ffd10fd0000 - 0x00007ffd11067000 	C:\AMDDesignTools\2025.2\Vivado\lib\win64.o\libhdxml.dll
0x00007ffc8a940000 - 0x00007ffc8adf2000 	C:\AMDDesignTools\2025.2\Vivado\lib\win64.o\xv_COIN-all.dll
0x00007ffd322d0000 - 0x00007ffd322ed000 	C:\AMDDesignTools\2025.2\Vivado\lib\win64.o\pthreadVC2.dll
0x00007ffd0fa00000 - 0x00007ffd0fa78000 	C:\AMDDesignTools\2025.2\Vivado\lib\win64.o\xv_lmx.dll
0x00007ffd3c3c0000 - 0x00007ffd3c3ed000 	C:\WINDOWS\SYSTEM32\VCOMP140.DLL
0x00007ffd402f0000 - 0x00007ffd405b4000 	C:\WINDOWS\SYSTEM32\iertutil.dll
0x00007ffd57ff0000 - 0x00007ffd57ffd000 	C:\WINDOWS\SYSTEM32\NETUTILS.DLL
0x00007ffd41140000 - 0x00007ffd41169000 	C:\WINDOWS\SYSTEM32\srvcli.dll
0x00007ffd57fa0000 - 0x00007ffd57fbb000 	C:\WINDOWS\SYSTEM32\SAMCLI.DLL
0x00007ffd0f970000 - 0x00007ffd0f9f2000 	C:\AMDDesignTools\2025.2\Vivado\lib\win64.o\libhdlpsolve.dll
0x00007ffc8f680000 - 0x00007ffc8f92d000 	C:\AMDDesignTools\2025.2\Vivado\lib\win64.o\xerces-c_3_3.dll
0x00007ffc88a20000 - 0x00007ffc8a937000 	C:\AMDDesignTools\2025.2\Vivado\lib\win64.o\gurobi90.dll
0x00007ffd5c3d0000 - 0x00007ffd5c442000 	C:\WINDOWS\System32\WLDAP32.dll
0x00007ffd5c520000 - 0x00007ffd5c528000 	C:\WINDOWS\System32\Normaliz.dll
0x00007ffd58bd0000 - 0x00007ffd58c3c000 	C:\WINDOWS\SYSTEM32\MSWSOCK.DLL
0x00007ffd5ae60000 - 0x00007ffd5ae92000 	C:\WINDOWS\System32\IMM32.DLL
0x00007ffd58f20000 - 0x00007ffd58f33000 	C:\WINDOWS\SYSTEM32\MSASN1.dll
0x00007ffd58ec0000 - 0x00007ffd58edb000 	C:\WINDOWS\SYSTEM32\CRYPTSP.dll
0x00007ffd58590000 - 0x00007ffd585c9000 	C:\WINDOWS\system32\rsaenh.dll
0x00007ffd58eb0000 - 0x00007ffd58ebc000 	C:\WINDOWS\SYSTEM32\CRYPTBASE.dll
0x00007ffd598d0000 - 0x00007ffd59975000 	C:\WINDOWS\System32\bcryptPrimitives.dll
0x00007ffd58640000 - 0x00007ffd5865b000 	C:\WINDOWS\SYSTEM32\kernel.appcore.dll
0x00007ffd5b880000 - 0x00007ffd5b8a0000 	C:\WINDOWS\System32\imagehlp.dll
0x00007ffc88310000 - 0x00007ffc88a14000 	C:\AMDDesignTools\2025.2\Vivado\lib\win64.o\xv_commontasks.dll
0x00007ffc87580000 - 0x00007ffc8830f000 	C:\AMDDesignTools\2025.2\Vivado\tps\win64\jre21.0.5_11\bin\server\jvm.dll
0x00007ffd4cdd0000 - 0x00007ffd4ce06000 	C:\WINDOWS\SYSTEM32\WINMM.dll
0x00007ffd59730000 - 0x00007ffd5978e000 	C:\WINDOWS\SYSTEM32\POWRPROF.dll
0x00007ffc87070000 - 0x00007ffc87570600 	C:\AMDDesignTools\2025.2\Vivado\lib\win64.o\xv_sio.dll
0x00007ffd58010000 - 0x00007ffd58042000 	C:\WINDOWS\SYSTEM32\IPHLPAPI.DLL
0x00007ffd59710000 - 0x00007ffd59724000 	C:\WINDOWS\SYSTEM32\UMPDC.dll
0x00007ffd58c40000 - 0x00007ffd58c70000 	C:\WINDOWS\SYSTEM32\gpapi.dll
0x00007ffd50d60000 - 0x00007ffd50d9b000 	C:\Windows\System32\cryptnet.dll
0x00007ffd597f0000 - 0x00007ffd59819000 	C:\WINDOWS\SYSTEM32\profapi.dll
0x00007ffd56f80000 - 0x00007ffd56f8e000 	C:\WINDOWS\SYSTEM32\WINNSI.DLL
0x00007ffd5ad90000 - 0x00007ffd5ad9a000 	C:\WINDOWS\System32\NSI.dll
0x00007ffd58900000 - 0x00007ffd58949000 	C:\WINDOWS\SYSTEM32\SspiCli.dll
0x00007ffd38ab0000 - 0x00007ffd38ac8000 	C:\WINDOWS\system32\napinsp.dll
0x00007ffd58050000 - 0x00007ffd58182000 	C:\WINDOWS\SYSTEM32\DNSAPI.dll
0x00007ffd38a90000 - 0x00007ffd38aa3000 	C:\WINDOWS\System32\winrnr.dll
0x00007ffd38a60000 - 0x00007ffd38a82000 	C:\WINDOWS\system32\nlansp_c.dll
0x00007ffd52260000 - 0x00007ffd52276000 	C:\WINDOWS\system32\wshbth.dll
0x0000000057130000 - 0x0000000057156000 	C:\Program Files\Bonjour\mdnsNSP.dll
0x00007ffd52a60000 - 0x00007ffd52a7b000 	C:\WINDOWS\SYSTEM32\wkscli.dll
0x00007ffd3b810000 - 0x00007ffd3b823000 	C:\WINDOWS\SYSTEM32\cscapi.dll
0x00007ffc82e30000 - 0x00007ffc87067000 	C:\AMDDesignTools\2025.2\Vivado\lib\win64.o\xv_tcltasks.dll
0x00007ffcb5520000 - 0x00007ffcb5607000 	C:\AMDDesignTools\2025.2\Vivado\lib\win64.o\xv_xhubtasks.dll
0x00007ffc7ffe0000 - 0x00007ffc802ef000 	C:\AMDDesignTools\2025.2\Vivado\lib\win64.o\xv_projectvivado.dll
0x00007ffc82290000 - 0x00007ffc82e2c000 	C:\AMDDesignTools\2025.2\Vivado\lib\win64.o\xv_project.dll
0x00007ffc7f140000 - 0x00007ffc7ffd2000 	C:\AMDDesignTools\2025.2\Vivado\lib\win64.o\xv_power.dll
0x00007ffc802f0000 - 0x00007ffc82282000 	C:\AMDDesignTools\2025.2\Vivado\lib\win64.o\xv_implflow.dll
0x00007ffc747a0000 - 0x00007ffc74d55000 	C:\AMDDesignTools\2025.2\Vivado\lib\win64.o\xv_dfximpl.dll
0x00007ffc74d60000 - 0x00007ffc75a51000 	C:\AMDDesignTools\2025.2\Vivado\lib\win64.o\xv_lopt.dll
0x00007ffc740d0000 - 0x00007ffc74799000 	C:\AMDDesignTools\2025.2\Vivado\lib\win64.o\xv_runs.dll
0x00007ffc73e60000 - 0x00007ffc740c8600 	C:\AMDDesignTools\2025.2\Vivado\lib\win64.o\xv_checkpoint.dll
0x00007ffcb1370000 - 0x00007ffcb14df000 	C:\AMDDesignTools\2025.2\Vivado\lib\win64.o\xv_chipscope.dll
0x00007ffc7baf0000 - 0x00007ffc7f137000 	C:\AMDDesignTools\2025.2\Vivado\lib\win64.o\xv_route.dll
0x00007ffc73bd0000 - 0x00007ffc73e5c000 	C:\AMDDesignTools\2025.2\Vivado\lib\win64.o\xv_chipscopeimpl.dll
0x00007ffc72ef0000 - 0x00007ffc73bc9000 	C:\AMDDesignTools\2025.2\Vivado\lib\win64.o\xv_rsb.dll
0x00007ffc6f370000 - 0x00007ffc6fe89000 	C:\AMDDesignTools\2025.2\Vivado\lib\win64.o\xv_drc.dll
0x00007ffc6d520000 - 0x00007ffc6da08000 	C:\AMDDesignTools\2025.2\Vivado\lib\win64.o\xv_vsta.dll
0x00007ffc6d030000 - 0x00007ffc6d513000 	C:\AMDDesignTools\2025.2\Vivado\lib\win64.o\xv_dlyest.dll
0x00007ffcb1d90000 - 0x00007ffcb1ea0000 	C:\AMDDesignTools\2025.2\Vivado\lib\win64.o\xv_dsp.dll
0x00007ffc6da10000 - 0x00007ffc6f364000 	C:\AMDDesignTools\2025.2\Vivado\lib\win64.o\xv_timing.dll
0x00007ffc6fe90000 - 0x00007ffc72ee7000 	C:\AMDDesignTools\2025.2\Vivado\lib\win64.o\xv_mig.dll
0x00007ffc75a60000 - 0x00007ffc7bae2000 	C:\AMDDesignTools\2025.2\Vivado\lib\win64.o\xv_place.dll

dbghelp: loaded successfully - version: 4.0.5 - missing functions: none
symbol engine: initialized successfully - sym options: 0x614 - pdb path: .;C:\AMDDesignTools\2025.2\Vivado\bin\unwrapped\win64.o;C:\WINDOWS\SYSTEM32;C:\AMDDesignTools\2025.2\Vivado\lib\win64.o;C:\AMDDesignTools\2025.2\Vivado\tps\win64\python-3.13.0;C:\WINDOWS\WinSxS\amd64_microsoft.windows.common-controls_6595b64144ccf1df_5.82.26100.8115_none_87ecef177a2e8a19;C:\AMDDesignTools\2025.2\Vivado\tps\win64\jre21.0.5_11\bin\server;C:\Program Files\Bonjour;C:\AMDDesignTools\2025.2\Vivado\tps\win64\jre21.0.5_11\bin;C:\WINDOWS\WinSxS\amd64_microsoft.windows.common-controls_6595b64144ccf1df_6.0.26100.8115_none_3e075c82e3354f9c

VM Arguments:
jvm_args: -Dsun.java2d.pmoffscreen=false -Dhttps.protocols=TLSv1,TLSv1.1,TLSv1.2 -Dsun.java2d.xrender=false -Dsun.java2d.d3d=false -Dsun.awt.nopixfmt=true -Dsun.java2d.dpiaware=true -Dsun.java2d.uiScale.enabled=false -Dswing.aatext=true -XX:-UsePerfData -Djdk.map.althashing.threshold=512 -XX:StringTableSize=4072 -XX:+UseStringDeduplication -XX:MaxGCPauseMillis=200 -XX:ParallelGCThreads=4 -XX:+ParallelRefProcEnabled --add-opens=java.desktop/javax.swing.plaf.synth=ALL-UNNAMED --add-opens=java.base/java.nio=ALL-UNNAMED --add-opens=java.desktop/sun.swing=ALL-UNNAMED --add-opens=java.desktop/javax.swing=ALL-UNNAMED --add-opens=java.desktop/javax.swing.tree=ALL-UNNAMED --add-opens=java.desktop/javax.swing.plaf.basic=ALL-UNNAMED --add-opens=java.desktop/javax.swing.plaf.synth=ALL-UNNAMED --add-opens=java.desktop/javax.swing.plaf.basic=ALL-UNNAMED --add-opens=java.desktop/javax.swing=ALL-UNNAMED --add-opens=java.desktop/javax.swing.tree=ALL-UNNAMED --add-opens=java.desktop/java.awt.event=ALL-UNNAMED --add-exports=java.desktop/javax.swing.plaf.synth=ALL-UNNAMED --add-exports=java.base/java.nio=ALL-UNNAMED --add-exports=java.desktop/sun.swing=ALL-UNNAMED --add-exports=java.desktop/javax.swing=ALL-UNNAMED --add-exports=java.desktop/javax.swing.tree=ALL-UNNAMED --add-exports=java.desktop/javax.swing.plaf.basic=ALL-UNNAMED --add-exports=java.desktop/sun.swing=ALL-UNNAMED --add-exports=java.desktop/sun.swing.table=ALL-UNNAMED --add-exports=java.desktop/sun.swing.plaf.synth=ALL-UNNAMED --add-exports=java.desktop/sun.awt.shell=ALL-UNNAMED --add-exports=java.base/sun.security.action=ALL-UNNAMED --add-exports=java.desktop/sun.font=ALL-UNNAMED -XX:NewSize=80m -XX:MaxNewSize=80m -Xms812m -Xmx6144m -Xss10m 
java_command: <unknown>
java_class_path (initial): C:/AMDDesignTools/2025.2/Vivado\lib\classes\animal-sniffer-annotations-1.21.jar;C:/AMDDesignTools/2025.2/Vivado\lib\classes\annotations-4.1.1.4.jar;C:/AMDDesignTools/2025.2/Vivado\lib\classes\antlrall.jar;C:/AMDDesignTools/2025.2/Vivado\lib\classes\apiguardian-api-1.1.0.jar;C:/AMDDesignTools/2025.2/Vivado\lib\classes\autoesl-models-1.0.0-105.jar;C:/AMDDesignTools/2025.2/Vivado\lib\classes\batik-anim-1.0.0-105.jar;C:/AMDDesignTools/2025.2/Vivado\lib\classes\batik-awt-util-1.0.0-105.jar;C:/AMDDesignTools/2025.2/Vivado\lib\classes\batik-bridge-1.0.0-105.jar;C:/AMDDesignTools/2025.2/Vivado\lib\classes\batik-codec-1.0.0-105.jar;C:/AMDDesignTools/2025.2/Vivado\lib\classes\batik-constants-1.0.0-105.jar;C:/AMDDesignTools/2025.2/Vivado\lib\classes\batik-css-1.0.0-105.jar;C:/AMDDesignTools/2025.2/Vivado\lib\classes\batik-dom-1.0.0-105.jar;C:/AMDDesignTools/2025.2/Vivado\lib\classes\batik-ext-1.0.0-105.jar;C:/AMDDesignTools/2025.2/Vivado\lib\classes\batik-gui-util-1.0.0-105.jar;C:/AMDDesignTools/2025.2/Vivado\lib\classes\batik-gvt-1.0.0-105.jar;C:/AMDDesignTools/2025.2/Vivado\lib\classes\batik-i18n-1.0.0-105.jar;C:/AMDDesignTools/2025.2/Vivado\lib\classes\batik-parser-1.0.0-105.jar;C:/AMDDesignTools/2025.2/Vivado\lib\classes\batik-script-1.0.0-105.jar;C:/AMDDesignTools/2025.2/Vivado\lib\classes\batik-svg-dom-1.0.0-105.jar;C:/AMDDesignTools/2025.2/Vivado\lib\classes\batik-svggen-1.0.0-105.jar;C:/AMDDesignTools/2025.2/Vivado\lib\classes\batik-swing-1.0.0-105.jar;C:/AMDDesignTools/2025.2/Vivado\lib\classes\batik-transcoder-1.0.0-105.jar;C:/AMDDesignTools/2025.2/Vivado\lib\classes\batik-util-1.0.0-105.jar;C:/AMDDesignTools/2025.2/Vivado\lib\classes\batik-xml-1.0.0-105.jar;C:/AMDDesignTools/2025.2/Vivado\lib\classes\checker-qual-3.12.0.jar;C:/AMDDesignTools/2025.2/Vivado\lib\classes\com.fasterxml.jackson.core.jackson-annotations_2.12.1.v20210128-1726-1.0.0-105.jar;C:/AMDDesignTools/2025.2/Vivado\lib\classes\com.fasterxml.jackson.core.jackson-core_2.12.1.v20210128-1726-1.0.0-105.jar;C:/AMDDesignTools/2025.2/Vivado\lib\classes\com.fasterxml.jackson.core.jackson-databind_2.12.1.v20210128-1726-1.0.0-105.jar;C:/AMDDesignTools/2025.2/Vivado\lib\classes\commons-collections4-4.1-3.8.0-105.jar;C:/AMDDesignTools/2025.2/Vivado\lib\classes\commons-compress-1.21-3.8.0-105.jar;C:/AMDDesignTools/2025.2/Vivado\lib\classes\commons-io-2.6.jar;C:/AMDDesignTools/2025.2/Vivado\lib\classes\commons-math-2.2-3.8.0-105.jar;C:/AMDDesignTools/2025.2/Vivado\lib\classes\DispatchProtocol-1.24.0-665.jar;C:/AMDDesignTools/2025.2/Vivado\lib\classes\error_prone_annotations-2.18.0.jar;C:/AMDDesignTools/2025.2/Vivado\lib\classes\failureaccess-1.0.1.jar;C:/AMDDesignTools/2025.2/Vivado\lib\classes\frank_frameworks-1.0.0-665.jar;C:/AMDDesignTools/2025.2/Vivado\lib\classes\grpc-api-1.54.1.jar;C:/AMDDesignTools/2025.2/Vivado\lib\classes\grpc-context-1.54.1.jar;C:/AMDDesignTools/2025.2/Vivado\lib\classes\grpc-core-1.54.1.jar;C:/AMDDesignTools/2025.2/Vivado\lib\classes\grpc-netty-shaded-1.54.1.jar;C:/AMDDesignTools/2025.2/Vivado\lib\classes\grpc-protobuf-1.54.1.jar;C:/AMDDesignTools/2025.2/Vivado\lib\classes\grpc-protobuf-lite-1.54.1.jar;C:/AMDDesignTools/2025.2/Vivado\lib\classes\grpc-stub-1.54.1.jar;C:/AMDDesignTools/2025.2/Vivado\lib\classes\gson-2.9.0.jar;C:/AMDDesignTools/2025.2/Vivado\lib\classes\guava-31.1-android.jar;C:/AMDDesignTools/2025.2/Vivado\lib\classes\help-1.24.0-409.jar;C:/AMDDesignTools/2025.2/Vivado\lib\classes\j2objc-annotations-1.3.jar;C:/AMDDesignTools/2025.2/Vivado\lib\classes\javax.annotation-api-1.3.2.jar;C:/AMDDesignTools/2025.2/Vivado\lib\classes\jaxb-api-2.3.0.jar;C:/AMDDesignTools/2025.2/Vivado\lib\classes\jericho-html-3.4-1.0.0-105.jar;C:/AMDDesignTools/2025.2/Vivado\lib\classes\jh-2.0.05-105.jar;C:/AMDDesignTools/2025.2/Vivado\lib\classes\jide-action-3.8.0-105.jar;C:/AMDDesignTools/2025.2/Vivado\lib\classes\jide-charts-3.8.0-105.jar;C:/AMDDesignTools/2025.2/Vivado\lib\classes\jide-common-3.8.0-105.jar;C:/AMDDesignTools/2025.2/Vivado\lib\classes\jide-components-3.8.0-105.jar;C:/AMDDesignTools/2025.2/Vivado\lib\classes\jide-dashboard-3.8.0-105.jar;C:/AMDDesignTools/2025.2/Vivado\lib\classes\jide-data-3.8.0-105.jar;C:/AMDDesignTools/2025.2/Vivado\lib\classes\jide-dialogs-3.8.0-105.jar;C:/AMDDesignTools/2025.2/Vivado\lib\classes\jide-diff-3.8.0-105.jar;C:/AMDDesignTools/2025.2/Vivado\lib\classes\jide-dock-3.8.0-105.jar;C:/AMDDesignTools/2025.2/Vivado\lib\classes\jide-editor-3.8.0-105.jar;C:/AMDDesignTools/2025.2/Vivado\lib\classes\jide-gantt-3.8.0-105.jar;C:/AMDDesignTools/2025.2/Vivado\lib\classes\jide-grids-3.8.0-105.jar;C:/AMDDesignTools/2025.2/Vivado\lib\classes\jide-pivot-3.8.0-105.jar;C:/AMDDesignTools/2025.2/Vivado\lib\classes\jide-plaf-jdk7-3.8.0-105.jar;C:/AMDDesignTools/2025.2/Vivado\lib\classes\jide-properties-3.8.0-105.jar;C:/AMDDesignTools/2025.2/Vivado\lib\classes\jide-shortcut-3.8.0-105.jar;C:/AMDDesignTools/2025.2/Vivado\lib\classes\jide-treemap-3.8.0-105.jar;C:/AMDDesignTools/2025.2/Vivado\lib\classes\JRCClient-1.24.0-665.jar;C:/AMDDesignTools/2025.2/Vivado\lib\classes\jsr305-3.0.2.jar;C:/AMDDesignTools/2025.2/Vivado\lib\classes\junit-jupiter-api-5.6.2.jar;C:/AMDDesignTools/2025.2/Vivado\lib\classes\junit-platform-commons-1.6.2.jar;C:/AMDDesignTools/2025.2/Vivado\lib\classes\jydocking-3.3.1-105.jar;C:/AMDDesignTools/2025.2/Vivado\lib\classes\jytable-3.3.1-105.jar;C:/AMDDesignTools/2025.2/Vivado\lib\classes\jywidgets-3.3.1-105.jar;C:/AMDDesignTools/2025.2/Vivado\lib\classes\listenablefuture-9999.0-empty-to-avoid-conflict-with-guava.jar;C:/AMDDesignTools/2025.2/Vivado\lib\classes\logback-classic-1.4.7.jar;C:/AMDDesignTools/2025.2/Vivado\lib\classes\logback-core-1.4.7.jar;C:/AMDDesignTools/2025.2/Vivado\lib\classes\lucene-core-4.10.2-3.8.0-105.jar;C:/AMDDesignTools/2025.2/Vivado\lib\classes\lucene-queryparser-4.10.2-3.8.0-105.jar;C:/AMDDesignTools/2025.2/Vivado\lib\classes\miglayout-3.7.3.1.jar;C:/AMDDesignTools/2025.2/Vivado\lib\classes\nlview_java-1.0.0-105.jar;C:/AMDDesignTools/2025.2/Vivado\lib\classes\opentest4j-1.2.0.jar;C:/AMDDesignTools/2025.2/Vivado\lib\classes\org.apache.commons.lang_2.6.0.v201404270220-1.0.0-105.jar;C:/AMDDesignTools/2025.2/Vivado\lib\classes\org.eclipse.core.commands-3.6.0-1.0.0-105.jar;C:/AMDDesignTools/2025.2/Vivado\lib\classes\org.eclipse.core.filesystem_1.7.400.v20190518-1151-1.0.0-105.jar;C:/AMDDesignTools/2025.2/Vivado\lib\classes\org.eclipse.core.jobs_3.10.400.v20190506-1457-1.0.0-105.jar;C:/AMDDesignTools/2025.2/Vivado\lib\classes\org.eclipse.core.resources_3.13.400.v20190505-1655-1.0.0-105.jar;C:/AMDDesignTools/2025.2/Vivado\lib\classes\org.eclipse.emf.common_2.18.0.v20191225-1014-1.0.0-105.jar;C:/AMDDesignTools/2025.2/Vivado\lib\classes\org.eclipse.emf.ecore.xmi_2.16.0.v20190528-0725-1.0.0-105.jar;C:/AMDDesignTools/2025.2/Vivado\lib\classes\org.eclipse.emf.ecore_2.21.0.v20200127-1342-1.0.0-105.jar;C:/AMDDesignTools/2025.2/Vivado\lib\classes\org.eclipse.equinox.common_3.11.0.v20200206-0817-1.0.0-105.jar;C:/AMDDesignTools/2025.2/Vivado\lib\classes\org.eclipse.equinox.registry_3.8.400.v20190516-1504-1.0.0-105.jar;C:/AMDDesignTools/2025.2/Vivado\lib\classes\org.eclipse.xtext.util_2.18.0.v20190603-1042-1.0.0-105.jar;C:/AMDDesignTools/2025.2/Vivado\lib\classes\perfmark-api-0.25.0.jar;C:/AMDDesignTools/2025.2/Vivado\lib\classes\picocli-4.1.2.jar;C:/AMDDesignTools/2025.2/Vivado\lib\classes\planAhead.jar;C:/AMDDesignTools/2025.2/Vivado\lib\classes\poi-4.1.1-3.8.0-105.jar;C:/AMDDesignTools/2025.2/Vivado\lib\classes\poi-ooxml-4.1.1-3.8.0-105.jar;C:/AMDDesignTools/2025.2/Vivado\lib\classes\poi-ooxml-schemas-4.1.1-3.8.0-105.jar;C:/AMDDesignTools/2025.2/Vivado\lib\classes\proto-google-common-protos-2.9.0.jar;C:/AMDDesignTools/2025.2/Vivado\lib\classes\protobuf-java-3.21.12.jar;C:/AMDDesignTools/2025.2/Vivado\lib\classes\protobuf-java-util-3.21.12.jar;C:/AMDDesignTools/2025.2/Vivado\lib\classes\RuleService-1.24.0-665.jar;C:/AMDDesignTools/2025.2/Vivado\lib\classes\slf4j-api-2.0.7.jar;C:/AMDDesignTools/2025.2/Vivado\lib\classes\swingx-core-1.6.2-105.jar;C:/AMDDesignTools/2025.2/Vivado\lib\classes\synthetica-3.3.1-105.jar;C:/AMDDesignTools/2025.2/Vivado\lib\classes\syntheticaAddons-3.3.1-105.jar;C:/AMDDesignTools/2025.2/Vivado\lib\classes\syntheticaDark-3.3.1-105.jar;C:/AMDDesignTools/2025.2/Vivado\lib\classes\syntheticaPlain-3.3.1-105.jar;C:/AMDDesignTools/2025.2/Vivado\lib\classes\syntheticaPlainAddon-3.3.1-105.jar;C:/AMDDesignTools/2025.2/Vivado\lib\classes\sysgen.jar;C:/AMDDesignTools/2025.2/Vivado\lib\classes\va-shared-1.0.0-665.jar;C:/AMDDesignTools/2025.2/Vivado\lib\classes\VlmGUI.jar;C:/AMDDesignTools/2025.2/Vivado\lib\classes\xml-apis-ext-1.0.0-105.jar;C:/AMDDesignTools/2025.2/Vivado\lib\classes\xmlbeans-3.1.0-3.8.0-105.jar;C:/AMDDesignTools/2025.2/Vivado\lib\classes\xmlgraphics-commons-1.0.0-105.jar;C:/AMDDesignTools/2025.2/Vivado\lib\classes\yfiles-for-java-swing-3.3.0-105.jar;C:/AMDDesignTools/2025.2/Vivado\lib\classes\windows\gluegen-rt-95.0.4638.69.jar;C:/AMDDesignTools/2025.2/Vivado\lib\classes\windows\gluegen-rt-natives-windows-amd64-95.0.4638.69.jar;C:/AMDDesignTools/2025.2/Vivado\lib\classes\windows\javafx-swt-21.0.5.jar;C:/AMDDesignTools/2025.2/Vivado\lib\classes\windows\javafx.base-21.0.5.jar;C:/AMDDesignTools/2025.2/Vivado\lib\classes\windows\javafx.controls-21.0.5.jar;C:/AMDDesignTools/2025.2/Vivado\lib\classes\windows\javafx.fxml-21.0.5.jar;C:/AMDDesignTools/2025.2/Vivado\lib\classes\windows\javafx.graphics-21.0.5.jar;C:/AMDDesignTools/2025.2/Vivado\lib\classes\windows\javafx.media-21.0.5.jar;C:/AMDDesignTools/2025.2/Vivado\lib\classes\windows\javafx.swing-21.0.5.jar;C:/AMDDesignTools/2025.2/Vivado\lib\classes\windows\javafx.web-21.0.5.jar;C:/AMDDesignTools/2025.2/Vivado\lib\classes\windows\jogl-all-95.0.4638.69.jar;C:/AMDDesignTools/2025.2/Vivado\lib\classes\windows\jogl-all-natives-windows-amd64-95.0.4638.69.jar
Launcher Type: generic

[Global flags]
     intx CICompilerCount                          = 12                                        {product} {ergonomic}
     uint ConcGCThreads                            = 1                                         {product} {ergonomic}
     uint G1ConcRefinementThreads                  = 4                                         {product} {ergonomic}
   size_t G1HeapRegionSize                         = 4194304                                   {product} {ergonomic}
    uintx GCDrainStackTargetSize                   = 64                                        {product} {ergonomic}
   size_t InitialHeapSize                          = 851443712                                 {product} {command line}
   size_t MarkStackSize                            = 4194304                                   {product} {ergonomic}
    uintx MaxGCPauseMillis                         = 200                                       {product} {command line}
   size_t MaxHeapSize                              = 6442450944                                {product} {command line}
   size_t MaxNewSize                               = 83886080                                  {product} {command line}
   size_t MinHeapDeltaBytes                        = 4194304                                   {product} {ergonomic}
   size_t MinHeapSize                              = 851443712                                 {product} {command line}
   size_t NewSize                                  = 83886080                                  {product} {command line}
    uintx NonNMethodCodeHeapSize                   = 7602480                                {pd product} {ergonomic}
    uintx NonProfiledCodeHeapSize                  = 122027880                              {pd product} {ergonomic}
     uint ParallelGCThreads                        = 4                                         {product} {command line}
     bool ParallelRefProcEnabled                   = true                                      {product} {command line}
    uintx ProfiledCodeHeapSize                     = 122027880                              {pd product} {ergonomic}
    uintx ReservedCodeCacheSize                    = 251658240                              {pd product} {ergonomic}
     bool SegmentedCodeCache                       = true                                      {product} {ergonomic}
   size_t SoftMaxHeapSize                          = 6442450944                             {manageable} {ergonomic}
    uintx StringTableSize                          = 4072                                      {product} {command line}
     intx ThreadStackSize                          = 10240                                  {pd product} {command line}
     bool UseCompressedOops                        = true                           {product lp64_product} {ergonomic}
     bool UseG1GC                                  = true                                      {product} {ergonomic}
     bool UseLargePagesIndividualAllocation        = false                                  {pd product} {ergonomic}
     bool UsePerfData                              = false                                     {product} {command line}
     bool UseStringDeduplication                   = true                                      {product} {command line}

Logging:
Log output configuration:
 #0: stdout all=warning uptime,level,tags foldmultilines=false
 #1: stderr all=off uptime,level,tags foldmultilines=false

Environment Variables:
PATH=C:/AMDDesignTools/2025.2/Vivado\tps\win64\python-3.13.0;C:/AMDDesignTools/2025.2/Vivado\tps\win64\python-3.13.0\bin;C:/AMDDesignTools/2025.2/Vivado\tps\win64\python-3.13.0\lib;C:/AMDDesignTools/2025.2/Vivado\tps\win64\python-3.13.0\lib\site-packages;C:/AMDDesignTools/2025.2/Vivado\gnuwin\bin;C:/AMDDesignTools/2025.2/Vivado\gnu\microblaze\nt\bin;C:/AMDDesignTools/2025.2/Vivado/bin;C:/AMDDesignTools/2025.2/Vivado\tps\win64;C:/AMDDesignTools/2025.2/Vivado/tps/win64/java-cef-95.0.4638.69/bin/lib/win64;C:/AMDDesignTools/2025.2/Vivado/tps/win64/javafx-sdk-21.0.5/lib;C:/AMDDesignTools/2025.2/Vivado/tps/win64/javafx-sdk-21.0.5/bin;C:/AMDDesignTools/2025.2/Vivado/lib/win64.o;C:/AMDDesignTools/2025.2/Vivado/tps/win64/jre21.0.5_11/bin/server;C:/AMDDesignTools/2025.2/Vivado/tps/win64/jre21.0.5_11/bin;C:/AMDDesignTools/2025.2/Vitis/bin;C:/AMDDesignTools/2025.2/Vivado/ids_lite/ISE/bin/nt64;C:/AMDDesignTools/2025.2/Vivado/ids_lite/ISE/lib/nt64;C:\Program Files (x86)\NVIDIA Corporation\PhysX\Common;C:\WINDOWS\system32;C:\WINDOWS;C:\WINDOWS\System32\Wbem;C:\WINDOWS\System32\WindowsPowerShell\v1.0\;C:\WINDOWS\System32\OpenSSH\;C:\Program Files\MATLAB\R2025b\runtime\win64;C:\Program Files\MATLAB\R2025b\bin;C:\Program Files\Microsoft SQL Server\Client SDK\ODBC\170\Tools\Binn\;C:\Program Files (x86)\Microsoft SQL Server\150\Tools\Binn\;C:\Program Files\Microsoft SQL Server\150\Tools\Binn\;C:\Program Files\Microsoft SQL Server\150\DTS\Binn\;C:\Program Files (x86)\Windows Kits\8.1\Windows Performance Toolkit\;C:\Program Files\Git\cmd;C:\Users\jim32\AppData\Local\Programs\Python\Python314\Scripts\;C:\Users\jim32\AppData\Local\Programs\Python\Python314\;C:\Users\jim32\AppData\Local\Programs\Python\Launcher\;C:\Users\jim32\AppData\Local\Microsoft\WindowsApps;C:\Users\jim32\AppData\Local\Microsoft\WinGet\Packages\BrechtSanders.WinLibs.POSIX.UCRT.LLVM_Microsoft.Winget.Source_8wekyb3d8bbwe\mingw64\bin;C:\Users\jim32\AppData\Local\Programs\Microsoft VS Code\bin;C:/AMDDesignTools/2025.2/Vivado\tps\mingw\6.2.0\win64.o\nt\bin;C:/AMDDesignTools/2025.2/Vivado\tps\mingw\6.2.0\win64.o\nt\libexec\gcc\x86_64-w64-mingw32\6.2.0
USERNAME=jim32
OS=Windows_NT
PROCESSOR_IDENTIFIER=AMD64 Family 23 Model 96 Stepping 1, AuthenticAMD
TMP=C:\Users\jim32\AppData\Local\Temp
TEMP=C:\Users\jim32\AppData\Local\Temp




Periodic native trim disabled

---------------  S Y S T E M  ---------------

OS:
 Windows 11 , 64 bit Build 26100 (10.0.26100.8246)
OS uptime: 5 days 21:10 hours
Hyper-V role detected

CPU: total 16 (initial active 16) (16 cores per cpu, 2 threads per core) family 23 model 96 stepping 1 microcode 0x8600106, cx8, cmov, fxsr, ht, mmx, 3dnowpref, sse, sse2, sse3, ssse3, sse4a, sse4.1, sse4.2, popcnt, lzcnt, tsc, tscinvbit, avx, avx2, aes, clmul, bmi1, bmi2, adx, sha, fma, vzeroupper, clflush, clflushopt, hv, rdtscp, rdpid, f16c
Processor Information for processor 0
  Max Mhz: 2900, Current Mhz: 2900, Mhz Limit: 2900
Processor Information for processor 1
  Max Mhz: 2900, Current Mhz: 2900, Mhz Limit: 2900
Processor Information for processor 2
  Max Mhz: 2900, Current Mhz: 2900, Mhz Limit: 2900
Processor Information for processor 3
  Max Mhz: 2900, Current Mhz: 2900, Mhz Limit: 2900
Processor Information for processor 4
  Max Mhz: 2900, Current Mhz: 2900, Mhz Limit: 2900
Processor Information for processor 5
  Max Mhz: 2900, Current Mhz: 2900, Mhz Limit: 2900
Processor Information for processor 6
  Max Mhz: 2900, Current Mhz: 2900, Mhz Limit: 2900
Processor Information for processor 7
  Max Mhz: 2900, Current Mhz: 2900, Mhz Limit: 2900
Processor Information for processor 8
  Max Mhz: 2900, Current Mhz: 2900, Mhz Limit: 2900
Processor Information for processor 9
  Max Mhz: 2900, Current Mhz: 2900, Mhz Limit: 2900
Processor Information for processor 10
  Max Mhz: 2900, Current Mhz: 1400, Mhz Limit: 2900
Processor Information for processor 11
  Max Mhz: 2900, Current Mhz: 1400, Mhz Limit: 2900
Processor Information for processor 12
  Max Mhz: 2900, Current Mhz: 1400, Mhz Limit: 2900
Processor Information for processor 13
  Max Mhz: 2900, Current Mhz: 1400, Mhz Limit: 2900
Processor Information for processor 14
  Max Mhz: 2900, Current Mhz: 1400, Mhz Limit: 2900
Processor Information for processor 15
  Max Mhz: 2900, Current Mhz: 1400, Mhz Limit: 2900

Memory: 4k page, system-wide physical 15741M (2280M free)
TotalPageFile size 23933M (AvailPageFile size 3106M)
current process WorkingSet (physical memory assigned to process): 1722M, peak: 1722M
current process commit charge ("private bytes"): 2343M, peak: 2367M

vm_info: OpenJDK 64-Bit Server VM (21.0.5+11-LTS) for windows-amd64 JRE (21.0.5+11-LTS), built on 2024-10-15T00:00:00Z by "admin" with MS VC++ 17.7 (VS2022)

END.
